=== main_FC.sh started 2026-07-01 00:13:37 — logging to logs/main_FC_20260701_001337.log ===
=== [2026-07-01 00:13:37] budget=0.005 ===
[2026-07-01 00:13:40] device=cuda
[2026-07-01 00:13:40] hyperparams: {'dataset': 'CIFAR10', 'data_path': '/home/mmoslem3/scratch/data', 'model': 'VGG13BN', 'out_dir': 'result/standard_nodistill', 'seed': 0, 'target_idx_file': None, 'dsa_strategy': 'color_crop_cutout_flip_scale_rotate', 'syn_data_path': 'result/res_DM_CIFAR10_ConvNet_50ipc.pt', 'surrogate_model': 'VGG13BN', 'num_surrogates': 4, 'surrogate_epochs': 80, 'surrogate_lr': 0.01, 'surrogate_bs': 256, 'attack': 'fc', 'class_pairs': ['dog-bird'], 'budget': 0.005, 'epsilon': 0.0313725, 'pgd_steps': 100, 'pgd_alpha': 0.0039216, 'restarts': 1, 'lambda_margin': 1.0, 'num_targets': 10, 'num_victims': 5, 'target_select': 'random', 'easy_targets': True, 'target_cache_dir': 'result/target_cache', 'parallel_victims': False, 'victim_epochs': 40, 'victim_lr': 0.1, 'victim_bs': 256, 'victim_decay': [35], 'victim_aug': False, 'clean_baseline': False, 'num_clean_victims': None, 'cache_dir': '', 'precompute_only': False, 'base_dist': 'l2', 'random_select': False, 'multilayer': True, 'curv_select': False, 'lambda_curv': 1.0, 'curv_damping': 1.0, 'curv_cg_iters': 10, 'curv_hessian_bs': 512, 'curv_cand_bs': 128, 'exact_select': True, 'if_damping': 0.01, 'if_cg_iters': 100, 'if_cg_tol': 0.0001, 'if_fd_h': 0.01, 'if_last_layer': False, 'if_hess_source': 'syn', 'if_hess_size': 512, 'if_max_surrogates': 1, 'verbose': True, 'single_surrogate': True, 'fast_gradmatch': False, 'surrogate_on_full_data': True, 'victim_pipelines': ['standard'], 'poison_cache_dir': '', 'log_file': ''}
[2026-07-01 00:13:40] victim pipelines (ablations): ['standard']
[2026-07-01 00:13:52] N_total=50000  budget=0.0050 -> N_p=250 poisons (all in y_adv class)

[2026-07-01 00:13:52] === training 4 surrogates (VGG13BN) on FULL real data (80 ep each) ===
[2026-07-01 00:16:52] Evaluate_00: epoch = 0080 train time = 178 s train loss = 0.000006 train acc = 1.0000, test acc = 0.8611
[2026-07-01 00:19:52] Evaluate_01: epoch = 0080 train time = 178 s train loss = 0.000009 train acc = 1.0000, test acc = 0.8520
[2026-07-01 00:22:51] Evaluate_02: epoch = 0080 train time = 178 s train loss = 0.000005 train acc = 1.0000, test acc = 0.8596
[2026-07-01 00:25:51] Evaluate_03: epoch = 0080 train time = 178 s train loss = 0.000005 train acc = 1.0000, test acc = 0.8589
[2026-07-01 00:25:51] exact-IF Hessian set = 512 real train images

[2026-07-01 00:25:51] ################ pair dog-bird : y_adv=5(dog)  target_class=2(bird) ################
  targets (easy, loaded cache result/target_cache/easy_targets_VGG13BN_dog-bird_n10_seed0.json): [(2632, 'cat'), (2804, 'cat'), (740, 'bird'), (9375, 'cat'), (1723, 'bird'), (9035, 'deer'), (3387, 'cat'), (5290, 'cat'), (8219, 'cat'), (4547, 'cat')]
      [exact] CG iters used per surrogate: [22]
  [dog-bird t1/10 idx=2632] fc craft_obj=0.0720 linf=0.0314
    [standard] victims: v1 done, v2 done, v3 done, v4 done, v5 done
    [standard | dog-bird t1/10 idx=2632] poison_CTA=0.8487 poison_ASR=100%
      [exact] CG iters used per surrogate: [22]
  [dog-bird t2/10 idx=2804] fc craft_obj=0.0790 linf=0.0314
    [standard] victims: v1 done, v2 done, v3 done, v4 done, v5 done
    [standard | dog-bird t2/10 idx=2804] poison_CTA=0.8439 poison_ASR=100%
      [exact] CG iters used per surrogate: [22]
  [dog-bird t3/10 idx=740] fc craft_obj=0.0745 linf=0.0314
    [standard] victims: v1 done, v2 done, v3 done, v4 done, v5 done
    [standard | dog-bird t3/10 idx=740] poison_CTA=0.8472 poison_ASR=60%
      [exact] CG iters used per surrogate: [23]
  [dog-bird t4/10 idx=9375] fc craft_obj=0.0701 linf=0.0314
    [standard] victims: v1 done, v2 done, v3 done, v4 done, v5 done
    [standard | dog-bird t4/10 idx=9375] poison_CTA=0.8502 poison_ASR=80%
      [exact] CG iters used per surrogate: [22]
  [dog-bird t5/10 idx=1723] fc craft_obj=0.0725 linf=0.0314
    [standard] victims: v1 done, v2 done, v3 done, v4 done, v5 done
    [standard | dog-bird t5/10 idx=1723] poison_CTA=0.8393 poison_ASR=40%
      [exact] CG iters used per surrogate: [22]
  [dog-bird t6/10 idx=9035] fc craft_obj=0.0772 linf=0.0314
    [standard] victims: v1 done, v2 done, v3 done, v4 done, v5 done
    [standard | dog-bird t6/10 idx=9035] poison_CTA=0.8472 poison_ASR=20%
      [exact] CG iters used per surrogate: [23]
  [dog-bird t7/10 idx=3387] fc craft_obj=0.0738 linf=0.0314
    [standard] victims: v1 done, v2 done, v3 done, v4 done, v5 done
    [standard | dog-bird t7/10 idx=3387] poison_CTA=0.8340 poison_ASR=60%
      [exact] CG iters used per surrogate: [23]
  [dog-bird t8/10 idx=5290] fc craft_obj=0.0672 linf=0.0314
    [standard] victims: v1 done, v2 done, v3 done, v4 done, v5 done
    [standard | dog-bird t8/10 idx=5290] poison_CTA=0.8451 poison_ASR=80%
      [exact] CG iters used per surrogate: [22]
  [dog-bird t9/10 idx=8219] fc craft_obj=0.0843 linf=0.0314
    [standard] victims: v1 done, v2 done, v3 done, v4 done, v5 done
    [standard | dog-bird t9/10 idx=8219] poison_CTA=0.8416 poison_ASR=40%
      [exact] CG iters used per surrogate: [22]
  [dog-bird t10/10 idx=4547] fc craft_obj=0.0759 linf=0.0314
    [standard] victims: v1 done, v2 done, v3 done, v4 done, v5 done
    [standard | dog-bird t10/10 idx=4547] poison_CTA=0.8466 poison_ASR=80%

  ==== pair dog-bird (fc) summary over 10 targets x 5 victims = 50 votes ====
    [standard                    ] poison CTA = 0.8444 +/- 0.0102   poison ASR = 66.0% +/- 47.4%
      tally (['airplane', 'automobile', 'bird', 'cat', 'deer', 'dog', 'frog', 'horse', 'ship', 'truck']): [0, 0, 1, 6, 5, 33, 3, 2, 0, 0]

[2026-07-01 01:40:57] wrote results_standard_nodistill_fc_VGG13BN_b50_eps8.{json,csv} to result/standard_nodistill
main_FC.sh: line 72: syntax error near unexpected token `||'
main_FC.sh: line 72: `(|| C_x^T H^-1 g_t ||_1 leverage)'

=== main_FC.sh started 2026-07-01 00:14:43 — logging to logs/main_FC_20260701_001443.log ===
=== [2026-07-01 00:14:43] budget=0.002 ===
[2026-07-01 00:14:50] device=cuda
[2026-07-01 00:14:50] hyperparams: {'dataset': 'CIFAR10', 'data_path': '/home/mmoslem3/scratch/data', 'model': 'VGG13BN', 'out_dir': 'result/standard_nodistill', 'seed': 0, 'target_idx_file': None, 'dsa_strategy': 'color_crop_cutout_flip_scale_rotate', 'syn_data_path': 'result/res_DM_CIFAR10_ConvNet_50ipc.pt', 'surrogate_model': 'VGG13BN', 'num_surrogates': 4, 'surrogate_epochs': 80, 'surrogate_lr': 0.01, 'surrogate_bs': 256, 'attack': 'fc', 'class_pairs': ['dog-bird'], 'budget': 0.002, 'epsilon': 0.0313725, 'pgd_steps': 100, 'pgd_alpha': 0.0039216, 'restarts': 1, 'lambda_margin': 1.0, 'num_targets': 10, 'num_victims': 5, 'target_select': 'random', 'easy_targets': True, 'target_cache_dir': 'result/target_cache', 'parallel_victims': False, 'victim_epochs': 40, 'victim_lr': 0.1, 'victim_bs': 256, 'victim_decay': [35], 'victim_aug': False, 'clean_baseline': False, 'num_clean_victims': None, 'cache_dir': '', 'precompute_only': False, 'base_dist': 'l2', 'random_select': False, 'multilayer': True, 'curv_select': False, 'lambda_curv': 1.0, 'curv_damping': 1.0, 'curv_cg_iters': 10, 'curv_hessian_bs': 512, 'curv_cand_bs': 128, 'exact_select': True, 'if_damping': 0.01, 'if_cg_iters': 100, 'if_cg_tol': 0.0001, 'if_fd_h': 0.01, 'if_last_layer': False, 'if_hess_source': 'syn', 'if_hess_size': 512, 'if_max_surrogates': 1, 'verbose': True, 'single_surrogate': True, 'fast_gradmatch': False, 'surrogate_on_full_data': True, 'victim_pipelines': ['standard'], 'poison_cache_dir': '', 'log_file': ''}
[2026-07-01 00:14:50] victim pipelines (ablations): ['standard']
[2026-07-01 00:15:02] N_total=50000  budget=0.0020 -> N_p=100 poisons (all in y_adv class)

[2026-07-01 00:15:02] === training 4 surrogates (VGG13BN) on FULL real data (80 ep each) ===
[2026-07-01 00:18:02] Evaluate_00: epoch = 0080 train time = 178 s train loss = 0.000005 train acc = 1.0000, test acc = 0.8577
[2026-07-01 00:21:01] Evaluate_01: epoch = 0080 train time = 178 s train loss = 0.000005 train acc = 1.0000, test acc = 0.8583
[2026-07-01 00:24:00] Evaluate_02: epoch = 0080 train time = 178 s train loss = 0.000005 train acc = 1.0000, test acc = 0.8553
[2026-07-01 00:27:00] Evaluate_03: epoch = 0080 train time = 178 s train loss = 0.000005 train acc = 1.0000, test acc = 0.8545
[2026-07-01 00:27:00] exact-IF Hessian set = 512 real train images

[2026-07-01 00:27:00] ################ pair dog-bird : y_adv=5(dog)  target_class=2(bird) ################
  targets (easy, loaded cache result/target_cache/easy_targets_VGG13BN_dog-bird_n10_seed0.json): [(2632, 'cat'), (2804, 'cat'), (740, 'bird'), (9375, 'cat'), (1723, 'bird'), (9035, 'deer'), (3387, 'cat'), (5290, 'cat'), (8219, 'cat'), (4547, 'cat')]
      [exact] CG iters used per surrogate: [21]
  [dog-bird t1/10 idx=2632] fc craft_obj=0.0662 linf=0.0314
    [standard] victims: v1 done, v2 done, v3 done, v4 done, v5 done
    [standard | dog-bird t1/10 idx=2632] poison_CTA=0.8502 poison_ASR=60%
      [exact] CG iters used per surrogate: [21]
  [dog-bird t2/10 idx=2804] fc craft_obj=0.0693 linf=0.0314
    [standard] victims: v1 done, v2 done, v3 done, v4 done, v5 done
    [standard | dog-bird t2/10 idx=2804] poison_CTA=0.8448 poison_ASR=80%
      [exact] CG iters used per surrogate: [21]
  [dog-bird t3/10 idx=740] fc craft_obj=0.0773 linf=0.0314
    [standard] victims: v1 done, v2 done, v3 done, v4 done, v5 done
    [standard | dog-bird t3/10 idx=740] poison_CTA=0.8427 poison_ASR=20%
      [exact] CG iters used per surrogate: [20]
  [dog-bird t4/10 idx=9375] fc craft_obj=0.0668 linf=0.0314
    [standard] victims: v1 done, v2 done, v3 done, v4 done, v5 done
    [standard | dog-bird t4/10 idx=9375] poison_CTA=0.8403 poison_ASR=80%
      [exact] CG iters used per surrogate: [21]
  [dog-bird t5/10 idx=1723] fc craft_obj=0.0688 linf=0.0314
    [standard] victims: v1 done, v2 done, v3 done, v4 done, v5 done
    [standard | dog-bird t5/10 idx=1723] poison_CTA=0.8529 poison_ASR=80%
      [exact] CG iters used per surrogate: [20]
  [dog-bird t6/10 idx=9035] fc craft_obj=0.0656 linf=0.0314
    [standard] victims: v1 done, v2 done, v3 done, v4 done, v5 done
    [standard | dog-bird t6/10 idx=9035] poison_CTA=0.8450 poison_ASR=20%
      [exact] CG iters used per surrogate: [21]
  [dog-bird t7/10 idx=3387] fc craft_obj=0.0758 linf=0.0314
    [standard] victims: v1 done, v2 done, v3 done, v4 done, v5 done
    [standard | dog-bird t7/10 idx=3387] poison_CTA=0.8510 poison_ASR=60%
      [exact] CG iters used per surrogate: [21]
  [dog-bird t8/10 idx=5290] fc craft_obj=0.0796 linf=0.0314
    [standard] victims: v1 done, v2 done, v3 done, v4 done, v5 done
    [standard | dog-bird t8/10 idx=5290] poison_CTA=0.8488 poison_ASR=80%
      [exact] CG iters used per surrogate: [21]
  [dog-bird t9/10 idx=8219] fc craft_obj=0.0771 linf=0.0314
    [standard] victims: v1 done, v2 done, v3 done, v4 done, v5 done
    [standard | dog-bird t9/10 idx=8219] poison_CTA=0.8426 poison_ASR=60%
      [exact] CG iters used per surrogate: [20]
  [dog-bird t10/10 idx=4547] fc craft_obj=0.0759 linf=0.0314
    [standard] victims: v1 done, v2 done, v3 done, v4 done, v5 done
    [standard | dog-bird t10/10 idx=4547] poison_CTA=0.8488 poison_ASR=80%

  ==== pair dog-bird (fc) summary over 10 targets x 5 victims = 50 votes ====
    [standard                    ] poison CTA = 0.8467 +/- 0.0114   poison ASR = 62.0% +/- 48.5%
      tally (['airplane', 'automobile', 'bird', 'cat', 'deer', 'dog', 'frog', 'horse', 'ship', 'truck']): [0, 0, 6, 7, 3, 31, 0, 3, 0, 0]

[2026-07-01 01:42:00] wrote results_standard_nodistill_fc_VGG13BN_b20_eps8.{json,csv} to result/standard_nodistill
main_FC.sh: line 72: -curv_select: command not found
main_FC.sh: line 73: syntax error near unexpected token `done'
main_FC.sh: line 73: `done'


=== main_FC.sh started 2026-07-01 00:15:30 — logging to logs/main_FC_20260701_001530.log ===
=== [2026-07-01 00:15:30] budget=0.001 ===
[2026-07-01 00:15:37] device=cuda
[2026-07-01 00:15:37] hyperparams: {'dataset': 'CIFAR10', 'data_path': '/home/mmoslem3/scratch/data', 'model': 'VGG13BN', 'out_dir': 'result/standard_nodistill', 'seed': 0, 'target_idx_file': None, 'dsa_strategy': 'color_crop_cutout_flip_scale_rotate', 'syn_data_path': 'result/res_DM_CIFAR10_ConvNet_50ipc.pt', 'surrogate_model': 'VGG13BN', 'num_surrogates': 4, 'surrogate_epochs': 80, 'surrogate_lr': 0.01, 'surrogate_bs': 256, 'attack': 'fc', 'class_pairs': ['dog-bird'], 'budget': 0.001, 'epsilon': 0.0313725, 'pgd_steps': 100, 'pgd_alpha': 0.0039216, 'restarts': 1, 'lambda_margin': 1.0, 'num_targets': 10, 'num_victims': 5, 'target_select': 'random', 'easy_targets': True, 'target_cache_dir': 'result/target_cache', 'parallel_victims': False, 'victim_epochs': 40, 'victim_lr': 0.1, 'victim_bs': 256, 'victim_decay': [35], 'victim_aug': False, 'clean_baseline': False, 'num_clean_victims': None, 'cache_dir': '', 'precompute_only': False, 'base_dist': 'l2', 'random_select': False, 'multilayer': True, 'curv_select': False, 'lambda_curv': 1.0, 'curv_damping': 1.0, 'curv_cg_iters': 10, 'curv_hessian_bs': 512, 'curv_cand_bs': 128, 'exact_select': True, 'if_damping': 0.01, 'if_cg_iters': 100, 'if_cg_tol': 0.0001, 'if_fd_h': 0.01, 'if_last_layer': False, 'if_hess_source': 'syn', 'if_hess_size': 512, 'if_max_surrogates': 1, 'verbose': True, 'single_surrogate': True, 'fast_gradmatch': False, 'surrogate_on_full_data': True, 'victim_pipelines': ['standard'], 'poison_cache_dir': '', 'log_file': ''}
[2026-07-01 00:15:37] victim pipelines (ablations): ['standard']
[2026-07-01 00:15:50] N_total=50000  budget=0.0010 -> N_p=50 poisons (all in y_adv class)

[2026-07-01 00:15:50] === training 4 surrogates (VGG13BN) on FULL real data (80 ep each) ===
[2026-07-01 00:18:50] Evaluate_00: epoch = 0080 train time = 179 s train loss = 0.000008 train acc = 1.0000, test acc = 0.8544
[2026-07-01 00:21:50] Evaluate_01: epoch = 0080 train time = 178 s train loss = 0.000005 train acc = 1.0000, test acc = 0.8574
[2026-07-01 00:24:50] Evaluate_02: epoch = 0080 train time = 178 s train loss = 0.000006 train acc = 1.0000, test acc = 0.8596
[2026-07-01 00:27:50] Evaluate_03: epoch = 0080 train time = 178 s train loss = 0.000006 train acc = 1.0000, test acc = 0.8565
[2026-07-01 00:27:50] exact-IF Hessian set = 512 real train images

[2026-07-01 00:27:50] ################ pair dog-bird : y_adv=5(dog)  target_class=2(bird) ################
  targets (easy, loaded cache result/target_cache/easy_targets_VGG13BN_dog-bird_n10_seed0.json): [(2632, 'cat'), (2804, 'cat'), (740, 'bird'), (9375, 'cat'), (1723, 'bird'), (9035, 'deer'), (3387, 'cat'), (5290, 'cat'), (8219, 'cat'), (4547, 'cat')]
      [exact] CG iters used per surrogate: [32]
  [dog-bird t1/10 idx=2632] fc craft_obj=0.0621 linf=0.0314
    [standard] victims: v1 done, v2 done, v3 done, v4 done, v5 done
    [standard | dog-bird t1/10 idx=2632] poison_CTA=0.8419 poison_ASR=80%
      [exact] CG iters used per surrogate: [33]
  [dog-bird t2/10 idx=2804] fc craft_obj=0.0656 linf=0.0314
    [standard] victims: v1 done, v2 done, v3 done, v4 done, v5 done
    [standard | dog-bird t2/10 idx=2804] poison_CTA=0.8475 poison_ASR=80%
      [exact] CG iters used per surrogate: [33]
  [dog-bird t3/10 idx=740] fc craft_obj=0.0705 linf=0.0314
    [standard] victims: v1 done, v2 done, v3 done, v4 done, v5 done
    [standard | dog-bird t3/10 idx=740] poison_CTA=0.8511 poison_ASR=20%
      [exact] CG iters used per surrogate: [33]
  [dog-bird t4/10 idx=9375] fc craft_obj=0.0645 linf=0.0314
    [standard] victims: v1 done, v2 done, v3 done, v4 done, v5 done
    [standard | dog-bird t4/10 idx=9375] poison_CTA=0.8484 poison_ASR=20%
      [exact] CG iters used per surrogate: [32]
  [dog-bird t5/10 idx=1723] fc craft_obj=0.0701 linf=0.0314
    [standard] victims: v1 done, v2 done, v3 done, v4 done, v5 done
    [standard | dog-bird t5/10 idx=1723] poison_CTA=0.8430 poison_ASR=60%
      [exact] CG iters used per surrogate: [33]
  [dog-bird t6/10 idx=9035] fc craft_obj=0.0642 linf=0.0314
    [standard] victims: v1 done, v2 done, v3 done, v4 done, v5 done
    [standard | dog-bird t6/10 idx=9035] poison_CTA=0.8485 poison_ASR=60%
      [exact] CG iters used per surrogate: [31]
  [dog-bird t7/10 idx=3387] fc craft_obj=0.0632 linf=0.0314
    [standard] victims: v1 done, v2 done, v3 done, v4 done, v5 done
    [standard | dog-bird t7/10 idx=3387] poison_CTA=0.8557 poison_ASR=20%
      [exact] CG iters used per surrogate: [32]
  [dog-bird t8/10 idx=5290] fc craft_obj=0.0722 linf=0.0314
    [standard] victims: v1 done, v2 done, v3 done, v4 done, v5 done
    [standard | dog-bird t8/10 idx=5290] poison_CTA=0.8483 poison_ASR=100%
      [exact] CG iters used per surrogate: [31]
  [dog-bird t9/10 idx=8219] fc craft_obj=0.0746 linf=0.0314
    [standard] victims: v1 done, v2 done, v3 done, v4 done, v5 done
    [standard | dog-bird t9/10 idx=8219] poison_CTA=0.8477 poison_ASR=0%
      [exact] CG iters used per surrogate: [82]
  [dog-bird t10/10 idx=4547] fc craft_obj=0.0760 linf=0.0314
    [standard] victims: v1 done, v2 done, v3 done, v4 done, v5 done
    [standard | dog-bird t10/10 idx=4547] poison_CTA=0.8503 poison_ASR=60%

  ==== pair dog-bird (fc) summary over 10 targets x 5 victims = 50 votes ====
    [standard                    ] poison CTA = 0.8482 +/- 0.0089   poison ASR = 50.0% +/- 50.0%
      tally (['airplane', 'automobile', 'bird', 'cat', 'deer', 'dog', 'frog', 'horse', 'ship', 'truck']): [0, 0, 3, 10, 5, 25, 4, 3, 0, 0]

[2026-07-01 01:43:18] wrote results_standard_nodistill_fc_VGG13BN_b10_eps8.{json,csv} to result/standard_nodistill
main_FC.sh: line 72: -curv_select: command not found
main_FC.sh: line 73: syntax error near unexpected token `done'
main_FC.sh: line 73: `done'


=== main_FC.sh started 2026-07-01 00:16:26 — logging to logs/main_FC_20260701_001626.log ===
=== [2026-07-01 00:16:26] budget=0.005 ===
[2026-07-01 00:16:29] --parallel_victims set but <2 GPUs in CUDA_VISIBLE_DEVICES ('0'); running victims sequentially
[2026-07-01 00:16:29] device=cuda
[2026-07-01 00:16:29] hyperparams: {'dataset': 'CIFAR10', 'data_path': '/home/mmoslem3/scratch/data', 'model': 'VGG13BN', 'out_dir': 'result/standard_nodistill', 'seed': 0, 'target_idx_file': None, 'dsa_strategy': 'color_crop_cutout_flip_scale_rotate', 'syn_data_path': 'result/res_DM_CIFAR10_ConvNet_50ipc.pt', 'surrogate_model': 'VGG13BN', 'num_surrogates': 4, 'surrogate_epochs': 80, 'surrogate_lr': 0.01, 'surrogate_bs': 256, 'attack': 'fc', 'class_pairs': ['dog-bird'], 'budget': 0.005, 'epsilon': 0.0313725, 'pgd_steps': 100, 'pgd_alpha': 0.0039216, 'restarts': 1, 'lambda_margin': 1.0, 'num_targets': 10, 'num_victims': 5, 'target_select': 'random', 'easy_targets': True, 'target_cache_dir': 'result/target_cache', 'parallel_victims': True, 'victim_epochs': 40, 'victim_lr': 0.1, 'victim_bs': 256, 'victim_decay': [35], 'victim_aug': False, 'clean_baseline': False, 'num_clean_victims': None, 'cache_dir': '', 'precompute_only': False, 'base_dist': 'l2', 'random_select': True, 'multilayer': True, 'curv_select': False, 'lambda_curv': 1.0, 'curv_damping': 1.0, 'curv_cg_iters': 10, 'curv_hessian_bs': 512, 'curv_cand_bs': 128, 'exact_select': False, 'if_damping': 0.01, 'if_cg_iters': 100, 'if_cg_tol': 0.0001, 'if_fd_h': 0.01, 'if_last_layer': False, 'if_hess_source': 'syn', 'if_hess_size': 0, 'if_max_surrogates': 0, 'verbose': False, 'single_surrogate': True, 'fast_gradmatch': False, 'surrogate_on_full_data': True, 'victim_pipelines': ['standard'], 'poison_cache_dir': '', 'log_file': ''}
[2026-07-01 00:16:29] victim pipelines (ablations): ['standard']
[2026-07-01 00:16:41] N_total=50000  budget=0.0050 -> N_p=250 poisons (all in y_adv class)

[2026-07-01 00:16:41] === training 4 surrogates (VGG13BN) on FULL real data (80 ep each) ===
[2026-07-01 00:19:41] Evaluate_00: epoch = 0080 train time = 178 s train loss = 0.000005 train acc = 1.0000, test acc = 0.8583
[2026-07-01 00:22:41] Evaluate_01: epoch = 0080 train time = 178 s train loss = 0.000005 train acc = 1.0000, test acc = 0.8608
[2026-07-01 00:25:41] Evaluate_02: epoch = 0080 train time = 179 s train loss = 0.000005 train acc = 1.0000, test acc = 0.8572
[2026-07-01 00:28:42] Evaluate_03: epoch = 0080 train time = 179 s train loss = 0.000005 train acc = 1.0000, test acc = 0.8612

[2026-07-01 00:28:42] ################ pair dog-bird : y_adv=5(dog)  target_class=2(bird) ################
  targets (easy, loaded cache result/target_cache/easy_targets_VGG13BN_dog-bird_n10_seed0.json): [(2632, 'cat'), (2804, 'cat'), (740, 'bird'), (9375, 'cat'), (1723, 'bird'), (9035, 'deer'), (3387, 'cat'), (5290, 'cat'), (8219, 'cat'), (4547, 'cat')]
  [dog-bird t1/10 idx=2632] fc craft_obj=0.0821 linf=0.0314
    [standard] victims: v1 done, v2 done, v3 done, v4 done, v5 done
    [standard | dog-bird t1/10 idx=2632] poison_CTA=0.8463 poison_ASR=80%
  [dog-bird t2/10 idx=2804] fc craft_obj=0.0901 linf=0.0314
    [standard] victims: v1 done, v2 done, v3 done, v4 done, v5 done
    [standard | dog-bird t2/10 idx=2804] poison_CTA=0.8490 poison_ASR=40%
  [dog-bird t3/10 idx=740] fc craft_obj=0.0875 linf=0.0314
    [standard] victims: v1 done, v2 done, v3 done, v4 done, v5 done
    [standard | dog-bird t3/10 idx=740] poison_CTA=0.8503 poison_ASR=0%
  [dog-bird t4/10 idx=9375] fc craft_obj=0.0779 linf=0.0314
    [standard] victims: v1 done, v2 done, v3 done, v4 done, v5 done
    [standard | dog-bird t4/10 idx=9375] poison_CTA=0.8433 poison_ASR=60%
  [dog-bird t5/10 idx=1723] fc craft_obj=0.0834 linf=0.0314
    [standard] victims: v1 done, v2 done, v3 done, v4 done, v5 done
    [standard | dog-bird t5/10 idx=1723] poison_CTA=0.8516 poison_ASR=60%
  [dog-bird t6/10 idx=9035] fc craft_obj=0.0758 linf=0.0314
    [standard] victims: v1 done, v2 done, v3 done, v4 done, v5 done
    [standard | dog-bird t6/10 idx=9035] poison_CTA=0.8511 poison_ASR=80%
  [dog-bird t7/10 idx=3387] fc craft_obj=0.0749 linf=0.0314
    [standard] victims: v1 done, v2 done, v3 done, v4 done, v5 done
    [standard | dog-bird t7/10 idx=3387] poison_CTA=0.8547 poison_ASR=60%
  [dog-bird t8/10 idx=5290] fc craft_obj=0.0882 linf=0.0314
    [standard] victims: v1 done, v2 done, v3 done, v4 done, v5 done
    [standard | dog-bird t8/10 idx=5290] poison_CTA=0.8405 poison_ASR=80%
  [dog-bird t9/10 idx=8219] fc craft_obj=0.0836 linf=0.0314
    [standard] victims: v1 done, v2 done, v3 done, v4 done, v5 done
    [standard | dog-bird t9/10 idx=8219] poison_CTA=0.8502 poison_ASR=60%
  [dog-bird t10/10 idx=4547] fc craft_obj=0.0983 linf=0.0314
    [standard] victims: v1 done, v2 done, v3 done, v4 done, v5 done
    [standard | dog-bird t10/10 idx=4547] poison_CTA=0.8439 poison_ASR=20%

  ==== pair dog-bird (fc) summary over 10 targets x 5 victims = 50 votes ====
    [standard                    ] poison CTA = 0.8481 +/- 0.0086   poison ASR = 54.0% +/- 49.8%
      tally (['airplane', 'automobile', 'bird', 'cat', 'deer', 'dog', 'frog', 'horse', 'ship', 'truck']): [0, 0, 7, 9, 3, 27, 1, 3, 0, 0]

[2026-07-01 01:43:37] wrote results_standard_nodistill_fc_VGG13BN_b50_eps8.{json,csv} to result/standard_nodistill
main_FC.sh: line 72: urv_select: command not found
main_FC.sh: line 73: syntax error near unexpected token `done'
main_FC.sh: line 73: `done'


=== main_FC.sh started 2026-07-01 00:16:52 — logging to logs/main_FC_20260701_001652.log ===
=== [2026-07-01 00:16:52] budget=0.002 ===
[2026-07-01 00:16:59] --parallel_victims set but <2 GPUs in CUDA_VISIBLE_DEVICES ('0'); running victims sequentially
[2026-07-01 00:16:59] device=cuda
[2026-07-01 00:16:59] hyperparams: {'dataset': 'CIFAR10', 'data_path': '/home/mmoslem3/scratch/data', 'model': 'VGG13BN', 'out_dir': 'result/standard_nodistill', 'seed': 0, 'target_idx_file': None, 'dsa_strategy': 'color_crop_cutout_flip_scale_rotate', 'syn_data_path': 'result/res_DM_CIFAR10_ConvNet_50ipc.pt', 'surrogate_model': 'VGG13BN', 'num_surrogates': 4, 'surrogate_epochs': 80, 'surrogate_lr': 0.01, 'surrogate_bs': 256, 'attack': 'fc', 'class_pairs': ['dog-bird'], 'budget': 0.002, 'epsilon': 0.0313725, 'pgd_steps': 100, 'pgd_alpha': 0.0039216, 'restarts': 1, 'lambda_margin': 1.0, 'num_targets': 10, 'num_victims': 5, 'target_select': 'random', 'easy_targets': True, 'target_cache_dir': 'result/target_cache', 'parallel_victims': True, 'victim_epochs': 40, 'victim_lr': 0.1, 'victim_bs': 256, 'victim_decay': [35], 'victim_aug': False, 'clean_baseline': False, 'num_clean_victims': None, 'cache_dir': '', 'precompute_only': False, 'base_dist': 'l2', 'random_select': True, 'multilayer': True, 'curv_select': False, 'lambda_curv': 1.0, 'curv_damping': 1.0, 'curv_cg_iters': 10, 'curv_hessian_bs': 512, 'curv_cand_bs': 128, 'exact_select': False, 'if_damping': 0.01, 'if_cg_iters': 100, 'if_cg_tol': 0.0001, 'if_fd_h': 0.01, 'if_last_layer': False, 'if_hess_source': 'syn', 'if_hess_size': 0, 'if_max_surrogates': 0, 'verbose': False, 'single_surrogate': True, 'fast_gradmatch': False, 'surrogate_on_full_data': True, 'victim_pipelines': ['standard'], 'poison_cache_dir': '', 'log_file': ''}
[2026-07-01 00:16:59] victim pipelines (ablations): ['standard']
[2026-07-01 00:17:12] N_total=50000  budget=0.0020 -> N_p=100 poisons (all in y_adv class)

[2026-07-01 00:17:12] === training 4 surrogates (VGG13BN) on FULL real data (80 ep each) ===
[2026-07-01 00:20:10] Evaluate_00: epoch = 0080 train time = 176 s train loss = 0.000005 train acc = 1.0000, test acc = 0.8580
[2026-07-01 00:23:06] Evaluate_01: epoch = 0080 train time = 175 s train loss = 0.000006 train acc = 1.0000, test acc = 0.8595
[2026-07-01 00:26:03] Evaluate_02: epoch = 0080 train time = 176 s train loss = 0.000005 train acc = 1.0000, test acc = 0.8599
[2026-07-01 00:29:00] Evaluate_03: epoch = 0080 train time = 176 s train loss = 0.000005 train acc = 1.0000, test acc = 0.8600

[2026-07-01 00:29:00] ################ pair dog-bird : y_adv=5(dog)  target_class=2(bird) ################
  targets (easy, loaded cache result/target_cache/easy_targets_VGG13BN_dog-bird_n10_seed0.json): [(2632, 'cat'), (2804, 'cat'), (740, 'bird'), (9375, 'cat'), (1723, 'bird'), (9035, 'deer'), (3387, 'cat'), (5290, 'cat'), (8219, 'cat'), (4547, 'cat')]
  [dog-bird t1/10 idx=2632] fc craft_obj=0.0823 linf=0.0314
    [standard] victims: v1 done, v2 done, v3 done, v4 done, v5 done
    [standard | dog-bird t1/10 idx=2632] poison_CTA=0.8459 poison_ASR=0%
  [dog-bird t2/10 idx=2804] fc craft_obj=0.0816 linf=0.0314
    [standard] victims: v1 done, v2 done, v3 done, v4 done, v5 done
    [standard | dog-bird t2/10 idx=2804] poison_CTA=0.8504 poison_ASR=40%
  [dog-bird t3/10 idx=740] fc craft_obj=0.0889 linf=0.0314
    [standard] victims: v1 done, v2 done, v3 done, v4 done, v5 done
    [standard | dog-bird t3/10 idx=740] poison_CTA=0.8463 poison_ASR=0%
  [dog-bird t4/10 idx=9375] fc craft_obj=0.0864 linf=0.0314
    [standard] victims: v1 done, v2 done, v3 done, v4 done, v5 done
    [standard | dog-bird t4/10 idx=9375] poison_CTA=0.8490 poison_ASR=40%
  [dog-bird t5/10 idx=1723] fc craft_obj=0.0761 linf=0.0314
    [standard] victims: v1 done, v2 done, v3 done, v4 done, v5 done
    [standard | dog-bird t5/10 idx=1723] poison_CTA=0.8355 poison_ASR=80%
  [dog-bird t6/10 idx=9035] fc craft_obj=0.0762 linf=0.0314
    [standard] victims: v1 done, v2 done, v3 done, v4 done, v5 done
    [standard | dog-bird t6/10 idx=9035] poison_CTA=0.8488 poison_ASR=20%
  [dog-bird t7/10 idx=3387] fc craft_obj=0.0849 linf=0.0314
    [standard] victims: v1 done, v2 done, v3 done, v4 done, v5 done
    [standard | dog-bird t7/10 idx=3387] poison_CTA=0.8464 poison_ASR=80%
  [dog-bird t8/10 idx=5290] fc craft_obj=0.0834 linf=0.0314
    [standard] victims: v1 done, v2 done, v3 done, v4 done, v5 done
    [standard | dog-bird t8/10 idx=5290] poison_CTA=0.8334 poison_ASR=100%
  [dog-bird t9/10 idx=8219] fc craft_obj=0.1014 linf=0.0314
    [standard] victims: v1 done, v2 done, v3 done, v4 done, v5 done
    [standard | dog-bird t9/10 idx=8219] poison_CTA=0.8406 poison_ASR=20%
  [dog-bird t10/10 idx=4547] fc craft_obj=0.0759 linf=0.0314
    [standard] victims: v1 done, v2 done, v3 done, v4 done, v5 done
    [standard | dog-bird t10/10 idx=4547] poison_CTA=0.8517 poison_ASR=40%

  ==== pair dog-bird (fc) summary over 10 targets x 5 victims = 50 votes ====
    [standard                    ] poison CTA = 0.8448 +/- 0.0112   poison ASR = 42.0% +/- 49.4%
      tally (['airplane', 'automobile', 'bird', 'cat', 'deer', 'dog', 'frog', 'horse', 'ship', 'truck']): [0, 0, 5, 12, 7, 21, 0, 5, 0, 0]

[2026-07-01 01:42:25] wrote results_standard_nodistill_fc_VGG13BN_b20_eps8.{json,csv} to result/standard_nodistill
main_FC.sh: line 72: urv_select: command not found
main_FC.sh: line 73: syntax error near unexpected token `done'
main_FC.sh: line 73: `done'


=== main_FC.sh started 2026-07-01 00:17:50 — logging to logs/main_FC_20260701_001750.log ===
=== [2026-07-01 00:17:50] budget=0.001 ===
[2026-07-01 00:17:57] --parallel_victims set but <2 GPUs in CUDA_VISIBLE_DEVICES ('0'); running victims sequentially
[2026-07-01 00:17:57] device=cuda
[2026-07-01 00:17:57] hyperparams: {'dataset': 'CIFAR10', 'data_path': '/home/mmoslem3/scratch/data', 'model': 'VGG13BN', 'out_dir': 'result/standard_nodistill', 'seed': 0, 'target_idx_file': None, 'dsa_strategy': 'color_crop_cutout_flip_scale_rotate', 'syn_data_path': 'result/res_DM_CIFAR10_ConvNet_50ipc.pt', 'surrogate_model': 'VGG13BN', 'num_surrogates': 4, 'surrogate_epochs': 80, 'surrogate_lr': 0.01, 'surrogate_bs': 256, 'attack': 'fc', 'class_pairs': ['dog-bird'], 'budget': 0.001, 'epsilon': 0.0313725, 'pgd_steps': 100, 'pgd_alpha': 0.0039216, 'restarts': 1, 'lambda_margin': 1.0, 'num_targets': 10, 'num_victims': 5, 'target_select': 'random', 'easy_targets': True, 'target_cache_dir': 'result/target_cache', 'parallel_victims': True, 'victim_epochs': 40, 'victim_lr': 0.1, 'victim_bs': 256, 'victim_decay': [35], 'victim_aug': False, 'clean_baseline': False, 'num_clean_victims': None, 'cache_dir': '', 'precompute_only': False, 'base_dist': 'l2', 'random_select': True, 'multilayer': True, 'curv_select': False, 'lambda_curv': 1.0, 'curv_damping': 1.0, 'curv_cg_iters': 10, 'curv_hessian_bs': 512, 'curv_cand_bs': 128, 'exact_select': False, 'if_damping': 0.01, 'if_cg_iters': 100, 'if_cg_tol': 0.0001, 'if_fd_h': 0.01, 'if_last_layer': False, 'if_hess_source': 'syn', 'if_hess_size': 0, 'if_max_surrogates': 0, 'verbose': False, 'single_surrogate': True, 'fast_gradmatch': False, 'surrogate_on_full_data': True, 'victim_pipelines': ['standard'], 'poison_cache_dir': '', 'log_file': ''}
[2026-07-01 00:17:57] victim pipelines (ablations): ['standard']
[2026-07-01 00:18:10] N_total=50000  budget=0.0010 -> N_p=50 poisons (all in y_adv class)

[2026-07-01 00:18:10] === training 4 surrogates (VGG13BN) on FULL real data (80 ep each) ===
[2026-07-01 00:21:08] Evaluate_00: epoch = 0080 train time = 176 s train loss = 0.000005 train acc = 1.0000, test acc = 0.8580
[2026-07-01 00:24:05] Evaluate_01: epoch = 0080 train time = 176 s train loss = 0.000005 train acc = 1.0000, test acc = 0.8576
[2026-07-01 00:27:02] Evaluate_02: epoch = 0080 train time = 176 s train loss = 0.000005 train acc = 1.0000, test acc = 0.8595
[2026-07-01 00:29:59] Evaluate_03: epoch = 0080 train time = 176 s train loss = 0.000005 train acc = 1.0000, test acc = 0.8580

[2026-07-01 00:29:59] ################ pair dog-bird : y_adv=5(dog)  target_class=2(bird) ################
  targets (easy, loaded cache result/target_cache/easy_targets_VGG13BN_dog-bird_n10_seed0.json): [(2632, 'cat'), (2804, 'cat'), (740, 'bird'), (9375, 'cat'), (1723, 'bird'), (9035, 'deer'), (3387, 'cat'), (5290, 'cat'), (8219, 'cat'), (4547, 'cat')]
  [dog-bird t1/10 idx=2632] fc craft_obj=0.0728 linf=0.0314
    [standard] victims: v1 done, v2 done, v3 done, v4 done, v5 done
    [standard | dog-bird t1/10 idx=2632] poison_CTA=0.8499 poison_ASR=60%
  [dog-bird t2/10 idx=2804] fc craft_obj=0.0741 linf=0.0314
    [standard] victims: v1 done, v2 done, v3 done, v4 done, v5 done
    [standard | dog-bird t2/10 idx=2804] poison_CTA=0.8439 poison_ASR=40%
  [dog-bird t3/10 idx=740] fc craft_obj=0.0857 linf=0.0314
    [standard] victims: v1 done, v2 done, v3 done, v4 done, v5 done
    [standard | dog-bird t3/10 idx=740] poison_CTA=0.8425 poison_ASR=40%
  [dog-bird t4/10 idx=9375] fc craft_obj=0.0822 linf=0.0314
    [standard] victims: v1 done, v2 done, v3 done, v4 done, v5 done
    [standard | dog-bird t4/10 idx=9375] poison_CTA=0.8470 poison_ASR=80%
  [dog-bird t5/10 idx=1723] fc craft_obj=0.0774 linf=0.0314
    [standard] victims: v1 done, v2 done, v3 done, v4 done, v5 done
    [standard | dog-bird t5/10 idx=1723] poison_CTA=0.8529 poison_ASR=40%
  [dog-bird t6/10 idx=9035] fc craft_obj=0.0742 linf=0.0314
    [standard] victims: v1 done, v2 done, v3 done, v4 done, v5 done
    [standard | dog-bird t6/10 idx=9035] poison_CTA=0.8445 poison_ASR=80%
  [dog-bird t7/10 idx=3387] fc craft_obj=0.0801 linf=0.0314
    [standard] victims: v1 done, v2 done, v3 done, v4 done, v5 done
    [standard | dog-bird t7/10 idx=3387] poison_CTA=0.8494 poison_ASR=0%
  [dog-bird t8/10 idx=5290] fc craft_obj=0.0835 linf=0.0314
    [standard] victims: v1 done, v2 done, v3 done, v4 done, v5 done
    [standard | dog-bird t8/10 idx=5290] poison_CTA=0.8459 poison_ASR=60%
  [dog-bird t9/10 idx=8219] fc craft_obj=0.0887 linf=0.0314
    [standard] victims: v1 done, v2 done, v3 done, v4 done, v5 done
    [standard | dog-bird t9/10 idx=8219] poison_CTA=0.8553 poison_ASR=20%
  [dog-bird t10/10 idx=4547] fc craft_obj=0.0823 linf=0.0314
    [standard] victims: v1 done, v2 done, v3 done, v4 done, v5 done
    [standard | dog-bird t10/10 idx=4547] poison_CTA=0.8434 poison_ASR=0%

  ==== pair dog-bird (fc) summary over 10 targets x 5 victims = 50 votes ====
    [standard                    ] poison CTA = 0.8475 +/- 0.0086   poison ASR = 42.0% +/- 49.4%
      tally (['airplane', 'automobile', 'bird', 'cat', 'deer', 'dog', 'frog', 'horse', 'ship', 'truck']): [0, 0, 6, 15, 2, 21, 3, 3, 0, 0]

[2026-07-01 01:43:42] wrote results_standard_nodistill_fc_VGG13BN_b10_eps8.{json,csv} to result/standard_nodistill
main_FC.sh: line 72: urv_select: command not found
main_FC.sh: line 73: syntax error near unexpected token `done'
main_FC.sh: line 73: `done'


=== main_FC.sh started 2026-07-01 00:49:24 — logging to logs/main_FC_20260701_004924.log ===
=== [2026-07-01 00:49:24] budget=0.1 ===
[2026-07-01 00:49:26] parallel victims ON: GPU pool=['4', '5', '6', '7'], parent pinned to GPU 4
[2026-07-01 00:49:27] device=cuda
[2026-07-01 00:49:27] hyperparams: {'dataset': 'CIFAR10', 'data_path': 'data', 'model': 'VGG13BN', 'out_dir': 'result/standard_nodistill', 'seed': 0, 'target_idx_file': None, 'dsa_strategy': 'color_crop_cutout_flip_scale_rotate', 'syn_data_path': 'result/res_DM_CIFAR10_ConvNet_50ipc.pt', 'surrogate_model': 'VGG13BN', 'num_surrogates': 4, 'surrogate_epochs': 80, 'surrogate_lr': 0.01, 'surrogate_bs': 256, 'attack': 'fc', 'class_pairs': ['dog-bird'], 'budget': 0.1, 'epsilon': 0.0313725, 'pgd_steps': 100, 'pgd_alpha': 0.0039216, 'restarts': 1, 'lambda_margin': 1.0, 'num_targets': 10, 'num_victims': 5, 'target_select': 'random', 'easy_targets': True, 'target_cache_dir': 'result/target_cache', 'parallel_victims': True, 'victim_epochs': 40, 'victim_lr': 0.1, 'victim_bs': 256, 'victim_decay': [35], 'victim_aug': False, 'clean_baseline': False, 'num_clean_victims': None, 'cache_dir': '', 'precompute_only': False, 'base_dist': 'l2', 'random_select': False, 'multilayer': True, 'curv_select': False, 'lambda_curv': 1.0, 'curv_damping': 1.0, 'curv_cg_iters': 10, 'curv_hessian_bs': 512, 'curv_cand_bs': 128, 'exact_select': True, 'if_damping': 0.01, 'if_cg_iters': 100, 'if_cg_tol': 0.0001, 'if_fd_h': 0.01, 'if_last_layer': False, 'if_hess_source': 'syn', 'if_hess_size': 512, 'if_max_surrogates': 1, 'verbose': True, 'single_surrogate': True, 'fast_gradmatch': False, 'surrogate_on_full_data': True, 'victim_pipelines': ['standard'], 'poison_cache_dir': '', 'log_file': ''}
[2026-07-01 00:49:27] victim pipelines (ablations): ['standard']
[2026-07-01 00:49:37] N_total=50000  budget=0.1000 -> N_p=5000 poisons (all in y_adv class)

[2026-07-01 00:49:37] === training 4 surrogates (VGG13BN) on FULL real data (80 ep each) across GPUs ['4', '5', '6', '7'] ===
[2026-07-01 00:51:31] Evaluate_00: epoch = 0080 train time = 106 s train loss = 0.000005 train acc = 1.0000, test acc = 0.8596
[2026-07-01 00:51:31] Evaluate_01: epoch = 0080 train time = 106 s train loss = 0.000005 train acc = 1.0000, test acc = 0.8558
[2026-07-01 00:51:31] Evaluate_02: epoch = 0080 train time = 105 s train loss = 0.000005 train acc = 1.0000, test acc = 0.8554
[2026-07-01 00:51:31] Evaluate_03: epoch = 0080 train time = 105 s train loss = 0.000005 train acc = 1.0000, test acc = 0.8606
[2026-07-01 00:51:31] exact-IF Hessian set = 512 real train images

[2026-07-01 00:51:31] ################ pair dog-bird : y_adv=5(dog)  target_class=2(bird) ################
  targets (easy, label!=dog, saved cache result/target_cache/easy_targets_VGG13BN_dog-bird_n10_seed0.json): [(2632, 'cat'), (2804, 'cat'), (740, 'bird'), (9375, 'cat'), (1723, 'bird'), (9035, 'deer'), (3387, 'cat'), (5290, 'cat'), (8219, 'cat'), (4547, 'cat')]
      [exact] CG iters used per surrogate: [19]
  [dog-bird t1/10 idx=2632] fc craft_obj=0.0874 linf=0.0314
    [standard] victims: 5 across GPUs ['4', '5', '6', '7'] ... done
    [standard | dog-bird t1/10 idx=2632] poison_CTA=0.7850 poison_ASR=40%
      [exact] CG iters used per surrogate: [19]
  [dog-bird t2/10 idx=2804] fc craft_obj=0.0856 linf=0.0314
    [standard] victims: 5 across GPUs ['4', '5', '6', '7'] ... done
    [standard | dog-bird t2/10 idx=2804] poison_CTA=0.7890 poison_ASR=0%
      [exact] CG iters used per surrogate: [18]
  [dog-bird t3/10 idx=740] fc craft_obj=0.0893 linf=0.0314
    [standard] victims: 5 across GPUs ['4', '5', '6', '7'] ... done
    [standard | dog-bird t3/10 idx=740] poison_CTA=0.7825 poison_ASR=40%
      [exact] CG iters used per surrogate: [19]
  [dog-bird t4/10 idx=9375] fc craft_obj=0.0811 linf=0.0314
    [standard] victims: 5 across GPUs ['4', '5', '6', '7'] ... done
    [standard | dog-bird t4/10 idx=9375] poison_CTA=0.7908 poison_ASR=60%
      [exact] CG iters used per surrogate: [19]
  [dog-bird t5/10 idx=1723] fc craft_obj=0.0819 linf=0.0314
    [standard] victims: 5 across GPUs ['4', '5', '6', '7'] ... done
    [standard | dog-bird t5/10 idx=1723] poison_CTA=0.7829 poison_ASR=0%
      [exact] CG iters used per surrogate: [19]
  [dog-bird t6/10 idx=9035] fc craft_obj=0.0761 linf=0.0314
    [standard] victims: 5 across GPUs ['4', '5', '6', '7'] ... done
    [standard | dog-bird t6/10 idx=9035] poison_CTA=0.7885 poison_ASR=20%
      [exact] CG iters used per surrogate: [19]
  [dog-bird t7/10 idx=3387] fc craft_obj=0.0931 linf=0.0314
    [standard] victims: 5 across GPUs ['4', '5', '6', '7'] ... done
    [standard | dog-bird t7/10 idx=3387] poison_CTA=0.7891 poison_ASR=80%
      [exact] CG iters used per surrogate: [19]
  [dog-bird t8/10 idx=5290] fc craft_obj=0.0873 linf=0.0314
    [standard] victims: 5 across GPUs ['4', '5', '6', '7'] ... done
    [standard | dog-bird t8/10 idx=5290] poison_CTA=0.7898 poison_ASR=100%
      [exact] CG iters used per surrogate: [19]
  [dog-bird t9/10 idx=8219] fc craft_obj=0.0852 linf=0.0314
    [standard] victims: 5 across GPUs ['4', '5', '6', '7'] ... done
    [standard | dog-bird t9/10 idx=8219] poison_CTA=0.7873 poison_ASR=80%
      [exact] CG iters used per surrogate: [18]
  [dog-bird t10/10 idx=4547] fc craft_obj=0.0858 linf=0.0314
    [standard] victims: 5 across GPUs ['4', '5', '6', '7'] ... done
    [standard | dog-bird t10/10 idx=4547] poison_CTA=0.7881 poison_ASR=60%

  ==== pair dog-bird (fc) summary over 10 targets x 5 victims = 50 votes ====
    [standard                    ] poison CTA = 0.7873 +/- 0.0059   poison ASR = 48.0% +/- 50.0%
      tally (['airplane', 'automobile', 'bird', 'cat', 'deer', 'dog', 'frog', 'horse', 'ship', 'truck']): [0, 0, 4, 10, 4, 24, 0, 8, 0, 0]

[2026-07-01 01:11:43] wrote results_standard_nodistill_fc_VGG13BN_b1000_eps8.{json,csv} to result/standard_nodistill
[2026-07-01 01:11:46] parallel victims ON: GPU pool=['4', '5', '6', '7'], parent pinned to GPU 4
[2026-07-01 01:11:46] device=cuda
[2026-07-01 01:11:46] hyperparams: {'dataset': 'CIFAR10', 'data_path': 'data', 'model': 'VGG13BN', 'out_dir': 'result/standard_nodistill', 'seed': 0, 'target_idx_file': None, 'dsa_strategy': 'color_crop_cutout_flip_scale_rotate', 'syn_data_path': 'result/res_DM_CIFAR10_ConvNet_50ipc.pt', 'surrogate_model': 'VGG13BN', 'num_surrogates': 4, 'surrogate_epochs': 80, 'surrogate_lr': 0.01, 'surrogate_bs': 256, 'attack': 'fc', 'class_pairs': ['dog-bird'], 'budget': 0.1, 'epsilon': 0.0313725, 'pgd_steps': 100, 'pgd_alpha': 0.0039216, 'restarts': 1, 'lambda_margin': 1.0, 'num_targets': 10, 'num_victims': 5, 'target_select': 'random', 'easy_targets': True, 'target_cache_dir': 'result/target_cache', 'parallel_victims': True, 'victim_epochs': 40, 'victim_lr': 0.1, 'victim_bs': 256, 'victim_decay': [35], 'victim_aug': False, 'clean_baseline': False, 'num_clean_victims': None, 'cache_dir': '', 'precompute_only': False, 'base_dist': 'l2', 'random_select': True, 'multilayer': True, 'curv_select': False, 'lambda_curv': 1.0, 'curv_damping': 1.0, 'curv_cg_iters': 10, 'curv_hessian_bs': 512, 'curv_cand_bs': 128, 'exact_select': False, 'if_damping': 0.01, 'if_cg_iters': 100, 'if_cg_tol': 0.0001, 'if_fd_h': 0.01, 'if_last_layer': False, 'if_hess_source': 'syn', 'if_hess_size': 0, 'if_max_surrogates': 0, 'verbose': False, 'single_surrogate': True, 'fast_gradmatch': False, 'surrogate_on_full_data': True, 'victim_pipelines': ['standard'], 'poison_cache_dir': '', 'log_file': ''}
[2026-07-01 01:11:46] victim pipelines (ablations): ['standard']
[2026-07-01 01:11:56] N_total=50000  budget=0.1000 -> N_p=5000 poisons (all in y_adv class)

[2026-07-01 01:11:57] === training 4 surrogates (VGG13BN) on FULL real data (80 ep each) across GPUs ['4', '5', '6', '7'] ===
[2026-07-01 01:13:50] Evaluate_00: epoch = 0080 train time = 105 s train loss = 0.000005 train acc = 1.0000, test acc = 0.8609
[2026-07-01 01:13:50] Evaluate_01: epoch = 0080 train time = 105 s train loss = 0.000004 train acc = 1.0000, test acc = 0.8597
[2026-07-01 01:13:50] Evaluate_02: epoch = 0080 train time = 105 s train loss = 0.000006 train acc = 1.0000, test acc = 0.8557
[2026-07-01 01:13:50] Evaluate_03: epoch = 0080 train time = 105 s train loss = 0.000005 train acc = 1.0000, test acc = 0.8556

[2026-07-01 01:13:50] ################ pair dog-bird : y_adv=5(dog)  target_class=2(bird) ################
  targets (easy, loaded cache result/target_cache/easy_targets_VGG13BN_dog-bird_n10_seed0.json): [(2632, 'cat'), (2804, 'cat'), (740, 'bird'), (9375, 'cat'), (1723, 'bird'), (9035, 'deer'), (3387, 'cat'), (5290, 'cat'), (8219, 'cat'), (4547, 'cat')]
  [dog-bird t1/10 idx=2632] fc craft_obj=0.0743 linf=0.0314
    [standard] victims: 5 across GPUs ['4', '5', '6', '7'] ... done
    [standard | dog-bird t1/10 idx=2632] poison_CTA=0.7860 poison_ASR=20%
  [dog-bird t2/10 idx=2804] fc craft_obj=0.0759 linf=0.0314
    [standard] victims: 5 across GPUs ['4', '5', '6', '7'] ... done
    [standard | dog-bird t2/10 idx=2804] poison_CTA=0.7890 poison_ASR=0%
  [dog-bird t3/10 idx=740] fc craft_obj=0.0886 linf=0.0314
    [standard] victims: 5 across GPUs ['4', '5', '6', '7'] ... done
    [standard | dog-bird t3/10 idx=740] poison_CTA=0.7830 poison_ASR=20%
  [dog-bird t4/10 idx=9375] fc craft_obj=0.0764 linf=0.0314
    [standard] victims: 5 across GPUs ['4', '5', '6', '7'] ... done
    [standard | dog-bird t4/10 idx=9375] poison_CTA=0.7860 poison_ASR=40%
  [dog-bird t5/10 idx=1723] fc craft_obj=0.0865 linf=0.0314
    [standard] victims: 5 across GPUs ['4', '5', '6', '7'] ... done
    [standard | dog-bird t5/10 idx=1723] poison_CTA=0.7840 poison_ASR=0%
  [dog-bird t6/10 idx=9035] fc craft_obj=0.0780 linf=0.0314
    [standard] victims: 5 across GPUs ['4', '5', '6', '7'] ... done
    [standard | dog-bird t6/10 idx=9035] poison_CTA=0.7846 poison_ASR=40%
  [dog-bird t7/10 idx=3387] fc craft_obj=0.0748 linf=0.0314
    [standard] victims: 5 across GPUs ['4', '5', '6', '7'] ... done
    [standard | dog-bird t7/10 idx=3387] poison_CTA=0.7830 poison_ASR=0%
  [dog-bird t8/10 idx=5290] fc craft_obj=0.0768 linf=0.0314
    [standard] victims: 5 across GPUs ['4', '5', '6', '7'] ... done
    [standard | dog-bird t8/10 idx=5290] poison_CTA=0.7830 poison_ASR=40%
  [dog-bird t9/10 idx=8219] fc craft_obj=0.0876 linf=0.0314
    [standard] victims: 5 across GPUs ['4', '5', '6', '7'] ... done
    [standard | dog-bird t9/10 idx=8219] poison_CTA=0.7773 poison_ASR=60%
  [dog-bird t10/10 idx=4547] fc craft_obj=0.0819 linf=0.0314
    [standard] victims: 5 across GPUs ['4', '5', '6', '7'] ... done
    [standard | dog-bird t10/10 idx=4547] poison_CTA=0.7799 poison_ASR=40%

  ==== pair dog-bird (fc) summary over 10 targets x 5 victims = 50 votes ====
    [standard                    ] poison CTA = 0.7836 +/- 0.0078   poison ASR = 26.0% +/- 43.9%
      tally (['airplane', 'automobile', 'bird', 'cat', 'deer', 'dog', 'frog', 'horse', 'ship', 'truck']): [0, 0, 5, 19, 6, 13, 0, 7, 0, 0]

[2026-07-01 01:33:48] wrote results_standard_nodistill_fc_VGG13BN_b1000_eps8.{json,csv} to result/standard_nodistill
=== [2026-07-01 01:33:49] budget=0.05 ===
[2026-07-01 01:33:51] parallel victims ON: GPU pool=['4', '5', '6', '7'], parent pinned to GPU 4
[2026-07-01 01:33:52] device=cuda
[2026-07-01 01:33:52] hyperparams: {'dataset': 'CIFAR10', 'data_path': 'data', 'model': 'VGG13BN', 'out_dir': 'result/standard_nodistill', 'seed': 0, 'target_idx_file': None, 'dsa_strategy': 'color_crop_cutout_flip_scale_rotate', 'syn_data_path': 'result/res_DM_CIFAR10_ConvNet_50ipc.pt', 'surrogate_model': 'VGG13BN', 'num_surrogates': 4, 'surrogate_epochs': 80, 'surrogate_lr': 0.01, 'surrogate_bs': 256, 'attack': 'fc', 'class_pairs': ['dog-bird'], 'budget': 0.05, 'epsilon': 0.0313725, 'pgd_steps': 100, 'pgd_alpha': 0.0039216, 'restarts': 1, 'lambda_margin': 1.0, 'num_targets': 10, 'num_victims': 5, 'target_select': 'random', 'easy_targets': True, 'target_cache_dir': 'result/target_cache', 'parallel_victims': True, 'victim_epochs': 40, 'victim_lr': 0.1, 'victim_bs': 256, 'victim_decay': [35], 'victim_aug': False, 'clean_baseline': False, 'num_clean_victims': None, 'cache_dir': '', 'precompute_only': False, 'base_dist': 'l2', 'random_select': False, 'multilayer': True, 'curv_select': False, 'lambda_curv': 1.0, 'curv_damping': 1.0, 'curv_cg_iters': 10, 'curv_hessian_bs': 512, 'curv_cand_bs': 128, 'exact_select': True, 'if_damping': 0.01, 'if_cg_iters': 100, 'if_cg_tol': 0.0001, 'if_fd_h': 0.01, 'if_last_layer': False, 'if_hess_source': 'syn', 'if_hess_size': 512, 'if_max_surrogates': 1, 'verbose': True, 'single_surrogate': True, 'fast_gradmatch': False, 'surrogate_on_full_data': True, 'victim_pipelines': ['standard'], 'poison_cache_dir': '', 'log_file': ''}
[2026-07-01 01:33:52] victim pipelines (ablations): ['standard']
[2026-07-01 01:34:02] N_total=50000  budget=0.0500 -> N_p=2500 poisons (all in y_adv class)

[2026-07-01 01:34:02] === training 4 surrogates (VGG13BN) on FULL real data (80 ep each) across GPUs ['4', '5', '6', '7'] ===
[2026-07-01 01:35:56] Evaluate_00: epoch = 0080 train time = 105 s train loss = 0.000005 train acc = 1.0000, test acc = 0.8616
[2026-07-01 01:35:56] Evaluate_01: epoch = 0080 train time = 105 s train loss = 0.000004 train acc = 1.0000, test acc = 0.8545
[2026-07-01 01:35:56] Evaluate_02: epoch = 0080 train time = 105 s train loss = 0.000005 train acc = 1.0000, test acc = 0.8595
[2026-07-01 01:35:56] Evaluate_03: epoch = 0080 train time = 105 s train loss = 0.000004 train acc = 1.0000, test acc = 0.8603
[2026-07-01 01:35:56] exact-IF Hessian set = 512 real train images

[2026-07-01 01:35:56] ################ pair dog-bird : y_adv=5(dog)  target_class=2(bird) ################
  targets (easy, loaded cache result/target_cache/easy_targets_VGG13BN_dog-bird_n10_seed0.json): [(2632, 'cat'), (2804, 'cat'), (740, 'bird'), (9375, 'cat'), (1723, 'bird'), (9035, 'deer'), (3387, 'cat'), (5290, 'cat'), (8219, 'cat'), (4547, 'cat')]
      [exact] CG iters used per surrogate: [21]
  [dog-bird t1/10 idx=2632] fc craft_obj=0.0730 linf=0.0314
    [standard] victims: 5 across GPUs ['4', '5', '6', '7'] ... done
    [standard | dog-bird t1/10 idx=2632] poison_CTA=0.8407 poison_ASR=100%
      [exact] CG iters used per surrogate: [21]
  [dog-bird t2/10 idx=2804] fc craft_obj=0.0800 linf=0.0314
    [standard] victims: 5 across GPUs ['4', '5', '6', '7'] ... done
    [standard | dog-bird t2/10 idx=2804] poison_CTA=0.8432 poison_ASR=100%
      [exact] CG iters used per surrogate: [21]
  [dog-bird t3/10 idx=740] fc craft_obj=0.0678 linf=0.0314
    [standard] victims: 5 across GPUs ['4', '5', '6', '7'] ... done
    [standard | dog-bird t3/10 idx=740] poison_CTA=0.8342 poison_ASR=100%
      [exact] CG iters used per surrogate: [21]
  [dog-bird t4/10 idx=9375] fc craft_obj=0.0649 linf=0.0314
    [standard] victims: 5 across GPUs ['4', '5', '6', '7'] ... done
    [standard | dog-bird t4/10 idx=9375] poison_CTA=0.8427 poison_ASR=60%
      [exact] CG iters used per surrogate: [20]
  [dog-bird t5/10 idx=1723] fc craft_obj=0.0707 linf=0.0314
    [standard] victims: 5 across GPUs ['4', '5', '6', '7'] ... done
    [standard | dog-bird t5/10 idx=1723] poison_CTA=0.8358 poison_ASR=0%
      [exact] CG iters used per surrogate: [20]
  [dog-bird t6/10 idx=9035] fc craft_obj=0.0774 linf=0.0314
    [standard] victims: 5 across GPUs ['4', '5', '6', '7'] ... done
    [standard | dog-bird t6/10 idx=9035] poison_CTA=0.8486 poison_ASR=80%
      [exact] CG iters used per surrogate: [21]
  [dog-bird t7/10 idx=3387] fc craft_obj=0.0804 linf=0.0314
    [standard] victims: 5 across GPUs ['4', '5', '6', '7'] ... done
    [standard | dog-bird t7/10 idx=3387] poison_CTA=0.8422 poison_ASR=100%
      [exact] CG iters used per surrogate: [20]
  [dog-bird t8/10 idx=5290] fc craft_obj=0.0751 linf=0.0314
    [standard] victims: 5 across GPUs ['4', '5', '6', '7'] ... done
    [standard | dog-bird t8/10 idx=5290] poison_CTA=0.8433 poison_ASR=100%
      [exact] CG iters used per surrogate: [21]
  [dog-bird t9/10 idx=8219] fc craft_obj=0.0840 linf=0.0314
    [standard] victims: 5 across GPUs ['4', '5', '6', '7'] ... done
    [standard | dog-bird t9/10 idx=8219] poison_CTA=0.8383 poison_ASR=100%
      [exact] CG iters used per surrogate: [21]
  [dog-bird t10/10 idx=4547] fc craft_obj=0.0800 linf=0.0314
    [standard] victims: 5 across GPUs ['4', '5', '6', '7'] ... done
    [standard | dog-bird t10/10 idx=4547] poison_CTA=0.8419 poison_ASR=60%

  ==== pair dog-bird (fc) summary over 10 targets x 5 victims = 50 votes ====
    [standard                    ] poison CTA = 0.8411 +/- 0.0076   poison ASR = 80.0% +/- 40.0%
      tally (['airplane', 'automobile', 'bird', 'cat', 'deer', 'dog', 'frog', 'horse', 'ship', 'truck']): [0, 0, 1, 4, 3, 40, 0, 2, 0, 0]

[2026-07-01 01:55:32] wrote results_standard_nodistill_fc_VGG13BN_b500_eps8.{json,csv} to result/standard_nodistill
[2026-07-01 01:55:35] parallel victims ON: GPU pool=['4', '5', '6', '7'], parent pinned to GPU 4
[2026-07-01 01:55:36] device=cuda
[2026-07-01 01:55:36] hyperparams: {'dataset': 'CIFAR10', 'data_path': 'data', 'model': 'VGG13BN', 'out_dir': 'result/standard_nodistill', 'seed': 0, 'target_idx_file': None, 'dsa_strategy': 'color_crop_cutout_flip_scale_rotate', 'syn_data_path': 'result/res_DM_CIFAR10_ConvNet_50ipc.pt', 'surrogate_model': 'VGG13BN', 'num_surrogates': 4, 'surrogate_epochs': 80, 'surrogate_lr': 0.01, 'surrogate_bs': 256, 'attack': 'fc', 'class_pairs': ['dog-bird'], 'budget': 0.05, 'epsilon': 0.0313725, 'pgd_steps': 100, 'pgd_alpha': 0.0039216, 'restarts': 1, 'lambda_margin': 1.0, 'num_targets': 10, 'num_victims': 5, 'target_select': 'random', 'easy_targets': True, 'target_cache_dir': 'result/target_cache', 'parallel_victims': True, 'victim_epochs': 40, 'victim_lr': 0.1, 'victim_bs': 256, 'victim_decay': [35], 'victim_aug': False, 'clean_baseline': False, 'num_clean_victims': None, 'cache_dir': '', 'precompute_only': False, 'base_dist': 'l2', 'random_select': True, 'multilayer': True, 'curv_select': False, 'lambda_curv': 1.0, 'curv_damping': 1.0, 'curv_cg_iters': 10, 'curv_hessian_bs': 512, 'curv_cand_bs': 128, 'exact_select': False, 'if_damping': 0.01, 'if_cg_iters': 100, 'if_cg_tol': 0.0001, 'if_fd_h': 0.01, 'if_last_layer': False, 'if_hess_source': 'syn', 'if_hess_size': 0, 'if_max_surrogates': 0, 'verbose': False, 'single_surrogate': True, 'fast_gradmatch': False, 'surrogate_on_full_data': True, 'victim_pipelines': ['standard'], 'poison_cache_dir': '', 'log_file': ''}
[2026-07-01 01:55:36] victim pipelines (ablations): ['standard']
[2026-07-01 01:55:45] N_total=50000  budget=0.0500 -> N_p=2500 poisons (all in y_adv class)

[2026-07-01 01:55:45] === training 4 surrogates (VGG13BN) on FULL real data (80 ep each) across GPUs ['4', '5', '6', '7'] ===
[2026-07-01 01:57:39] Evaluate_00: epoch = 0080 train time = 106 s train loss = 0.000005 train acc = 1.0000, test acc = 0.8570
[2026-07-01 01:57:39] Evaluate_01: epoch = 0080 train time = 106 s train loss = 0.000005 train acc = 1.0000, test acc = 0.8557
[2026-07-01 01:57:39] Evaluate_02: epoch = 0080 train time = 105 s train loss = 0.000005 train acc = 1.0000, test acc = 0.8572
[2026-07-01 01:57:39] Evaluate_03: epoch = 0080 train time = 105 s train loss = 0.000006 train acc = 1.0000, test acc = 0.8610

[2026-07-01 01:57:40] ################ pair dog-bird : y_adv=5(dog)  target_class=2(bird) ################
  targets (easy, loaded cache result/target_cache/easy_targets_VGG13BN_dog-bird_n10_seed0.json): [(2632, 'cat'), (2804, 'cat'), (740, 'bird'), (9375, 'cat'), (1723, 'bird'), (9035, 'deer'), (3387, 'cat'), (5290, 'cat'), (8219, 'cat'), (4547, 'cat')]
  [dog-bird t1/10 idx=2632] fc craft_obj=0.0775 linf=0.0314
    [standard] victims: 5 across GPUs ['4', '5', '6', '7'] ... done
    [standard | dog-bird t1/10 idx=2632] poison_CTA=0.8479 poison_ASR=100%
  [dog-bird t2/10 idx=2804] fc craft_obj=0.0870 linf=0.0314
    [standard] victims: 5 across GPUs ['4', '5', '6', '7'] ... done
    [standard | dog-bird t2/10 idx=2804] poison_CTA=0.8386 poison_ASR=80%
  [dog-bird t3/10 idx=740] fc craft_obj=0.0929 linf=0.0314
    [standard] victims: 5 across GPUs ['4', '5', '6', '7'] ... done
    [standard | dog-bird t3/10 idx=740] poison_CTA=0.8424 poison_ASR=60%
  [dog-bird t4/10 idx=9375] fc craft_obj=0.0731 linf=0.0314
    [standard] victims: 5 across GPUs ['4', '5', '6', '7'] ... done
    [standard | dog-bird t4/10 idx=9375] poison_CTA=0.8389 poison_ASR=80%
  [dog-bird t5/10 idx=1723] fc craft_obj=0.0796 linf=0.0314
    [standard] victims: 5 across GPUs ['4', '5', '6', '7'] ... done
    [standard | dog-bird t5/10 idx=1723] poison_CTA=0.8488 poison_ASR=40%
  [dog-bird t6/10 idx=9035] fc craft_obj=0.0878 linf=0.0314
    [standard] victims: 5 across GPUs ['4', '5', '6', '7'] ... done
    [standard | dog-bird t6/10 idx=9035] poison_CTA=0.8387 poison_ASR=60%
  [dog-bird t7/10 idx=3387] fc craft_obj=0.0799 linf=0.0314
    [standard] victims: 5 across GPUs ['4', '5', '6', '7'] ... done
    [standard | dog-bird t7/10 idx=3387] poison_CTA=0.8384 poison_ASR=80%
  [dog-bird t8/10 idx=5290] fc craft_obj=0.0861 linf=0.0314
    [standard] victims: 5 across GPUs ['4', '5', '6', '7'] ... done
    [standard | dog-bird t8/10 idx=5290] poison_CTA=0.8466 poison_ASR=100%
  [dog-bird t9/10 idx=8219] fc craft_obj=0.0884 linf=0.0314
    [standard] victims: 5 across GPUs ['4', '5', '6', '7'] ... done
    [standard | dog-bird t9/10 idx=8219] poison_CTA=0.8471 poison_ASR=80%
  [dog-bird t10/10 idx=4547] fc craft_obj=0.0770 linf=0.0314
    [standard] victims: 5 across GPUs ['4', '5', '6', '7'] ... done
    [standard | dog-bird t10/10 idx=4547] poison_CTA=0.8351 poison_ASR=100%

  ==== pair dog-bird (fc) summary over 10 targets x 5 victims = 50 votes ====
    [standard                    ] poison CTA = 0.8422 +/- 0.0097   poison ASR = 78.0% +/- 41.4%
      tally (['airplane', 'automobile', 'bird', 'cat', 'deer', 'dog', 'frog', 'horse', 'ship', 'truck']): [0, 0, 3, 2, 2, 39, 0, 4, 0, 0]

[2026-07-01 02:17:09] wrote results_standard_nodistill_fc_VGG13BN_b500_eps8.{json,csv} to result/standard_nodistill
=== [2026-07-01 02:17:11] budget=0.02 ===
[2026-07-01 02:17:13] parallel victims ON: GPU pool=['4', '5', '6', '7'], parent pinned to GPU 4
[2026-07-01 02:17:15] device=cuda
[2026-07-01 02:17:15] hyperparams: {'dataset': 'CIFAR10', 'data_path': 'data', 'model': 'VGG13BN', 'out_dir': 'result/standard_nodistill', 'seed': 0, 'target_idx_file': None, 'dsa_strategy': 'color_crop_cutout_flip_scale_rotate', 'syn_data_path': 'result/res_DM_CIFAR10_ConvNet_50ipc.pt', 'surrogate_model': 'VGG13BN', 'num_surrogates': 4, 'surrogate_epochs': 80, 'surrogate_lr': 0.01, 'surrogate_bs': 256, 'attack': 'fc', 'class_pairs': ['dog-bird'], 'budget': 0.02, 'epsilon': 0.0313725, 'pgd_steps': 100, 'pgd_alpha': 0.0039216, 'restarts': 1, 'lambda_margin': 1.0, 'num_targets': 10, 'num_victims': 5, 'target_select': 'random', 'easy_targets': True, 'target_cache_dir': 'result/target_cache', 'parallel_victims': True, 'victim_epochs': 40, 'victim_lr': 0.1, 'victim_bs': 256, 'victim_decay': [35], 'victim_aug': False, 'clean_baseline': False, 'num_clean_victims': None, 'cache_dir': '', 'precompute_only': False, 'base_dist': 'l2', 'random_select': False, 'multilayer': True, 'curv_select': False, 'lambda_curv': 1.0, 'curv_damping': 1.0, 'curv_cg_iters': 10, 'curv_hessian_bs': 512, 'curv_cand_bs': 128, 'exact_select': True, 'if_damping': 0.01, 'if_cg_iters': 100, 'if_cg_tol': 0.0001, 'if_fd_h': 0.01, 'if_last_layer': False, 'if_hess_source': 'syn', 'if_hess_size': 512, 'if_max_surrogates': 1, 'verbose': True, 'single_surrogate': True, 'fast_gradmatch': False, 'surrogate_on_full_data': True, 'victim_pipelines': ['standard'], 'poison_cache_dir': '', 'log_file': ''}
[2026-07-01 02:17:15] victim pipelines (ablations): ['standard']
[2026-07-01 02:17:24] N_total=50000  budget=0.0200 -> N_p=1000 poisons (all in y_adv class)

[2026-07-01 02:17:24] === training 4 surrogates (VGG13BN) on FULL real data (80 ep each) across GPUs ['4', '5', '6', '7'] ===
[2026-07-01 02:19:18] Evaluate_00: epoch = 0080 train time = 106 s train loss = 0.000005 train acc = 1.0000, test acc = 0.8583
[2026-07-01 02:19:18] Evaluate_01: epoch = 0080 train time = 106 s train loss = 0.000005 train acc = 1.0000, test acc = 0.8531
[2026-07-01 02:19:18] Evaluate_02: epoch = 0080 train time = 105 s train loss = 0.000006 train acc = 1.0000, test acc = 0.8578
[2026-07-01 02:19:18] Evaluate_03: epoch = 0080 train time = 105 s train loss = 0.000005 train acc = 1.0000, test acc = 0.8564
[2026-07-01 02:19:18] exact-IF Hessian set = 512 real train images

[2026-07-01 02:19:18] ################ pair dog-bird : y_adv=5(dog)  target_class=2(bird) ################
  targets (easy, loaded cache result/target_cache/easy_targets_VGG13BN_dog-bird_n10_seed0.json): [(2632, 'cat'), (2804, 'cat'), (740, 'bird'), (9375, 'cat'), (1723, 'bird'), (9035, 'deer'), (3387, 'cat'), (5290, 'cat'), (8219, 'cat'), (4547, 'cat')]
      [exact] CG iters used per surrogate: [22]
  [dog-bird t1/10 idx=2632] fc craft_obj=0.0694 linf=0.0314
    [standard] victims: 5 across GPUs ['4', '5', '6', '7'] ... done
    [standard | dog-bird t1/10 idx=2632] poison_CTA=0.8389 poison_ASR=80%
      [exact] CG iters used per surrogate: [21]
  [dog-bird t2/10 idx=2804] fc craft_obj=0.0781 linf=0.0314
    [standard] victims: 5 across GPUs ['4', '5', '6', '7'] ... done
    [standard | dog-bird t2/10 idx=2804] poison_CTA=0.8364 poison_ASR=20%
      [exact] CG iters used per surrogate: [21]
  [dog-bird t3/10 idx=740] fc craft_obj=0.0818 linf=0.0314
    [standard] victims: 5 across GPUs ['4', '5', '6', '7'] ... done
    [standard | dog-bird t3/10 idx=740] poison_CTA=0.8484 poison_ASR=100%
      [exact] CG iters used per surrogate: [22]
  [dog-bird t4/10 idx=9375] fc craft_obj=0.0674 linf=0.0314
    [standard] victims: 5 across GPUs ['4', '5', '6', '7'] ... done
    [standard | dog-bird t4/10 idx=9375] poison_CTA=0.8471 poison_ASR=100%
      [exact] CG iters used per surrogate: [22]
  [dog-bird t5/10 idx=1723] fc craft_obj=0.0687 linf=0.0314
    [standard] victims: 5 across GPUs ['4', '5', '6', '7'] ... done
    [standard | dog-bird t5/10 idx=1723] poison_CTA=0.8327 poison_ASR=80%
      [exact] CG iters used per surrogate: [21]
  [dog-bird t6/10 idx=9035] fc craft_obj=0.0894 linf=0.0314
    [standard] victims: 5 across GPUs ['4', '5', '6', '7'] ... done
    [standard | dog-bird t6/10 idx=9035] poison_CTA=0.8497 poison_ASR=100%
      [exact] CG iters used per surrogate: [22]
  [dog-bird t7/10 idx=3387] fc craft_obj=0.0746 linf=0.0314
    [standard] victims: 5 across GPUs ['4', '5', '6', '7'] ... done
    [standard | dog-bird t7/10 idx=3387] poison_CTA=0.8431 poison_ASR=100%
      [exact] CG iters used per surrogate: [22]
  [dog-bird t8/10 idx=5290] fc craft_obj=0.0835 linf=0.0314
    [standard] victims: 5 across GPUs ['4', '5', '6', '7'] ... done
    [standard | dog-bird t8/10 idx=5290] poison_CTA=0.8482 poison_ASR=80%
      [exact] CG iters used per surrogate: [21]
  [dog-bird t9/10 idx=8219] fc craft_obj=0.0918 linf=0.0314
    [standard] victims: 5 across GPUs ['4', '5', '6', '7'] ... done
    [standard | dog-bird t9/10 idx=8219] poison_CTA=0.8512 poison_ASR=80%
      [exact] CG iters used per surrogate: [22]
  [dog-bird t10/10 idx=4547] fc craft_obj=0.0830 linf=0.0314
    [standard] victims: 5 across GPUs ['4', '5', '6', '7'] ... done
    [standard | dog-bird t10/10 idx=4547] poison_CTA=0.8313 poison_ASR=100%

  ==== pair dog-bird (fc) summary over 10 targets x 5 victims = 50 votes ====
    [standard                    ] poison CTA = 0.8427 +/- 0.0124   poison ASR = 84.0% +/- 36.7%
      tally (['airplane', 'automobile', 'bird', 'cat', 'deer', 'dog', 'frog', 'horse', 'ship', 'truck']): [0, 0, 1, 3, 1, 42, 0, 3, 0, 0]

[2026-07-01 02:38:37] wrote results_standard_nodistill_fc_VGG13BN_b200_eps8.{json,csv} to result/standard_nodistill
[2026-07-01 02:38:40] parallel victims ON: GPU pool=['4', '5', '6', '7'], parent pinned to GPU 4
[2026-07-01 02:38:41] device=cuda
[2026-07-01 02:38:41] hyperparams: {'dataset': 'CIFAR10', 'data_path': 'data', 'model': 'VGG13BN', 'out_dir': 'result/standard_nodistill', 'seed': 0, 'target_idx_file': None, 'dsa_strategy': 'color_crop_cutout_flip_scale_rotate', 'syn_data_path': 'result/res_DM_CIFAR10_ConvNet_50ipc.pt', 'surrogate_model': 'VGG13BN', 'num_surrogates': 4, 'surrogate_epochs': 80, 'surrogate_lr': 0.01, 'surrogate_bs': 256, 'attack': 'fc', 'class_pairs': ['dog-bird'], 'budget': 0.02, 'epsilon': 0.0313725, 'pgd_steps': 100, 'pgd_alpha': 0.0039216, 'restarts': 1, 'lambda_margin': 1.0, 'num_targets': 10, 'num_victims': 5, 'target_select': 'random', 'easy_targets': True, 'target_cache_dir': 'result/target_cache', 'parallel_victims': True, 'victim_epochs': 40, 'victim_lr': 0.1, 'victim_bs': 256, 'victim_decay': [35], 'victim_aug': False, 'clean_baseline': False, 'num_clean_victims': None, 'cache_dir': '', 'precompute_only': False, 'base_dist': 'l2', 'random_select': True, 'multilayer': True, 'curv_select': False, 'lambda_curv': 1.0, 'curv_damping': 1.0, 'curv_cg_iters': 10, 'curv_hessian_bs': 512, 'curv_cand_bs': 128, 'exact_select': False, 'if_damping': 0.01, 'if_cg_iters': 100, 'if_cg_tol': 0.0001, 'if_fd_h': 0.01, 'if_last_layer': False, 'if_hess_source': 'syn', 'if_hess_size': 0, 'if_max_surrogates': 0, 'verbose': False, 'single_surrogate': True, 'fast_gradmatch': False, 'surrogate_on_full_data': True, 'victim_pipelines': ['standard'], 'poison_cache_dir': '', 'log_file': ''}
[2026-07-01 02:38:41] victim pipelines (ablations): ['standard']
[2026-07-01 02:38:50] N_total=50000  budget=0.0200 -> N_p=1000 poisons (all in y_adv class)

[2026-07-01 02:38:50] === training 4 surrogates (VGG13BN) on FULL real data (80 ep each) across GPUs ['4', '5', '6', '7'] ===
[2026-07-01 02:40:42] Evaluate_00: epoch = 0080 train time = 106 s train loss = 0.000004 train acc = 1.0000, test acc = 0.8556
[2026-07-01 02:40:42] Evaluate_01: epoch = 0080 train time = 105 s train loss = 0.000006 train acc = 1.0000, test acc = 0.8561
[2026-07-01 02:40:42] Evaluate_02: epoch = 0080 train time = 105 s train loss = 0.000005 train acc = 1.0000, test acc = 0.8585
[2026-07-01 02:40:42] Evaluate_03: epoch = 0080 train time = 105 s train loss = 0.000004 train acc = 1.0000, test acc = 0.8576

[2026-07-01 02:40:42] ################ pair dog-bird : y_adv=5(dog)  target_class=2(bird) ################
  targets (easy, loaded cache result/target_cache/easy_targets_VGG13BN_dog-bird_n10_seed0.json): [(2632, 'cat'), (2804, 'cat'), (740, 'bird'), (9375, 'cat'), (1723, 'bird'), (9035, 'deer'), (3387, 'cat'), (5290, 'cat'), (8219, 'cat'), (4547, 'cat')]
  [dog-bird t1/10 idx=2632] fc craft_obj=0.0770 linf=0.0314
    [standard] victims: 5 across GPUs ['4', '5', '6', '7'] ... done
    [standard | dog-bird t1/10 idx=2632] poison_CTA=0.8495 poison_ASR=100%
  [dog-bird t2/10 idx=2804] fc craft_obj=0.0821 linf=0.0314
    [standard] victims: 5 across GPUs ['4', '5', '6', '7'] ... done
    [standard | dog-bird t2/10 idx=2804] poison_CTA=0.8471 poison_ASR=80%
  [dog-bird t3/10 idx=740] fc craft_obj=0.0832 linf=0.0314
    [standard] victims: 5 across GPUs ['4', '5', '6', '7'] ... done
    [standard | dog-bird t3/10 idx=740] poison_CTA=0.8496 poison_ASR=80%
  [dog-bird t4/10 idx=9375] fc craft_obj=0.0729 linf=0.0314
    [standard] victims: 5 across GPUs ['4', '5', '6', '7'] ... done
    [standard | dog-bird t4/10 idx=9375] poison_CTA=0.8479 poison_ASR=80%
  [dog-bird t5/10 idx=1723] fc craft_obj=0.0769 linf=0.0314
    [standard] victims: 5 across GPUs ['4', '5', '6', '7'] ... done
    [standard | dog-bird t5/10 idx=1723] poison_CTA=0.8400 poison_ASR=40%
  [dog-bird t6/10 idx=9035] fc craft_obj=0.0818 linf=0.0314
    [standard] victims: 5 across GPUs ['4', '5', '6', '7'] ... done
    [standard | dog-bird t6/10 idx=9035] poison_CTA=0.8478 poison_ASR=20%
  [dog-bird t7/10 idx=3387] fc craft_obj=0.0851 linf=0.0314
    [standard] victims: 5 across GPUs ['4', '5', '6', '7'] ... done
    [standard | dog-bird t7/10 idx=3387] poison_CTA=0.8450 poison_ASR=60%
  [dog-bird t8/10 idx=5290] fc craft_obj=0.0826 linf=0.0314
    [standard] victims: 5 across GPUs ['4', '5', '6', '7'] ... done
    [standard | dog-bird t8/10 idx=5290] poison_CTA=0.8466 poison_ASR=100%
  [dog-bird t9/10 idx=8219] fc craft_obj=0.0858 linf=0.0314
    [standard] victims: 5 across GPUs ['4', '5', '6', '7'] ... done
    [standard | dog-bird t9/10 idx=8219] poison_CTA=0.8448 poison_ASR=40%
  [dog-bird t10/10 idx=4547] fc craft_obj=0.0828 linf=0.0314
    [standard] victims: 5 across GPUs ['4', '5', '6', '7'] ... done
    [standard | dog-bird t10/10 idx=4547] poison_CTA=0.8491 poison_ASR=60%

  ==== pair dog-bird (fc) summary over 10 targets x 5 victims = 50 votes ====
    [standard                    ] poison CTA = 0.8467 +/- 0.0081   poison ASR = 66.0% +/- 47.4%
      tally (['airplane', 'automobile', 'bird', 'cat', 'deer', 'dog', 'frog', 'horse', 'ship', 'truck']): [0, 0, 5, 4, 3, 33, 1, 4, 0, 0]

[2026-07-01 02:59:29] wrote results_standard_nodistill_fc_VGG13BN_b200_eps8.{json,csv} to result/standard_nodistill
=== [2026-07-01 02:59:30] budget=0.01 ===
[2026-07-01 02:59:32] parallel victims ON: GPU pool=['4', '5', '6', '7'], parent pinned to GPU 4
[2026-07-01 02:59:32] device=cuda
[2026-07-01 02:59:32] hyperparams: {'dataset': 'CIFAR10', 'data_path': 'data', 'model': 'VGG13BN', 'out_dir': 'result/standard_nodistill', 'seed': 0, 'target_idx_file': None, 'dsa_strategy': 'color_crop_cutout_flip_scale_rotate', 'syn_data_path': 'result/res_DM_CIFAR10_ConvNet_50ipc.pt', 'surrogate_model': 'VGG13BN', 'num_surrogates': 4, 'surrogate_epochs': 80, 'surrogate_lr': 0.01, 'surrogate_bs': 256, 'attack': 'fc', 'class_pairs': ['dog-bird'], 'budget': 0.01, 'epsilon': 0.0313725, 'pgd_steps': 100, 'pgd_alpha': 0.0039216, 'restarts': 1, 'lambda_margin': 1.0, 'num_targets': 10, 'num_victims': 5, 'target_select': 'random', 'easy_targets': True, 'target_cache_dir': 'result/target_cache', 'parallel_victims': True, 'victim_epochs': 40, 'victim_lr': 0.1, 'victim_bs': 256, 'victim_decay': [35], 'victim_aug': False, 'clean_baseline': False, 'num_clean_victims': None, 'cache_dir': '', 'precompute_only': False, 'base_dist': 'l2', 'random_select': False, 'multilayer': True, 'curv_select': False, 'lambda_curv': 1.0, 'curv_damping': 1.0, 'curv_cg_iters': 10, 'curv_hessian_bs': 512, 'curv_cand_bs': 128, 'exact_select': True, 'if_damping': 0.01, 'if_cg_iters': 100, 'if_cg_tol': 0.0001, 'if_fd_h': 0.01, 'if_last_layer': False, 'if_hess_source': 'syn', 'if_hess_size': 512, 'if_max_surrogates': 1, 'verbose': True, 'single_surrogate': True, 'fast_gradmatch': False, 'surrogate_on_full_data': True, 'victim_pipelines': ['standard'], 'poison_cache_dir': '', 'log_file': ''}
[2026-07-01 02:59:32] victim pipelines (ablations): ['standard']
[2026-07-01 02:59:42] N_total=50000  budget=0.0100 -> N_p=500 poisons (all in y_adv class)

[2026-07-01 02:59:42] === training 4 surrogates (VGG13BN) on FULL real data (80 ep each) across GPUs ['4', '5', '6', '7'] ===
[2026-07-01 03:01:34] Evaluate_00: epoch = 0080 train time = 106 s train loss = 0.000005 train acc = 1.0000, test acc = 0.8614
[2026-07-01 03:01:34] Evaluate_01: epoch = 0080 train time = 105 s train loss = 0.000006 train acc = 1.0000, test acc = 0.8571
[2026-07-01 03:01:34] Evaluate_02: epoch = 0080 train time = 105 s train loss = 0.000005 train acc = 1.0000, test acc = 0.8565
[2026-07-01 03:01:34] Evaluate_03: epoch = 0080 train time = 105 s train loss = 0.000005 train acc = 1.0000, test acc = 0.8537
[2026-07-01 03:01:34] exact-IF Hessian set = 512 real train images

[2026-07-01 03:01:34] ################ pair dog-bird : y_adv=5(dog)  target_class=2(bird) ################
  targets (easy, loaded cache result/target_cache/easy_targets_VGG13BN_dog-bird_n10_seed0.json): [(2632, 'cat'), (2804, 'cat'), (740, 'bird'), (9375, 'cat'), (1723, 'bird'), (9035, 'deer'), (3387, 'cat'), (5290, 'cat'), (8219, 'cat'), (4547, 'cat')]
      [exact] CG iters used per surrogate: [19]
  [dog-bird t1/10 idx=2632] fc craft_obj=0.0691 linf=0.0314
    [standard] victims: 5 across GPUs ['4', '5', '6', '7'] ... done
    [standard | dog-bird t1/10 idx=2632] poison_CTA=0.8476 poison_ASR=80%
      [exact] CG iters used per surrogate: [18]
  [dog-bird t2/10 idx=2804] fc craft_obj=0.0836 linf=0.0314
    [standard] victims: 5 across GPUs ['4', '5', '6', '7'] ... done
    [standard | dog-bird t2/10 idx=2804] poison_CTA=0.8511 poison_ASR=80%
      [exact] CG iters used per surrogate: [18]
  [dog-bird t3/10 idx=740] fc craft_obj=0.0833 linf=0.0314
    [standard] victims: 5 across GPUs ['4', '5', '6', '7'] ... done
    [standard | dog-bird t3/10 idx=740] poison_CTA=0.8407 poison_ASR=20%
      [exact] CG iters used per surrogate: [19]
  [dog-bird t4/10 idx=9375] fc craft_obj=0.0694 linf=0.0314
    [standard] victims: 5 across GPUs ['4', '5', '6', '7'] ... done
    [standard | dog-bird t4/10 idx=9375] poison_CTA=0.8478 poison_ASR=60%
      [exact] CG iters used per surrogate: [19]
  [dog-bird t5/10 idx=1723] fc craft_obj=0.0765 linf=0.0314
    [standard] victims: 5 across GPUs ['4', '5', '6', '7'] ... done
    [standard | dog-bird t5/10 idx=1723] poison_CTA=0.8528 poison_ASR=80%
      [exact] CG iters used per surrogate: [19]
  [dog-bird t6/10 idx=9035] fc craft_obj=0.0794 linf=0.0314
    [standard] victims: 5 across GPUs ['4', '5', '6', '7'] ... done
    [standard | dog-bird t6/10 idx=9035] poison_CTA=0.8386 poison_ASR=80%
      [exact] CG iters used per surrogate: [19]
  [dog-bird t7/10 idx=3387] fc craft_obj=0.0681 linf=0.0314
    [standard] victims: 5 across GPUs ['4', '5', '6', '7'] ... done
    [standard | dog-bird t7/10 idx=3387] poison_CTA=0.8448 poison_ASR=100%
      [exact] CG iters used per surrogate: [19]
  [dog-bird t8/10 idx=5290] fc craft_obj=0.0789 linf=0.0314
    [standard] victims: 5 across GPUs ['4', '5', '6', '7'] ... done
    [standard | dog-bird t8/10 idx=5290] poison_CTA=0.8471 poison_ASR=80%
      [exact] CG iters used per surrogate: [19]
  [dog-bird t9/10 idx=8219] fc craft_obj=0.0798 linf=0.0314
    [standard] victims: 5 across GPUs ['4', '5', '6', '7'] ... done
    [standard | dog-bird t9/10 idx=8219] poison_CTA=0.8548 poison_ASR=100%
      [exact] CG iters used per surrogate: [18]
  [dog-bird t10/10 idx=4547] fc craft_obj=0.0731 linf=0.0314
    [standard] victims: 5 across GPUs ['4', '5', '6', '7'] ... done
    [standard | dog-bird t10/10 idx=4547] poison_CTA=0.8428 poison_ASR=80%

  ==== pair dog-bird (fc) summary over 10 targets x 5 victims = 50 votes ====
    [standard                    ] poison CTA = 0.8468 +/- 0.0091   poison ASR = 76.0% +/- 42.7%
      tally (['airplane', 'automobile', 'bird', 'cat', 'deer', 'dog', 'frog', 'horse', 'ship', 'truck']): [0, 0, 5, 3, 3, 38, 0, 1, 0, 0]

[2026-07-01 03:20:25] wrote results_standard_nodistill_fc_VGG13BN_b100_eps8.{json,csv} to result/standard_nodistill
[2026-07-01 03:20:28] parallel victims ON: GPU pool=['4', '5', '6', '7'], parent pinned to GPU 4
[2026-07-01 03:20:28] device=cuda
[2026-07-01 03:20:28] hyperparams: {'dataset': 'CIFAR10', 'data_path': 'data', 'model': 'VGG13BN', 'out_dir': 'result/standard_nodistill', 'seed': 0, 'target_idx_file': None, 'dsa_strategy': 'color_crop_cutout_flip_scale_rotate', 'syn_data_path': 'result/res_DM_CIFAR10_ConvNet_50ipc.pt', 'surrogate_model': 'VGG13BN', 'num_surrogates': 4, 'surrogate_epochs': 80, 'surrogate_lr': 0.01, 'surrogate_bs': 256, 'attack': 'fc', 'class_pairs': ['dog-bird'], 'budget': 0.01, 'epsilon': 0.0313725, 'pgd_steps': 100, 'pgd_alpha': 0.0039216, 'restarts': 1, 'lambda_margin': 1.0, 'num_targets': 10, 'num_victims': 5, 'target_select': 'random', 'easy_targets': True, 'target_cache_dir': 'result/target_cache', 'parallel_victims': True, 'victim_epochs': 40, 'victim_lr': 0.1, 'victim_bs': 256, 'victim_decay': [35], 'victim_aug': False, 'clean_baseline': False, 'num_clean_victims': None, 'cache_dir': '', 'precompute_only': False, 'base_dist': 'l2', 'random_select': True, 'multilayer': True, 'curv_select': False, 'lambda_curv': 1.0, 'curv_damping': 1.0, 'curv_cg_iters': 10, 'curv_hessian_bs': 512, 'curv_cand_bs': 128, 'exact_select': False, 'if_damping': 0.01, 'if_cg_iters': 100, 'if_cg_tol': 0.0001, 'if_fd_h': 0.01, 'if_last_layer': False, 'if_hess_source': 'syn', 'if_hess_size': 0, 'if_max_surrogates': 0, 'verbose': False, 'single_surrogate': True, 'fast_gradmatch': False, 'surrogate_on_full_data': True, 'victim_pipelines': ['standard'], 'poison_cache_dir': '', 'log_file': ''}
[2026-07-01 03:20:28] victim pipelines (ablations): ['standard']
[2026-07-01 03:20:37] N_total=50000  budget=0.0100 -> N_p=500 poisons (all in y_adv class)

[2026-07-01 03:20:37] === training 4 surrogates (VGG13BN) on FULL real data (80 ep each) across GPUs ['4', '5', '6', '7'] ===
[2026-07-01 03:22:29] Evaluate_00: epoch = 0080 train time = 106 s train loss = 0.000005 train acc = 1.0000, test acc = 0.8533
[2026-07-01 03:22:29] Evaluate_01: epoch = 0080 train time = 105 s train loss = 0.000004 train acc = 1.0000, test acc = 0.8564
[2026-07-01 03:22:29] Evaluate_02: epoch = 0080 train time = 105 s train loss = 0.000005 train acc = 1.0000, test acc = 0.8557
[2026-07-01 03:22:29] Evaluate_03: epoch = 0080 train time = 105 s train loss = 0.000005 train acc = 1.0000, test acc = 0.8553

[2026-07-01 03:22:29] ################ pair dog-bird : y_adv=5(dog)  target_class=2(bird) ################
  targets (easy, loaded cache result/target_cache/easy_targets_VGG13BN_dog-bird_n10_seed0.json): [(2632, 'cat'), (2804, 'cat'), (740, 'bird'), (9375, 'cat'), (1723, 'bird'), (9035, 'deer'), (3387, 'cat'), (5290, 'cat'), (8219, 'cat'), (4547, 'cat')]
  [dog-bird t1/10 idx=2632] fc craft_obj=0.0748 linf=0.0314
    [standard] victims: 5 across GPUs ['4', '5', '6', '7'] ... done
    [standard | dog-bird t1/10 idx=2632] poison_CTA=0.8565 poison_ASR=80%
  [dog-bird t2/10 idx=2804] fc craft_obj=0.0888 linf=0.0314
    [standard] victims: 5 across GPUs ['4', '5', '6', '7'] ... done
    [standard | dog-bird t2/10 idx=2804] poison_CTA=0.8441 poison_ASR=60%
  [dog-bird t3/10 idx=740] fc craft_obj=0.0836 linf=0.0314
    [standard] victims: 5 across GPUs ['4', '5', '6', '7'] ... 


=== main_FC.sh started 2026-07-01 00:48:01 — logging to logs/main_FC_20260701_004801.log ===
=== [2026-07-01 00:48:01] budget=0.1 ===
[2026-07-01 00:48:03] parallel victims ON: GPU pool=['0', '1', '2', '3'], parent pinned to GPU 0
[2026-07-01 00:48:03] device=cuda
[2026-07-01 00:48:03] hyperparams: {'dataset': 'CIFAR10', 'data_path': 'data', 'model': 'ResNet20BN', 'out_dir': 'result/standard_nodistill', 'seed': 0, 'target_idx_file': None, 'dsa_strategy': 'color_crop_cutout_flip_scale_rotate', 'syn_data_path': 'result/res_DM_CIFAR10_ConvNet_50ipc.pt', 'surrogate_model': 'ResNet20BN', 'num_surrogates': 4, 'surrogate_epochs': 80, 'surrogate_lr': 0.01, 'surrogate_bs': 256, 'attack': 'fc', 'class_pairs': ['dog-bird'], 'budget': 0.1, 'epsilon': 0.0313725, 'pgd_steps': 100, 'pgd_alpha': 0.0039216, 'restarts': 1, 'lambda_margin': 1.0, 'num_targets': 10, 'num_victims': 5, 'target_select': 'random', 'easy_targets': True, 'target_cache_dir': 'result/target_cache', 'parallel_victims': True, 'victim_epochs': 40, 'victim_lr': 0.1, 'victim_bs': 256, 'victim_decay': [35], 'victim_aug': False, 'clean_baseline': False, 'num_clean_victims': None, 'cache_dir': '', 'precompute_only': False, 'base_dist': 'l2', 'random_select': False, 'multilayer': True, 'curv_select': False, 'lambda_curv': 1.0, 'curv_damping': 1.0, 'curv_cg_iters': 10, 'curv_hessian_bs': 512, 'curv_cand_bs': 128, 'exact_select': True, 'if_damping': 0.01, 'if_cg_iters': 100, 'if_cg_tol': 0.0001, 'if_fd_h': 0.01, 'if_last_layer': False, 'if_hess_source': 'syn', 'if_hess_size': 512, 'if_max_surrogates': 1, 'verbose': True, 'single_surrogate': True, 'fast_gradmatch': False, 'surrogate_on_full_data': True, 'victim_pipelines': ['standard'], 'poison_cache_dir': '', 'log_file': ''}
[2026-07-01 00:48:03] victim pipelines (ablations): ['standard']
[2026-07-01 00:48:13] N_total=50000  budget=0.1000 -> N_p=5000 poisons (all in y_adv class)

[2026-07-01 00:48:14] === training 4 surrogates (ResNet20BN) on FULL real data (80 ep each) across GPUs ['0', '1', '2', '3'] ===
[2026-07-01 00:51:07] Evaluate_00: epoch = 0080 train time = 167 s train loss = 0.041558 train acc = 0.9856, test acc = 0.7811
[2026-07-01 00:51:07] Evaluate_01: epoch = 0080 train time = 165 s train loss = 0.000092 train acc = 1.0000, test acc = 0.8052
[2026-07-01 00:51:07] Evaluate_02: epoch = 0080 train time = 165 s train loss = 0.000083 train acc = 1.0000, test acc = 0.8100
[2026-07-01 00:51:07] Evaluate_03: epoch = 0080 train time = 165 s train loss = 0.000088 train acc = 1.0000, test acc = 0.8076
[2026-07-01 00:51:07] exact-IF Hessian set = 512 real train images

[2026-07-01 00:51:07] ################ pair dog-bird : y_adv=5(dog)  target_class=2(bird) ################
  targets (easy, label!=dog, saved cache result/target_cache/easy_targets_ResNet20BN_dog-bird_n10_seed0.json): [(1503, 'deer'), (4421, 'bird'), (2391, 'bird'), (1163, 'cat'), (9778, 'cat'), (6202, 'cat'), (3135, 'horse'), (8746, 'cat'), (3491, 'cat'), (4563, 'horse')]
      [exact] CG iters used per surrogate: [100]
  [dog-bird t1/10 idx=1503] fc craft_obj=0.0524 linf=0.0314
    [standard] victims: 5 across GPUs ['0', '1', '2', '3'] ... done
    [standard | dog-bird t1/10 idx=1503] poison_CTA=0.7701 poison_ASR=0%
      [exact] CG iters used per surrogate: [100]
  [dog-bird t2/10 idx=4421] fc craft_obj=0.0640 linf=0.0314
    [standard] victims: 5 across GPUs ['0', '1', '2', '3'] ... done
    [standard | dog-bird t2/10 idx=4421] poison_CTA=0.7717 poison_ASR=0%
      [exact] CG iters used per surrogate: [100]
  [dog-bird t3/10 idx=2391] fc craft_obj=0.0466 linf=0.0314
    [standard] victims: 5 across GPUs ['0', '1', '2', '3'] ... done
    [standard | dog-bird t3/10 idx=2391] poison_CTA=0.7740 poison_ASR=0%
      [exact] CG iters used per surrogate: [100]
  [dog-bird t4/10 idx=1163] fc craft_obj=0.0556 linf=0.0314
    [standard] victims: 5 across GPUs ['0', '1', '2', '3'] ... done
    [standard | dog-bird t4/10 idx=1163] poison_CTA=0.7753 poison_ASR=20%
      [exact] CG iters used per surrogate: [100]
  [dog-bird t5/10 idx=9778] fc craft_obj=0.0706 linf=0.0314
    [standard] victims: 5 across GPUs ['0', '1', '2', '3'] ... done
    [standard | dog-bird t5/10 idx=9778] poison_CTA=0.7702 poison_ASR=0%
      [exact] CG iters used per surrogate: [100]
  [dog-bird t6/10 idx=6202] fc craft_obj=0.0552 linf=0.0314
    [standard] victims: 5 across GPUs ['0', '1', '2', '3'] ... done
    [standard | dog-bird t6/10 idx=6202] poison_CTA=0.7740 poison_ASR=0%
      [exact] CG iters used per surrogate: [100]
  [dog-bird t7/10 idx=3135] fc craft_obj=0.0728 linf=0.0314
    [standard] victims: 5 across GPUs ['0', '1', '2', '3'] ... done
    [standard | dog-bird t7/10 idx=3135] poison_CTA=0.7717 poison_ASR=0%
      [exact] CG iters used per surrogate: [100]
  [dog-bird t8/10 idx=8746] fc craft_obj=0.0565 linf=0.0314
    [standard] victims: 5 across GPUs ['0', '1', '2', '3'] ... done
    [standard | dog-bird t8/10 idx=8746] poison_CTA=0.7723 poison_ASR=0%
      [exact] CG iters used per surrogate: [100]
  [dog-bird t9/10 idx=3491] fc craft_obj=0.0588 linf=0.0314
    [standard] victims: 5 across GPUs ['0', '1', '2', '3'] ... done
    [standard | dog-bird t9/10 idx=3491] poison_CTA=0.7737 poison_ASR=0%
      [exact] CG iters used per surrogate: [100]
  [dog-bird t10/10 idx=4563] fc craft_obj=0.0458 linf=0.0314
    [standard] victims: 5 across GPUs ['0', '1', '2', '3'] ... done
    [standard | dog-bird t10/10 idx=4563] poison_CTA=0.7682 poison_ASR=0%

  ==== pair dog-bird (fc) summary over 10 targets x 5 victims = 50 votes ====
    [standard                    ] poison CTA = 0.7721 +/- 0.0037   poison ASR = 2.0% +/- 14.0%
      tally (['airplane', 'automobile', 'bird', 'cat', 'deer', 'dog', 'frog', 'horse', 'ship', 'truck']): [0, 0, 12, 24, 3, 1, 1, 9, 0, 0]

[2026-07-01 01:22:31] wrote results_standard_nodistill_fc_ResNet20BN_b1000_eps8.{json,csv} to result/standard_nodistill
[2026-07-01 01:22:34] parallel victims ON: GPU pool=['0', '1', '2', '3'], parent pinned to GPU 0
[2026-07-01 01:22:35] device=cuda
[2026-07-01 01:22:35] hyperparams: {'dataset': 'CIFAR10', 'data_path': 'data', 'model': 'ResNet20BN', 'out_dir': 'result/standard_nodistill', 'seed': 0, 'target_idx_file': None, 'dsa_strategy': 'color_crop_cutout_flip_scale_rotate', 'syn_data_path': 'result/res_DM_CIFAR10_ConvNet_50ipc.pt', 'surrogate_model': 'ResNet20BN', 'num_surrogates': 4, 'surrogate_epochs': 80, 'surrogate_lr': 0.01, 'surrogate_bs': 256, 'attack': 'fc', 'class_pairs': ['dog-bird'], 'budget': 0.1, 'epsilon': 0.0313725, 'pgd_steps': 100, 'pgd_alpha': 0.0039216, 'restarts': 1, 'lambda_margin': 1.0, 'num_targets': 10, 'num_victims': 5, 'target_select': 'random', 'easy_targets': True, 'target_cache_dir': 'result/target_cache', 'parallel_victims': True, 'victim_epochs': 40, 'victim_lr': 0.1, 'victim_bs': 256, 'victim_decay': [35], 'victim_aug': False, 'clean_baseline': False, 'num_clean_victims': None, 'cache_dir': '', 'precompute_only': False, 'base_dist': 'l2', 'random_select': True, 'multilayer': True, 'curv_select': False, 'lambda_curv': 1.0, 'curv_damping': 1.0, 'curv_cg_iters': 10, 'curv_hessian_bs': 512, 'curv_cand_bs': 128, 'exact_select': False, 'if_damping': 0.01, 'if_cg_iters': 100, 'if_cg_tol': 0.0001, 'if_fd_h': 0.01, 'if_last_layer': False, 'if_hess_source': 'syn', 'if_hess_size': 0, 'if_max_surrogates': 0, 'verbose': False, 'single_surrogate': True, 'fast_gradmatch': False, 'surrogate_on_full_data': True, 'victim_pipelines': ['standard'], 'poison_cache_dir': '', 'log_file': ''}
[2026-07-01 01:22:35] victim pipelines (ablations): ['standard']
[2026-07-01 01:22:45] N_total=50000  budget=0.1000 -> N_p=5000 poisons (all in y_adv class)

[2026-07-01 01:22:46] === training 4 surrogates (ResNet20BN) on FULL real data (80 ep each) across GPUs ['0', '1', '2', '3'] ===
[2026-07-01 01:25:39] Evaluate_00: epoch = 0080 train time = 165 s train loss = 0.000087 train acc = 1.0000, test acc = 0.8087
[2026-07-01 01:25:39] Evaluate_01: epoch = 0080 train time = 166 s train loss = 0.000084 train acc = 1.0000, test acc = 0.8118
[2026-07-01 01:25:39] Evaluate_02: epoch = 0080 train time = 166 s train loss = 0.000089 train acc = 1.0000, test acc = 0.8101
[2026-07-01 01:25:39] Evaluate_03: epoch = 0080 train time = 167 s train loss = 0.000097 train acc = 1.0000, test acc = 0.8069

[2026-07-01 01:25:39] ################ pair dog-bird : y_adv=5(dog)  target_class=2(bird) ################
  targets (easy, loaded cache result/target_cache/easy_targets_ResNet20BN_dog-bird_n10_seed0.json): [(1503, 'deer'), (4421, 'bird'), (2391, 'bird'), (1163, 'cat'), (9778, 'cat'), (6202, 'cat'), (3135, 'horse'), (8746, 'cat'), (3491, 'cat'), (4563, 'horse')]
  [dog-bird t1/10 idx=1503] fc craft_obj=0.0602 linf=0.0314
    [standard] victims: 5 across GPUs ['0', '1', '2', '3'] ... done
    [standard | dog-bird t1/10 idx=1503] poison_CTA=0.7698 poison_ASR=0%
  [dog-bird t2/10 idx=4421] fc craft_obj=0.0617 linf=0.0314
    [standard] victims: 5 across GPUs ['0', '1', '2', '3'] ... done
    [standard | dog-bird t2/10 idx=4421] poison_CTA=0.7709 poison_ASR=0%
  [dog-bird t3/10 idx=2391] fc craft_obj=0.0590 linf=0.0314
    [standard] victims: 5 across GPUs ['0', '1', '2', '3'] ... done
    [standard | dog-bird t3/10 idx=2391] poison_CTA=0.7727 poison_ASR=0%
  [dog-bird t4/10 idx=1163] fc craft_obj=0.0643 linf=0.0314
    [standard] victims: 5 across GPUs ['0', '1', '2', '3'] ... done
    [standard | dog-bird t4/10 idx=1163] poison_CTA=0.7697 poison_ASR=0%
  [dog-bird t5/10 idx=9778] fc craft_obj=0.0808 linf=0.0314
    [standard] victims: 5 across GPUs ['0', '1', '2', '3'] ... done
    [standard | dog-bird t5/10 idx=9778] poison_CTA=0.7690 poison_ASR=0%
  [dog-bird t6/10 idx=6202] fc craft_obj=0.0548 linf=0.0314
    [standard] victims: 5 across GPUs ['0', '1', '2', '3'] ... done
    [standard | dog-bird t6/10 idx=6202] poison_CTA=0.7700 poison_ASR=0%
  [dog-bird t7/10 idx=3135] fc craft_obj=0.0722 linf=0.0314
    [standard] victims: 5 across GPUs ['0', '1', '2', '3'] ... done
    [standard | dog-bird t7/10 idx=3135] poison_CTA=0.7729 poison_ASR=0%
  [dog-bird t8/10 idx=8746] fc craft_obj=0.0539 linf=0.0314
    [standard] victims: 5 across GPUs ['0', '1', '2', '3'] ... done
    [standard | dog-bird t8/10 idx=8746] poison_CTA=0.7701 poison_ASR=0%
  [dog-bird t9/10 idx=3491] fc craft_obj=0.0648 linf=0.0314
    [standard] victims: 5 across GPUs ['0', '1', '2', '3'] ... done
    [standard | dog-bird t9/10 idx=3491] poison_CTA=0.7739 poison_ASR=0%
  [dog-bird t10/10 idx=4563] fc craft_obj=0.0475 linf=0.0314
    [standard] victims: 5 across GPUs ['0', '1', '2', '3'] ... done
    [standard | dog-bird t10/10 idx=4563] poison_CTA=0.7760 poison_ASR=0%

  ==== pair dog-bird (fc) summary over 10 targets x 5 victims = 50 votes ====
    [standard                    ] poison CTA = 0.7715 +/- 0.0046   poison ASR = 0.0% +/- 0.0%
      tally (['airplane', 'automobile', 'bird', 'cat', 'deer', 'dog', 'frog', 'horse', 'ship', 'truck']): [1, 0, 13, 23, 3, 0, 1, 9, 0, 0]

[2026-07-01 01:55:09] wrote results_standard_nodistill_fc_ResNet20BN_b1000_eps8.{json,csv} to result/standard_nodistill
=== [2026-07-01 01:55:10] budget=0.05 ===
[2026-07-01 01:55:12] parallel victims ON: GPU pool=['0', '1', '2', '3'], parent pinned to GPU 0
[2026-07-01 01:55:12] device=cuda
[2026-07-01 01:55:12] hyperparams: {'dataset': 'CIFAR10', 'data_path': 'data', 'model': 'ResNet20BN', 'out_dir': 'result/standard_nodistill', 'seed': 0, 'target_idx_file': None, 'dsa_strategy': 'color_crop_cutout_flip_scale_rotate', 'syn_data_path': 'result/res_DM_CIFAR10_ConvNet_50ipc.pt', 'surrogate_model': 'ResNet20BN', 'num_surrogates': 4, 'surrogate_epochs': 80, 'surrogate_lr': 0.01, 'surrogate_bs': 256, 'attack': 'fc', 'class_pairs': ['dog-bird'], 'budget': 0.05, 'epsilon': 0.0313725, 'pgd_steps': 100, 'pgd_alpha': 0.0039216, 'restarts': 1, 'lambda_margin': 1.0, 'num_targets': 10, 'num_victims': 5, 'target_select': 'random', 'easy_targets': True, 'target_cache_dir': 'result/target_cache', 'parallel_victims': True, 'victim_epochs': 40, 'victim_lr': 0.1, 'victim_bs': 256, 'victim_decay': [35], 'victim_aug': False, 'clean_baseline': False, 'num_clean_victims': None, 'cache_dir': '', 'precompute_only': False, 'base_dist': 'l2', 'random_select': False, 'multilayer': True, 'curv_select': False, 'lambda_curv': 1.0, 'curv_damping': 1.0, 'curv_cg_iters': 10, 'curv_hessian_bs': 512, 'curv_cand_bs': 128, 'exact_select': True, 'if_damping': 0.01, 'if_cg_iters': 100, 'if_cg_tol': 0.0001, 'if_fd_h': 0.01, 'if_last_layer': False, 'if_hess_source': 'syn', 'if_hess_size': 512, 'if_max_surrogates': 1, 'verbose': True, 'single_surrogate': True, 'fast_gradmatch': False, 'surrogate_on_full_data': True, 'victim_pipelines': ['standard'], 'poison_cache_dir': '', 'log_file': ''}
[2026-07-01 01:55:12] victim pipelines (ablations): ['standard']
[2026-07-01 01:55:22] N_total=50000  budget=0.0500 -> N_p=2500 poisons (all in y_adv class)

[2026-07-01 01:55:23] === training 4 surrogates (ResNet20BN) on FULL real data (80 ep each) across GPUs ['0', '1', '2', '3'] ===
[2026-07-01 01:58:16] Evaluate_00: epoch = 0080 train time = 166 s train loss = 0.000087 train acc = 1.0000, test acc = 0.8124
[2026-07-01 01:58:16] Evaluate_01: epoch = 0080 train time = 164 s train loss = 0.000078 train acc = 1.0000, test acc = 0.8105
[2026-07-01 01:58:16] Evaluate_02: epoch = 0080 train time = 164 s train loss = 0.000092 train acc = 1.0000, test acc = 0.8163
[2026-07-01 01:58:16] Evaluate_03: epoch = 0080 train time = 166 s train loss = 0.000209 train acc = 1.0000, test acc = 0.8011
[2026-07-01 01:58:16] exact-IF Hessian set = 512 real train images

[2026-07-01 01:58:16] ################ pair dog-bird : y_adv=5(dog)  target_class=2(bird) ################
  targets (easy, loaded cache result/target_cache/easy_targets_ResNet20BN_dog-bird_n10_seed0.json): [(1503, 'deer'), (4421, 'bird'), (2391, 'bird'), (1163, 'cat'), (9778, 'cat'), (6202, 'cat'), (3135, 'horse'), (8746, 'cat'), (3491, 'cat'), (4563, 'horse')]
      [exact] CG iters used per surrogate: [100]
  [dog-bird t1/10 idx=1503] fc craft_obj=0.0540 linf=0.0314
    [standard] victims: 5 across GPUs ['0', '1', '2', '3'] ... done
    [standard | dog-bird t1/10 idx=1503] poison_CTA=0.8204 poison_ASR=0%
      [exact] CG iters used per surrogate: [100]
  [dog-bird t2/10 idx=4421] fc craft_obj=0.0546 linf=0.0314
    [standard] victims: 5 across GPUs ['0', '1', '2', '3'] ... done
    [standard | dog-bird t2/10 idx=4421] poison_CTA=0.8233 poison_ASR=0%
      [exact] CG iters used per surrogate: [100]
  [dog-bird t3/10 idx=2391] fc craft_obj=0.0472 linf=0.0314
    [standard] victims: 5 across GPUs ['0', '1', '2', '3'] ... done
    [standard | dog-bird t3/10 idx=2391] poison_CTA=0.8289 poison_ASR=0%
      [exact] CG iters used per surrogate: [100]
  [dog-bird t4/10 idx=1163] fc craft_obj=0.0580 linf=0.0314
    [standard] victims: 5 across GPUs ['0', '1', '2', '3'] ... done
    [standard | dog-bird t4/10 idx=1163] poison_CTA=0.8275 poison_ASR=80%
      [exact] CG iters used per surrogate: [100]
  [dog-bird t5/10 idx=9778] fc craft_obj=0.0778 linf=0.0314
    [standard] victims: 5 across GPUs ['0', '1', '2', '3'] ... done
    [standard | dog-bird t5/10 idx=9778] poison_CTA=0.8278 poison_ASR=60%
      [exact] CG iters used per surrogate: [100]
  [dog-bird t6/10 idx=6202] fc craft_obj=0.0602 linf=0.0314
    [standard] victims: 5 across GPUs ['0', '1', '2', '3'] ... done
    [standard | dog-bird t6/10 idx=6202] poison_CTA=0.8286 poison_ASR=0%
      [exact] CG iters used per surrogate: [100]
  [dog-bird t7/10 idx=3135] fc craft_obj=0.0624 linf=0.0314
    [standard] victims: 5 across GPUs ['0', '1', '2', '3'] ... done
    [standard | dog-bird t7/10 idx=3135] poison_CTA=0.8267 poison_ASR=40%
      [exact] CG iters used per surrogate: [100]
  [dog-bird t8/10 idx=8746] fc craft_obj=0.0568 linf=0.0314
    [standard] victims: 5 across GPUs ['0', '1', '2', '3'] ... done
    [standard | dog-bird t8/10 idx=8746] poison_CTA=0.8217 poison_ASR=20%
      [exact] CG iters used per surrogate: [100]
  [dog-bird t9/10 idx=3491] fc craft_obj=0.0655 linf=0.0314
    [standard] victims: 5 across GPUs ['0', '1', '2', '3'] ... done
    [standard | dog-bird t9/10 idx=3491] poison_CTA=0.8278 poison_ASR=60%
      [exact] CG iters used per surrogate: [100]
  [dog-bird t10/10 idx=4563] fc craft_obj=0.0549 linf=0.0314
    [standard] victims: 5 across GPUs ['0', '1', '2', '3'] ... done
    [standard | dog-bird t10/10 idx=4563] poison_CTA=0.8260 poison_ASR=0%

  ==== pair dog-bird (fc) summary over 10 targets x 5 victims = 50 votes ====
    [standard                    ] poison CTA = 0.8259 +/- 0.0044   poison ASR = 26.0% +/- 43.9%
      tally (['airplane', 'automobile', 'bird', 'cat', 'deer', 'dog', 'frog', 'horse', 'ship', 'truck']): [0, 0, 14, 12, 4, 13, 2, 5, 0, 0]

[2026-07-01 02:29:19] wrote results_standard_nodistill_fc_ResNet20BN_b500_eps8.{json,csv} to result/standard_nodistill
[2026-07-01 02:29:22] parallel victims ON: GPU pool=['0', '1', '2', '3'], parent pinned to GPU 0
[2026-07-01 02:29:23] device=cuda
[2026-07-01 02:29:23] hyperparams: {'dataset': 'CIFAR10', 'data_path': 'data', 'model': 'ResNet20BN', 'out_dir': 'result/standard_nodistill', 'seed': 0, 'target_idx_file': None, 'dsa_strategy': 'color_crop_cutout_flip_scale_rotate', 'syn_data_path': 'result/res_DM_CIFAR10_ConvNet_50ipc.pt', 'surrogate_model': 'ResNet20BN', 'num_surrogates': 4, 'surrogate_epochs': 80, 'surrogate_lr': 0.01, 'surrogate_bs': 256, 'attack': 'fc', 'class_pairs': ['dog-bird'], 'budget': 0.05, 'epsilon': 0.0313725, 'pgd_steps': 100, 'pgd_alpha': 0.0039216, 'restarts': 1, 'lambda_margin': 1.0, 'num_targets': 10, 'num_victims': 5, 'target_select': 'random', 'easy_targets': True, 'target_cache_dir': 'result/target_cache', 'parallel_victims': True, 'victim_epochs': 40, 'victim_lr': 0.1, 'victim_bs': 256, 'victim_decay': [35], 'victim_aug': False, 'clean_baseline': False, 'num_clean_victims': None, 'cache_dir': '', 'precompute_only': False, 'base_dist': 'l2', 'random_select': True, 'multilayer': True, 'curv_select': False, 'lambda_curv': 1.0, 'curv_damping': 1.0, 'curv_cg_iters': 10, 'curv_hessian_bs': 512, 'curv_cand_bs': 128, 'exact_select': False, 'if_damping': 0.01, 'if_cg_iters': 100, 'if_cg_tol': 0.0001, 'if_fd_h': 0.01, 'if_last_layer': False, 'if_hess_source': 'syn', 'if_hess_size': 0, 'if_max_surrogates': 0, 'verbose': False, 'single_surrogate': True, 'fast_gradmatch': False, 'surrogate_on_full_data': True, 'victim_pipelines': ['standard'], 'poison_cache_dir': '', 'log_file': ''}
[2026-07-01 02:29:23] victim pipelines (ablations): ['standard']
[2026-07-01 02:29:33] N_total=50000  budget=0.0500 -> N_p=2500 poisons (all in y_adv class)

[2026-07-01 02:29:33] === training 4 surrogates (ResNet20BN) on FULL real data (80 ep each) across GPUs ['0', '1', '2', '3'] ===
[2026-07-01 02:32:25] Evaluate_00: epoch = 0080 train time = 167 s train loss = 0.000094 train acc = 1.0000, test acc = 0.8042
[2026-07-01 02:32:25] Evaluate_01: epoch = 0080 train time = 164 s train loss = 0.000082 train acc = 1.0000, test acc = 0.8117
[2026-07-01 02:32:25] Evaluate_02: epoch = 0080 train time = 165 s train loss = 0.000086 train acc = 1.0000, test acc = 0.8119
[2026-07-01 02:32:25] Evaluate_03: epoch = 0080 train time = 163 s train loss = 0.000091 train acc = 1.0000, test acc = 0.8079

[2026-07-01 02:32:25] ################ pair dog-bird : y_adv=5(dog)  target_class=2(bird) ################
  targets (easy, loaded cache result/target_cache/easy_targets_ResNet20BN_dog-bird_n10_seed0.json): [(1503, 'deer'), (4421, 'bird'), (2391, 'bird'), (1163, 'cat'), (9778, 'cat'), (6202, 'cat'), (3135, 'horse'), (8746, 'cat'), (3491, 'cat'), (4563, 'horse')]
  [dog-bird t1/10 idx=1503] fc craft_obj=0.0473 linf=0.0314
    [standard] victims: 5 across GPUs ['0', '1', '2', '3'] ... done
    [standard | dog-bird t1/10 idx=1503] poison_CTA=0.8266 poison_ASR=0%
  [dog-bird t2/10 idx=4421] fc craft_obj=0.0609 linf=0.0314
    [standard] victims: 5 across GPUs ['0', '1', '2', '3'] ... done
    [standard | dog-bird t2/10 idx=4421] poison_CTA=0.8286 poison_ASR=0%
  [dog-bird t3/10 idx=2391] fc craft_obj=0.0487 linf=0.0314
    [standard] victims: 5 across GPUs ['0', '1', '2', '3'] ... done
    [standard | dog-bird t3/10 idx=2391] poison_CTA=0.8281 poison_ASR=0%
  [dog-bird t4/10 idx=1163] fc craft_obj=0.0492 linf=0.0314
    [standard] victims: 5 across GPUs ['0', '1', '2', '3'] ... done
    [standard | dog-bird t4/10 idx=1163] poison_CTA=0.8317 poison_ASR=40%
  [dog-bird t5/10 idx=9778] fc craft_obj=0.0614 linf=0.0314
    [standard] victims: 5 across GPUs ['0', '1', '2', '3'] ... done
    [standard | dog-bird t5/10 idx=9778] poison_CTA=0.8324 poison_ASR=40%
  [dog-bird t6/10 idx=6202] fc craft_obj=0.0528 linf=0.0314
    [standard] victims: 5 across GPUs ['0', '1', '2', '3'] ... done
    [standard | dog-bird t6/10 idx=6202] poison_CTA=0.8265 poison_ASR=0%
  [dog-bird t7/10 idx=3135] fc craft_obj=0.0637 linf=0.0314
    [standard] victims: 5 across GPUs ['0', '1', '2', '3'] ... done
    [standard | dog-bird t7/10 idx=3135] poison_CTA=0.8316 poison_ASR=60%
  [dog-bird t8/10 idx=8746] fc craft_obj=0.0461 linf=0.0314
    [standard] victims: 5 across GPUs ['0', '1', '2', '3'] ... done
    [standard | dog-bird t8/10 idx=8746] poison_CTA=0.8270 poison_ASR=0%
  [dog-bird t9/10 idx=3491] fc craft_obj=0.0654 linf=0.0314
    [standard] victims: 5 across GPUs ['0', '1', '2', '3'] ... done
    [standard | dog-bird t9/10 idx=3491] poison_CTA=0.8259 poison_ASR=20%
  [dog-bird t10/10 idx=4563] fc craft_obj=0.0520 linf=0.0314
    [standard] victims: 5 across GPUs ['0', '1', '2', '3'] ... done
    [standard | dog-bird t10/10 idx=4563] poison_CTA=0.8294 poison_ASR=20%

  ==== pair dog-bird (fc) summary over 10 targets x 5 victims = 50 votes ====
    [standard                    ] poison CTA = 0.8288 +/- 0.0042   poison ASR = 18.0% +/- 38.4%
      tally (['airplane', 'automobile', 'bird', 'cat', 'deer', 'dog', 'frog', 'horse', 'ship', 'truck']): [0, 0, 12, 13, 5, 9, 3, 7, 1, 0]

[2026-07-01 03:01:10] wrote results_standard_nodistill_fc_ResNet20BN_b500_eps8.{json,csv} to result/standard_nodistill
=== [2026-07-01 03:01:11] budget=0.02 ===
[2026-07-01 03:01:13] parallel victims ON: GPU pool=['0', '1', '2', '3'], parent pinned to GPU 0
[2026-07-01 03:01:13] device=cuda
[2026-07-01 03:01:13] hyperparams: {'dataset': 'CIFAR10', 'data_path': 'data', 'model': 'ResNet20BN', 'out_dir': 'result/standard_nodistill', 'seed': 0, 'target_idx_file': None, 'dsa_strategy': 'color_crop_cutout_flip_scale_rotate', 'syn_data_path': 'result/res_DM_CIFAR10_ConvNet_50ipc.pt', 'surrogate_model': 'ResNet20BN', 'num_surrogates': 4, 'surrogate_epochs': 80, 'surrogate_lr': 0.01, 'surrogate_bs': 256, 'attack': 'fc', 'class_pairs': ['dog-bird'], 'budget': 0.02, 'epsilon': 0.0313725, 'pgd_steps': 100, 'pgd_alpha': 0.0039216, 'restarts': 1, 'lambda_margin': 1.0, 'num_targets': 10, 'num_victims': 5, 'target_select': 'random', 'easy_targets': True, 'target_cache_dir': 'result/target_cache', 'parallel_victims': True, 'victim_epochs': 40, 'victim_lr': 0.1, 'victim_bs': 256, 'victim_decay': [35], 'victim_aug': False, 'clean_baseline': False, 'num_clean_victims': None, 'cache_dir': '', 'precompute_only': False, 'base_dist': 'l2', 'random_select': False, 'multilayer': True, 'curv_select': False, 'lambda_curv': 1.0, 'curv_damping': 1.0, 'curv_cg_iters': 10, 'curv_hessian_bs': 512, 'curv_cand_bs': 128, 'exact_select': True, 'if_damping': 0.01, 'if_cg_iters': 100, 'if_cg_tol': 0.0001, 'if_fd_h': 0.01, 'if_last_layer': False, 'if_hess_source': 'syn', 'if_hess_size': 512, 'if_max_surrogates': 1, 'verbose': True, 'single_surrogate': True, 'fast_gradmatch': False, 'surrogate_on_full_data': True, 'victim_pipelines': ['standard'], 'poison_cache_dir': '', 'log_file': ''}
[2026-07-01 03:01:13] victim pipelines (ablations): ['standard']
[2026-07-01 03:01:22] N_total=50000  budget=0.0200 -> N_p=1000 poisons (all in y_adv class)

[2026-07-01 03:01:22] === training 4 surrogates (ResNet20BN) on FULL real data (80 ep each) across GPUs ['0', '1', '2', '3'] ===
[2026-07-01 03:04:13] Evaluate_00: epoch = 0080 train time = 165 s train loss = 0.000076 train acc = 1.0000, test acc = 0.8114
[2026-07-01 03:04:13] Evaluate_01: epoch = 0080 train time = 163 s train loss = 0.000082 train acc = 1.0000, test acc = 0.8123
[2026-07-01 03:04:13] Evaluate_02: epoch = 0080 train time = 164 s train loss = 0.000092 train acc = 1.0000, test acc = 0.8080
[2026-07-01 03:04:13] Evaluate_03: epoch = 0080 train time = 164 s train loss = 0.000097 train acc = 1.0000, test acc = 0.8105
[2026-07-01 03:04:13] exact-IF Hessian set = 512 real train images

[2026-07-01 03:04:13] ################ pair dog-bird : y_adv=5(dog)  target_class=2(bird) ################
  targets (easy, loaded cache result/target_cache/easy_targets_ResNet20BN_dog-bird_n10_seed0.json): [(1503, 'deer'), (4421, 'bird'), (2391, 'bird'), (1163, 'cat'), (9778, 'cat'), (6202, 'cat'), (3135, 'horse'), (8746, 'cat'), (3491, 'cat'), (4563, 'horse')]
      [exact] CG iters used per surrogate: [100]
  [dog-bird t1/10 idx=1503] fc craft_obj=0.0560 linf=0.0314
    [standard] victims: 5 across GPUs ['0', '1', '2', '3'] ... done
    [standard | dog-bird t1/10 idx=1503] poison_CTA=0.8276 poison_ASR=0%
      [exact] CG iters used per surrogate: [100]
  [dog-bird t2/10 idx=4421] fc craft_obj=0.0660 linf=0.0314
    [standard] victims: 5 across GPUs ['0', '1', '2', '3'] ... done
    [standard | dog-bird t2/10 idx=4421] poison_CTA=0.8332 poison_ASR=0%
      [exact] CG iters used per surrogate: [100]
  [dog-bird t3/10 idx=2391] fc craft_obj=0.0595 linf=0.0314
    [standard] victims: 5 across GPUs ['0', '1', '2', '3'] ... done
    [standard | dog-bird t3/10 idx=2391] poison_CTA=0.8302 poison_ASR=0%
      [exact] CG iters used per surrogate: [100]
  [dog-bird t4/10 idx=1163] fc craft_obj=0.0503 linf=0.0314
    [standard] victims: 5 across GPUs ['0', '1', '2', '3'] ... done
    [standard | dog-bird t4/10 idx=1163] poison_CTA=0.8306 poison_ASR=60%
      [exact] CG iters used per surrogate: [100]
  [dog-bird t5/10 idx=9778] fc craft_obj=0.0600 linf=0.0314
    [standard] victims: 5 across GPUs ['0', '1', '2', '3'] ... done
    [standard | dog-bird t5/10 idx=9778] poison_CTA=0.8303 poison_ASR=20%
      [exact] CG iters used per surrogate: [100]
  [dog-bird t6/10 idx=6202] fc craft_obj=0.0576 linf=0.0314
    [standard] victims: 5 across GPUs ['0', '1', '2', '3'] ... done
    [standard | dog-bird t6/10 idx=6202] poison_CTA=0.8300 poison_ASR=0%
      [exact] CG iters used per surrogate: [100]
  [dog-bird t7/10 idx=3135] fc craft_obj=0.0658 linf=0.0314
    [standard] victims: 5 across GPUs ['0', '1', '2', '3'] ... done
    [standard | dog-bird t7/10 idx=3135] poison_CTA=0.8278 poison_ASR=0%
      [exact] CG iters used per surrogate: [100]
  [dog-bird t8/10 idx=8746] fc craft_obj=0.0529 linf=0.0314
    [standard] victims: 5 across GPUs ['0', '1', '2', '3'] ... 


=== main_FC.sh started 2026-07-01 01:35:27 — logging to logs/main_FC_20260701_013527.log ===
=== [2026-07-01 01:35:27] budget=0.1 ===
[2026-07-01 01:35:32] device=cuda
[2026-07-01 01:35:32] hyperparams: {'dataset': 'CIFAR10', 'data_path': '/home/mmoslem3/scratch/data', 'model': 'ResNet20BN', 'out_dir': 'result/standard_nodistill', 'seed': 0, 'target_idx_file': None, 'dsa_strategy': 'color_crop_cutout_flip_scale_rotate', 'syn_data_path': 'result/res_DM_CIFAR10_ConvNet_50ipc.pt', 'surrogate_model': 'ResNet20BN', 'num_surrogates': 4, 'surrogate_epochs': 80, 'surrogate_lr': 0.01, 'surrogate_bs': 256, 'attack': 'gradmatch', 'class_pairs': ['dog-bird'], 'budget': 0.1, 'epsilon': 0.0313725, 'pgd_steps': 100, 'pgd_alpha': 0.0039216, 'restarts': 4, 'lambda_margin': 1.0, 'num_targets': 10, 'num_victims': 5, 'target_select': 'random', 'easy_targets': True, 'target_cache_dir': 'result/target_cache', 'parallel_victims': False, 'victim_epochs': 40, 'victim_lr': 0.1, 'victim_bs': 256, 'victim_decay': [35], 'victim_aug': False, 'clean_baseline': False, 'num_clean_victims': None, 'cache_dir': '', 'precompute_only': False, 'base_dist': 'l2', 'random_select': False, 'multilayer': True, 'curv_select': False, 'lambda_curv': 1.0, 'curv_damping': 1.0, 'curv_cg_iters': 10, 'curv_hessian_bs': 512, 'curv_cand_bs': 128, 'exact_select': True, 'if_damping': 0.01, 'if_cg_iters': 100, 'if_cg_tol': 0.0001, 'if_fd_h': 0.01, 'if_last_layer': False, 'if_hess_source': 'syn', 'if_hess_size': 512, 'if_max_surrogates': 1, 'verbose': True, 'single_surrogate': True, 'fast_gradmatch': False, 'surrogate_on_full_data': True, 'victim_pipelines': ['standard'], 'poison_cache_dir': '', 'log_file': ''}
[2026-07-01 01:35:32] victim pipelines (ablations): ['standard']
[2026-07-01 01:35:46] N_total=50000  budget=0.1000 -> N_p=5000 poisons (all in y_adv class)

[2026-07-01 01:35:46] === training 4 surrogates (ResNet20BN) on FULL real data (80 ep each) ===
[2026-07-01 01:37:39] Evaluate_00: epoch = 0080 train time = 113 s train loss = 0.000083 train acc = 1.0000, test acc = 0.8067
[2026-07-01 01:39:33] Evaluate_01: epoch = 0080 train time = 113 s train loss = 0.000085 train acc = 1.0000, test acc = 0.8080
[2026-07-01 01:41:27] Evaluate_02: epoch = 0080 train time = 113 s train loss = 0.000112 train acc = 1.0000, test acc = 0.8113
[2026-07-01 01:43:21] Evaluate_03: epoch = 0080 train time = 113 s train loss = 0.000090 train acc = 1.0000, test acc = 0.8148
[2026-07-01 01:43:21] exact-IF Hessian set = 512 real train images

[2026-07-01 01:43:21] ################ pair dog-bird : y_adv=5(dog)  target_class=2(bird) ################
  targets (easy, loaded cache result/target_cache/easy_targets_ResNet20BN_dog-bird_n10_seed0.json): [(1503, 'deer'), (4421, 'bird'), (2391, 'bird'), (1163, 'cat'), (9778, 'cat'), (6202, 'cat'), (3135, 'horse'), (8746, 'cat'), (3491, 'cat'), (4563, 'horse')]
      [exact] CG iters used per surrogate: [100]
  [dog-bird t1/10 idx=1503] gradmatch craft_obj=0.1457 linf=0.0314
    [standard] victims: v1 done, v2 done, v3 done, v4 done, v5 done
    [standard | dog-bird t1/10 idx=1503] poison_CTA=0.7754 poison_ASR=60%
      [exact] CG iters used per surrogate: [100]
  [dog-bird t2/10 idx=4421] gradmatch craft_obj=0.1758 linf=0.0314
    [standard] victims: v1 done, v2 done, v3 done, v4 done, v5 done
    [standard | dog-bird t2/10 idx=4421] poison_CTA=0.7780 poison_ASR=20%
      [exact] CG iters used per surrogate: [100]
  [dog-bird t3/10 idx=2391] gradmatch craft_obj=0.1150 linf=0.0314
    [standard] victims: v1 done, v2 done, v3 done, v4 done, v5 done
    [standard | dog-bird t3/10 idx=2391] poison_CTA=0.7748 poison_ASR=0%
      [exact] CG iters used per surrogate: [100]
  [dog-bird t4/10 idx=1163] gradmatch craft_obj=0.1370 linf=0.0314
    [standard] victims: v1 done, v2 done, v3 done, v4 done, v5 done
    [standard | dog-bird t4/10 idx=1163] poison_CTA=0.7814 poison_ASR=100%
      [exact] CG iters used per surrogate: [100]
  [dog-bird t5/10 idx=9778] gradmatch craft_obj=0.1084 linf=0.0314
    [standard] victims: v1 done, v2 done, v3 done, v4 done, v5 done
    [standard | dog-bird t5/10 idx=9778] poison_CTA=0.7799 poison_ASR=100%
      [exact] CG iters used per surrogate: [100]
  [dog-bird t6/10 idx=6202] gradmatch craft_obj=0.1229 linf=0.0314
    [standard] victims: v1 done, v2 done, v3 done, v4 done, v5 done
    [standard | dog-bird t6/10 idx=6202] poison_CTA=0.7769 poison_ASR=0%
      [exact] CG iters used per surrogate: [100]
  [dog-bird t7/10 idx=3135] gradmatch craft_obj=0.1057 linf=0.0314
    [standard] victims: v1 done, v2 done, v3 done, v4 done, v5 done
    [standard | dog-bird t7/10 idx=3135] poison_CTA=0.7849 poison_ASR=80%
      [exact] CG iters used per surrogate: [100]
  [dog-bird t8/10 idx=8746] gradmatch craft_obj=0.1413 linf=0.0314
    [standard] victims: v1 done, v2 done, v3 done, v4 done, v5 done
    [standard | dog-bird t8/10 idx=8746] poison_CTA=0.7831 poison_ASR=0%
      [exact] CG iters used per surrogate: [100]
  [dog-bird t9/10 idx=3491] gradmatch craft_obj=0.1184 linf=0.0314
    [standard] victims: v1 done, v2 done, v3 done, v4 done, v5 done
    [standard | dog-bird t9/10 idx=3491] poison_CTA=0.7747 poison_ASR=40%
      [exact] CG iters used per surrogate: [100]
  [dog-bird t10/10 idx=4563] gradmatch craft_obj=0.1481 linf=0.0314
    [standard] victims: v1 done, v2 done, v3 done, v4 done, v5 done
    [standard | dog-bird t10/10 idx=4563] poison_CTA=0.7763 poison_ASR=60%

  ==== pair dog-bird (gradmatch) summary over 10 targets x 5 victims = 50 votes ====
    [standard                    ] poison CTA = 0.7785 +/- 0.0048   poison ASR = 46.0% +/- 49.8%
      tally (['airplane', 'automobile', 'bird', 'cat', 'deer', 'dog', 'frog', 'horse', 'ship', 'truck']): [0, 0, 11, 11, 1, 23, 2, 2, 0, 0]

[2026-07-01 03:55:56] wrote results_standard_nodistill_gradmatch_ResNet20BN_b1000_eps8.{json,csv} to result/standard_nodistill
=== [2026-07-01 03:55:57] budget=0.05 ===
[2026-07-01 03:56:01] device=cuda
[2026-07-01 03:56:01] hyperparams: {'dataset': 'CIFAR10', 'data_path': '/home/mmoslem3/scratch/data', 'model': 'ResNet20BN', 'out_dir': 'result/standard_nodistill', 'seed': 0, 'target_idx_file': None, 'dsa_strategy': 'color_crop_cutout_flip_scale_rotate', 'syn_data_path': 'result/res_DM_CIFAR10_ConvNet_50ipc.pt', 'surrogate_model': 'ResNet20BN', 'num_surrogates': 4, 'surrogate_epochs': 80, 'surrogate_lr': 0.01, 'surrogate_bs': 256, 'attack': 'gradmatch', 'class_pairs': ['dog-bird'], 'budget': 0.05, 'epsilon': 0.0313725, 'pgd_steps': 100, 'pgd_alpha': 0.0039216, 'restarts': 4, 'lambda_margin': 1.0, 'num_targets': 10, 'num_victims': 5, 'target_select': 'random', 'easy_targets': True, 'target_cache_dir': 'result/target_cache', 'parallel_victims': False, 'victim_epochs': 40, 'victim_lr': 0.1, 'victim_bs': 256, 'victim_decay': [35], 'victim_aug': False, 'clean_baseline': False, 'num_clean_victims': None, 'cache_dir': '', 'precompute_only': False, 'base_dist': 'l2', 'random_select': False, 'multilayer': True, 'curv_select': False, 'lambda_curv': 1.0, 'curv_damping': 1.0, 'curv_cg_iters': 10, 'curv_hessian_bs': 512, 'curv_cand_bs': 128, 'exact_select': True, 'if_damping': 0.01, 'if_cg_iters': 100, 'if_cg_tol': 0.0001, 'if_fd_h': 0.01, 'if_last_layer': False, 'if_hess_source': 'syn', 'if_hess_size': 512, 'if_max_surrogates': 1, 'verbose': True, 'single_surrogate': True, 'fast_gradmatch': False, 'surrogate_on_full_data': True, 'victim_pipelines': ['standard'], 'poison_cache_dir': '', 'log_file': ''}
[2026-07-01 03:56:01] victim pipelines (ablations): ['standard']
[2026-07-01 03:56:14] N_total=50000  budget=0.0500 -> N_p=2500 poisons (all in y_adv class)

[2026-07-01 03:56:14] === training 4 surrogates (ResNet20BN) on FULL real data (80 ep each) ===
[2026-07-01 03:58:08] Evaluate_00: epoch = 0080 train time = 113 s train loss = 0.000088 train acc = 1.0000, test acc = 0.8176
[2026-07-01 04:00:02] Evaluate_01: epoch = 0080 train time = 113 s train loss = 0.000093 train acc = 1.0000, test acc = 0.8104
[2026-07-01 04:01:55] Evaluate_02: epoch = 0080 train time = 113 s train loss = 0.000093 train acc = 1.0000, test acc = 0.8125
[2026-07-01 04:03:49] Evaluate_03: epoch = 0080 train time = 113 s train loss = 0.000084 train acc = 1.0000, test acc = 0.8161
[2026-07-01 04:03:49] exact-IF Hessian set = 512 real train images

[2026-07-01 04:03:49] ################ pair dog-bird : y_adv=5(dog)  target_class=2(bird) ################
  targets (easy, loaded cache result/target_cache/easy_targets_ResNet20BN_dog-bird_n10_seed0.json): [(1503, 'deer'), (4421, 'bird'), (2391, 'bird'), (1163, 'cat'), (9778, 'cat'), (6202, 'cat'), (3135, 'horse'), (8746, 'cat'), (3491, 'cat'), (4563, 'horse')]
      [exact] CG iters used per surrogate: [100]
  [dog-bird t1/10 idx=1503] gradmatch craft_obj=0.1270 linf=0.0314
    [standard] victims: v1 done, v2 done, v3 done, v4 done, v5 done
    [standard | dog-bird t1/10 idx=1503] poison_CTA=0.8234 poison_ASR=100%
      [exact] CG iters used per surrogate: [100]
  [dog-bird t2/10 idx=4421] gradmatch craft_obj=0.1646 linf=0.0314
    [standard] victims: v1 done, v2 done, v3 done, v4 done, v5 done
    [standard | dog-bird t2/10 idx=4421] poison_CTA=0.8326 poison_ASR=40%
      [exact] CG iters used per surrogate: [100]
  [dog-bird t3/10 idx=2391] gradmatch craft_obj=0.1257 linf=0.0314
    [standard] victims: v1 done, v2 done, v3 done, v4 done, v5 done
    [standard | dog-bird t3/10 idx=2391] poison_CTA=0.8233 poison_ASR=100%
      [exact] CG iters used per surrogate: [100]
  [dog-bird t4/10 idx=1163] gradmatch craft_obj=0.1239 linf=0.0314
    [standard] victims: v1 done, v2 done, v3 done, v4 done, v5 done
    [standard | dog-bird t4/10 idx=1163] poison_CTA=0.8230 poison_ASR=100%
      [exact] CG iters used per surrogate: [100]
  [dog-bird t5/10 idx=9778] gradmatch craft_obj=0.1043 linf=0.0314
    [standard] victims: v1 done, v2 done, v3 done, v4 done, v5 done
    [standard | dog-bird t5/10 idx=9778] poison_CTA=0.8248 poison_ASR=100%
      [exact] CG iters used per surrogate: [100]
  [dog-bird t6/10 idx=6202] gradmatch craft_obj=0.1143 linf=0.0314
    [standard] victims: v1 done, v2 done, v3 done, v4 done, v5 done
    [standard | dog-bird t6/10 idx=6202] poison_CTA=0.8257 poison_ASR=80%
      [exact] CG iters used per surrogate: [100]
  [dog-bird t7/10 idx=3135] gradmatch craft_obj=0.1052 linf=0.0314
    [standard] victims: v1 done, v2 done, v3 done, v4 done, v5 done
    [standard | dog-bird t7/10 idx=3135] poison_CTA=0.8291 poison_ASR=100%
      [exact] CG iters used per surrogate: [100]
  [dog-bird t8/10 idx=8746] gradmatch craft_obj=0.1342 linf=0.0314
    [standard] victims: v1 done, v2 done, v3 done, v4 done, v5 done
    [standard | dog-bird t8/10 idx=8746] poison_CTA=0.8273 poison_ASR=100%
      [exact] CG iters used per surrogate: [100]
  [dog-bird t9/10 idx=3491] gradmatch craft_obj=0.1062 linf=0.0314
    [standard] victims: v1 done, v2 done, v3 done, v4 done, v5 done
    [standard | dog-bird t9/10 idx=3491] poison_CTA=0.8241 poison_ASR=100%
      [exact] CG iters used per surrogate: [100]
  [dog-bird t10/10 idx=4563] gradmatch craft_obj=0.1244 linf=0.0314
    [standard] victims: v1 done, v2 done, v3 done, v4 done, v5 done
    [standard | dog-bird t10/10 idx=4563] poison_CTA=0.8263 poison_ASR=100%

  ==== pair dog-bird (gradmatch) summary over 10 targets x 5 victims = 50 votes ====
    [standard                    ] poison CTA = 0.8260 +/- 0.0046   poison ASR = 92.0% +/- 27.1%
      tally (['airplane', 'automobile', 'bird', 'cat', 'deer', 'dog', 'frog', 'horse', 'ship', 'truck']): [0, 0, 3, 0, 0, 46, 0, 1, 0, 0]

[2026-07-01 05:33:39] wrote results_standard_nodistill_gradmatch_ResNet20BN_b500_eps8.{json,csv} to result/standard_nodistill
=== [2026-07-01 05:33:39] budget=0.02 ===
[2026-07-01 05:33:44] device=cuda
[2026-07-01 05:33:44] hyperparams: {'dataset': 'CIFAR10', 'data_path': '/home/mmoslem3/scratch/data', 'model': 'ResNet20BN', 'out_dir': 'result/standard_nodistill', 'seed': 0, 'target_idx_file': None, 'dsa_strategy': 'color_crop_cutout_flip_scale_rotate', 'syn_data_path': 'result/res_DM_CIFAR10_ConvNet_50ipc.pt', 'surrogate_model': 'ResNet20BN', 'num_surrogates': 4, 'surrogate_epochs': 80, 'surrogate_lr': 0.01, 'surrogate_bs': 256, 'attack': 'gradmatch', 'class_pairs': ['dog-bird'], 'budget': 0.02, 'epsilon': 0.0313725, 'pgd_steps': 100, 'pgd_alpha': 0.0039216, 'restarts': 4, 'lambda_margin': 1.0, 'num_targets': 10, 'num_victims': 5, 'target_select': 'random', 'easy_targets': True, 'target_cache_dir': 'result/target_cache', 'parallel_victims': False, 'victim_epochs': 40, 'victim_lr': 0.1, 'victim_bs': 256, 'victim_decay': [35], 'victim_aug': False, 'clean_baseline': False, 'num_clean_victims': None, 'cache_dir': '', 'precompute_only': False, 'base_dist': 'l2', 'random_select': False, 'multilayer': True, 'curv_select': False, 'lambda_curv': 1.0, 'curv_damping': 1.0, 'curv_cg_iters': 10, 'curv_hessian_bs': 512, 'curv_cand_bs': 128, 'exact_select': True, 'if_damping': 0.01, 'if_cg_iters': 100, 'if_cg_tol': 0.0001, 'if_fd_h': 0.01, 'if_last_layer': False, 'if_hess_source': 'syn', 'if_hess_size': 512, 'if_max_surrogates': 1, 'verbose': True, 'single_surrogate': True, 'fast_gradmatch': False, 'surrogate_on_full_data': True, 'victim_pipelines': ['standard'], 'poison_cache_dir': '', 'log_file': ''}
[2026-07-01 05:33:44] victim pipelines (ablations): ['standard']
[2026-07-01 05:33:56] N_total=50000  budget=0.0200 -> N_p=1000 poisons (all in y_adv class)

[2026-07-01 05:33:56] === training 4 surrogates (ResNet20BN) on FULL real data (80 ep each) ===
[2026-07-01 05:35:51] Evaluate_00: epoch = 0080 train time = 113 s train loss = 0.000092 train acc = 1.0000, test acc = 0.8066
[2026-07-01 05:37:44] Evaluate_01: epoch = 0080 train time = 113 s train loss = 0.000083 train acc = 1.0000, test acc = 0.8072
[2026-07-01 05:39:38] Evaluate_02: epoch = 0080 train time = 113 s train loss = 0.000090 train acc = 1.0000, test acc = 0.8157
[2026-07-01 05:41:32] Evaluate_03: epoch = 0080 train time = 113 s train loss = 0.000087 train acc = 1.0000, test acc = 0.8136
[2026-07-01 05:41:32] exact-IF Hessian set = 512 real train images

[2026-07-01 05:41:32] ################ pair dog-bird : y_adv=5(dog)  target_class=2(bird) ################
  targets (easy, loaded cache result/target_cache/easy_targets_ResNet20BN_dog-bird_n10_seed0.json): [(1503, 'deer'), (4421, 'bird'), (2391, 'bird'), (1163, 'cat'), (9778, 'cat'), (6202, 'cat'), (3135, 'horse'), (8746, 'cat'), (3491, 'cat'), (4563, 'horse')]
      [exact] CG iters used per surrogate: [100]
  [dog-bird t1/10 idx=1503] gradmatch craft_obj=0.1328 linf=0.0314
    [standard] victims: v1 done, v2 done, v3 done, v4 done, v5 done
    [standard | dog-bird t1/10 idx=1503] poison_CTA=0.8296 poison_ASR=100%
      [exact] CG iters used per surrogate: [100]
  [dog-bird t2/10 idx=4421] gradmatch craft_obj=0.1915 linf=0.0314
    [standard] victims: v1 done, v2 done, v3 done, v4 done, v5 done
    [standard | dog-bird t2/10 idx=4421] poison_CTA=0.8287 poison_ASR=0%
      [exact] CG iters used per surrogate: [100]
  [dog-bird t3/10 idx=2391] gradmatch craft_obj=0.1044 linf=0.0314
    [standard] victims: v1 done, v2 done, v3 done, v4 done, v5 done
    [standard | dog-bird t3/10 idx=2391] poison_CTA=0.8309 poison_ASR=80%
      [exact] CG iters used per surrogate: [100]
  [dog-bird t4/10 idx=1163] gradmatch craft_obj=0.1264 linf=0.0314
    [standard] victims: v1 done, v2 done, v3 done, v4 done, v5 done
    [standard | dog-bird t4/10 idx=1163] poison_CTA=0.8286 poison_ASR=60%
      [exact] CG iters used per surrogate: [100]
  [dog-bird t5/10 idx=9778] gradmatch craft_obj=0.1111 linf=0.0314
    [standard] victims: v1 done, v2 done, v3 done, v4 done, v5 done
    [standard | dog-bird t5/10 idx=9778] poison_CTA=0.8290 poison_ASR=60%
      [exact] CG iters used per surrogate: [100]
  [dog-bird t6/10 idx=6202] gradmatch craft_obj=0.1199 linf=0.0314
    [standard] victims: v1 done, v2 done, v3 done, v4 done, v5 done
    [standard | dog-bird t6/10 idx=6202] poison_CTA=0.8334 poison_ASR=20%
      [exact] CG iters used per surrogate: [100]
  [dog-bird t7/10 idx=3135] gradmatch craft_obj=0.0996 linf=0.0314
    [standard] victims: v1 done, v2 done, v3 done, v4 done, v5 done
    [standard | dog-bird t7/10 idx=3135] poison_CTA=0.8288 poison_ASR=80%
      [exact] CG iters used per surrogate: [100]
  [dog-bird t8/10 idx=8746] gradmatch craft_obj=0.1726 linf=0.0314
    [standard] victims: v1 done, v2 done, v3 done, v4 done, v5 done
    [standard | dog-bird t8/10 idx=8746] poison_CTA=0.8319 poison_ASR=80%
      [exact] CG iters used per surrogate: [100]
  [dog-bird t9/10 idx=3491] gradmatch craft_obj=0.1170 linf=0.0314
    [standard] victims: v1 done, v2 done, v3 done, v4 done, v5 done
    [standard | dog-bird t9/10 idx=3491] poison_CTA=0.8297 poison_ASR=100%
      [exact] CG iters used per surrogate: [100]
  [dog-bird t10/10 idx=4563] gradmatch craft_obj=0.1336 linf=0.0314
    [standard] victims: v1 done, v2 done, v3 done, v4 done, v5 done
    [standard | dog-bird t10/10 idx=4563] poison_CTA=0.8336 poison_ASR=60%

  ==== pair dog-bird (gradmatch) summary over 10 targets x 5 victims = 50 votes ====
    [standard                    ] poison CTA = 0.8304 +/- 0.0037   poison ASR = 64.0% +/- 48.0%
      tally (['airplane', 'automobile', 'bird', 'cat', 'deer', 'dog', 'frog', 'horse', 'ship', 'truck']): [0, 0, 9, 4, 0, 32, 2, 2, 0, 1]

[2026-07-01 06:45:01] wrote results_standard_nodistill_gradmatch_ResNet20BN_b200_eps8.{json,csv} to result/standard_nodistill
=== [2026-07-01 06:45:02] budget=0.01 ===
[2026-07-01 06:45:06] device=cuda
[2026-07-01 06:45:06] hyperparams: {'dataset': 'CIFAR10', 'data_path': '/home/mmoslem3/scratch/data', 'model': 'ResNet20BN', 'out_dir': 'result/standard_nodistill', 'seed': 0, 'target_idx_file': None, 'dsa_strategy': 'color_crop_cutout_flip_scale_rotate', 'syn_data_path': 'result/res_DM_CIFAR10_ConvNet_50ipc.pt', 'surrogate_model': 'ResNet20BN', 'num_surrogates': 4, 'surrogate_epochs': 80, 'surrogate_lr': 0.01, 'surrogate_bs': 256, 'attack': 'gradmatch', 'class_pairs': ['dog-bird'], 'budget': 0.01, 'epsilon': 0.0313725, 'pgd_steps': 100, 'pgd_alpha': 0.0039216, 'restarts': 4, 'lambda_margin': 1.0, 'num_targets': 10, 'num_victims': 5, 'target_select': 'random', 'easy_targets': True, 'target_cache_dir': 'result/target_cache', 'parallel_victims': False, 'victim_epochs': 40, 'victim_lr': 0.1, 'victim_bs': 256, 'victim_decay': [35], 'victim_aug': False, 'clean_baseline': False, 'num_clean_victims': None, 'cache_dir': '', 'precompute_only': False, 'base_dist': 'l2', 'random_select': False, 'multilayer': True, 'curv_select': False, 'lambda_curv': 1.0, 'curv_damping': 1.0, 'curv_cg_iters': 10, 'curv_hessian_bs': 512, 'curv_cand_bs': 128, 'exact_select': True, 'if_damping': 0.01, 'if_cg_iters': 100, 'if_cg_tol': 0.0001, 'if_fd_h': 0.01, 'if_last_layer': False, 'if_hess_source': 'syn', 'if_hess_size': 512, 'if_max_surrogates': 1, 'verbose': True, 'single_surrogate': True, 'fast_gradmatch': False, 'surrogate_on_full_data': True, 'victim_pipelines': ['standard'], 'poison_cache_dir': '', 'log_file': ''}
[2026-07-01 06:45:06] victim pipelines (ablations): ['standard']
[2026-07-01 06:45:18] N_total=50000  budget=0.0100 -> N_p=500 poisons (all in y_adv class)

[2026-07-01 06:45:18] === training 4 surrogates (ResNet20BN) on FULL real data (80 ep each) ===
[2026-07-01 06:47:12] Evaluate_00: epoch = 0080 train time = 113 s train loss = 0.000090 train acc = 1.0000, test acc = 0.8091
[2026-07-01 06:49:06] Evaluate_01: epoch = 0080 train time = 113 s train loss = 0.000087 train acc = 1.0000, test acc = 0.8209
[2026-07-01 06:50:59] Evaluate_02: epoch = 0080 train time = 113 s train loss = 0.000093 train acc = 1.0000, test acc = 0.8168
[2026-07-01 06:52:53] Evaluate_03: epoch = 0080 train time = 113 s train loss = 0.000090 train acc = 1.0000, test acc = 0.8147
[2026-07-01 06:52:53] exact-IF Hessian set = 512 real train images

[2026-07-01 06:52:53] ################ pair dog-bird : y_adv=5(dog)  target_class=2(bird) ################
  targets (easy, loaded cache result/target_cache/easy_targets_ResNet20BN_dog-bird_n10_seed0.json): [(1503, 'deer'), (4421, 'bird'), (2391, 'bird'), (1163, 'cat'), (9778, 'cat'), (6202, 'cat'), (3135, 'horse'), (8746, 'cat'), (3491, 'cat'), (4563, 'horse')]
      [exact] CG iters used per surrogate: [100]
  [dog-bird t1/10 idx=1503] gradmatch craft_obj=0.1449 linf=0.0314
    [standard] victims: v1 done, v2 done, v3 done, v4 done, v5 done
    [standard | dog-bird t1/10 idx=1503] poison_CTA=0.8324 poison_ASR=40%
      [exact] CG iters used per surrogate: [100]
  [dog-bird t2/10 idx=4421] gradmatch craft_obj=0.1665 linf=0.0314
    [standard] victims: v1 done, v2 done, v3 done, v4 done, v5 done
    [standard | dog-bird t2/10 idx=4421] poison_CTA=0.8319 poison_ASR=0%
      [exact] CG iters used per surrogate: [100]
  [dog-bird t3/10 idx=2391] gradmatch craft_obj=0.1357 linf=0.0314
    [standard] victims: v1 done, v2 done, v3 done, v4 done, v5 done
    [standard | dog-bird t3/10 idx=2391] poison_CTA=0.8299 poison_ASR=100%
      [exact] CG iters used per surrogate: [100]
  [dog-bird t4/10 idx=1163] gradmatch craft_obj=0.1242 linf=0.0314
    [standard] victims: v1 done, v2 done, v3 done, v4 done, v5 done
    [standard | dog-bird t4/10 idx=1163] poison_CTA=0.8323 poison_ASR=100%
      [exact] CG iters used per surrogate: [100]
  [dog-bird t5/10 idx=9778] gradmatch craft_obj=0.1018 linf=0.0314
    [standard] victims: v1 done, v2 done, v3 done, v4 done, v5 done
    [standard | dog-bird t5/10 idx=9778] poison_CTA=0.8292 poison_ASR=80%
      [exact] CG iters used per surrogate: [100]
  [dog-bird t6/10 idx=6202] gradmatch craft_obj=0.1195 linf=0.0314
    [standard] victims: v1 done, v2 done, v3 done, v4 done, v5 done
    [standard | dog-bird t6/10 idx=6202] poison_CTA=0.8314 poison_ASR=40%
      [exact] CG iters used per surrogate: [100]
  [dog-bird t7/10 idx=3135] gradmatch craft_obj=0.1354 linf=0.0314
    [standard] victims: v1 done, v2 done, v3 done, v4 done, v5 done
    [standard | dog-bird t7/10 idx=3135] poison_CTA=0.8335 poison_ASR=100%
      [exact] CG iters used per surrogate: [100]
  [dog-bird t8/10 idx=8746] gradmatch craft_obj=0.1567 linf=0.0314
    [standard] victims: v1 done, v2 done, v3 done, v4 done, v5 done
    [standard | dog-bird t8/10 idx=8746] poison_CTA=0.8316 poison_ASR=60%
      [exact] CG iters used per surrogate: [100]
  [dog-bird t9/10 idx=3491] gradmatch craft_obj=0.1229 linf=0.0314
    [standard] victims: v1 done, v2 done, v3 done, v4 done, v5 done
    [standard | dog-bird t9/10 idx=3491] poison_CTA=0.8305 poison_ASR=80%
      [exact] CG iters used per surrogate: [100]
  [dog-bird t10/10 idx=4563] gradmatch craft_obj=0.1599 linf=0.0314
    [standard] victims: v1 done, v2 done, v3 done, v4 done, v5 done
    [standard | dog-bird t10/10 idx=4563] poison_CTA=0.8303 poison_ASR=80%

  ==== pair dog-bird (gradmatch) summary over 10 targets x 5 victims = 50 votes ====
    [standard                    ] poison CTA = 0.8313 +/- 0.0038   poison ASR = 68.0% +/- 46.6%
      tally (['airplane', 'automobile', 'bird', 'cat', 'deer', 'dog', 'frog', 'horse', 'ship', 'truck']): [0, 0, 6, 5, 3, 34, 1, 1, 0, 0]

[2026-07-01 07:48:37] wrote results_standard_nodistill_gradmatch_ResNet20BN_b100_eps8.{json,csv} to result/standard_nodistill
=== [2026-07-01 07:48:38] budget=0.005 ===
[2026-07-01 07:48:43] device=cuda
[2026-07-01 07:48:43] hyperparams: {'dataset': 'CIFAR10', 'data_path': '/home/mmoslem3/scratch/data', 'model': 'ResNet20BN', 'out_dir': 'result/standard_nodistill', 'seed': 0, 'target_idx_file': None, 'dsa_strategy': 'color_crop_cutout_flip_scale_rotate', 'syn_data_path': 'result/res_DM_CIFAR10_ConvNet_50ipc.pt', 'surrogate_model': 'ResNet20BN', 'num_surrogates': 4, 'surrogate_epochs': 80, 'surrogate_lr': 0.01, 'surrogate_bs': 256, 'attack': 'gradmatch', 'class_pairs': ['dog-bird'], 'budget': 0.005, 'epsilon': 0.0313725, 'pgd_steps': 100, 'pgd_alpha': 0.0039216, 'restarts': 4, 'lambda_margin': 1.0, 'num_targets': 10, 'num_victims': 5, 'target_select': 'random', 'easy_targets': True, 'target_cache_dir': 'result/target_cache', 'parallel_victims': False, 'victim_epochs': 40, 'victim_lr': 0.1, 'victim_bs': 256, 'victim_decay': [35], 'victim_aug': False, 'clean_baseline': False, 'num_clean_victims': None, 'cache_dir': '', 'precompute_only': False, 'base_dist': 'l2', 'random_select': False, 'multilayer': True, 'curv_select': False, 'lambda_curv': 1.0, 'curv_damping': 1.0, 'curv_cg_iters': 10, 'curv_hessian_bs': 512, 'curv_cand_bs': 128, 'exact_select': True, 'if_damping': 0.01, 'if_cg_iters': 100, 'if_cg_tol': 0.0001, 'if_fd_h': 0.01, 'if_last_layer': False, 'if_hess_source': 'syn', 'if_hess_size': 512, 'if_max_surrogates': 1, 'verbose': True, 'single_surrogate': True, 'fast_gradmatch': False, 'surrogate_on_full_data': True, 'victim_pipelines': ['standard'], 'poison_cache_dir': '', 'log_file': ''}
[2026-07-01 07:48:43] victim pipelines (ablations): ['standard']
[2026-07-01 07:48:55] N_total=50000  budget=0.0050 -> N_p=250 poisons (all in y_adv class)

[2026-07-01 07:48:55] === training 4 surrogates (ResNet20BN) on FULL real data (80 ep each) ===
[2026-07-01 07:50:50] Evaluate_00: epoch = 0080 train time = 113 s train loss = 0.000080 train acc = 1.0000, test acc = 0.8134
[2026-07-01 07:52:43] Evaluate_01: epoch = 0080 train time = 113 s train loss = 0.000081 train acc = 1.0000, test acc = 0.8133
[2026-07-01 07:54:37] Evaluate_02: epoch = 0080 train time = 113 s train loss = 0.000082 train acc = 1.0000, test acc = 0.8183
[2026-07-01 07:56:31] Evaluate_03: epoch = 0080 train time = 113 s train loss = 0.000093 train acc = 1.0000, test acc = 0.8136
[2026-07-01 07:56:31] exact-IF Hessian set = 512 real train images

[2026-07-01 07:56:31] ################ pair dog-bird : y_adv=5(dog)  target_class=2(bird) ################
  targets (easy, loaded cache result/target_cache/easy_targets_ResNet20BN_dog-bird_n10_seed0.json): [(1503, 'deer'), (4421, 'bird'), (2391, 'bird'), (1163, 'cat'), (9778, 'cat'), (6202, 'cat'), (3135, 'horse'), (8746, 'cat'), (3491, 'cat'), (4563, 'horse')]
      [exact] CG iters used per surrogate: [100]
  [dog-bird t1/10 idx=1503] gradmatch craft_obj=0.1338 linf=0.0314
    [standard] victims: v1 done, v2 done, v3 done, v4 done, v5 done
    [standard | dog-bird t1/10 idx=1503] poison_CTA=0.8316 poison_ASR=100%
      [exact] CG iters used per surrogate: [100]
  [dog-bird t2/10 idx=4421] gradmatch craft_obj=0.1922 linf=0.0314
    [standard] victims: v1 done, v2 done, v3 done, v4 done, v5 done
    [standard | dog-bird t2/10 idx=4421] poison_CTA=0.8334 poison_ASR=20%
      [exact] CG iters used per surrogate: [100]
  [dog-bird t3/10 idx=2391] gradmatch craft_obj=0.1210 linf=0.0314
    [standard] victims: v1 done, v2 done, v3 done, v4 done, v5 done
    [standard | dog-bird t3/10 idx=2391] poison_CTA=0.8323 poison_ASR=60%
      [exact] CG iters used per surrogate: [100]
  [dog-bird t4/10 idx=1163] gradmatch craft_obj=0.1341 linf=0.0314
    [standard] victims: v1 done, v2 done, v3 done, v4 done, v5 done
    [standard | dog-bird t4/10 idx=1163] poison_CTA=0.8312 poison_ASR=100%
      [exact] CG iters used per surrogate: [100]
  [dog-bird t5/10 idx=9778] gradmatch craft_obj=0.1193 linf=0.0314
    [standard] victims: v1 done, v2 done, v3 done, v4 done, v5 done
    [standard | dog-bird t5/10 idx=9778] poison_CTA=0.8307 poison_ASR=80%
      [exact] CG iters used per surrogate: [100]
  [dog-bird t6/10 idx=6202] gradmatch craft_obj=0.1472 linf=0.0314
    [standard] victims: v1 done, v2 done, v3 done, v4 done, v5 done
    [standard | dog-bird t6/10 idx=6202] poison_CTA=0.8294 poison_ASR=40%
      [exact] CG iters used per surrogate: [100]
  [dog-bird t7/10 idx=3135] gradmatch craft_obj=0.1107 linf=0.0314
    [standard] victims: v1 done, v2 done, v3 done, v4 done, v5 done
    [standard | dog-bird t7/10 idx=3135] poison_CTA=0.8297 poison_ASR=80%
      [exact] CG iters used per surrogate: [100]
  [dog-bird t8/10 idx=8746] gradmatch craft_obj=0.1808 linf=0.0314
    [standard] victims: v1 done, v2 done, v3 done, v4 done, v5 done
    [standard | dog-bird t8/10 idx=8746] poison_CTA=0.8291 poison_ASR=20%
      [exact] CG iters used per surrogate: [100]
  [dog-bird t9/10 idx=3491] gradmatch craft_obj=0.1275 linf=0.0314
    [standard] victims: v1 done, v2 done, v3 done, v4 done, v5 done
    [standard | dog-bird t9/10 idx=3491] poison_CTA=0.8328 poison_ASR=80%
      [exact] CG iters used per surrogate: [100]
  [dog-bird t10/10 idx=4563] gradmatch craft_obj=0.1484 linf=0.0314
    [standard] victims: v1 done, v2 done, v3 done, v4 done, v5 done
    [standard | dog-bird t10/10 idx=4563] poison_CTA=0.8319 poison_ASR=20%

  ==== pair dog-bird (gradmatch) summary over 10 targets x 5 victims = 50 votes ====
    [standard                    ] poison CTA = 0.8312 +/- 0.0035   poison ASR = 60.0% +/- 49.0%
      tally (['airplane', 'automobile', 'bird', 'cat', 'deer', 'dog', 'frog', 'horse', 'ship', 'truck']): [0, 0, 7, 7, 0, 30, 2, 4, 0, 0]

[2026-07-01 08:48:44] wrote results_standard_nodistill_gradmatch_ResNet20BN_b50_eps8.{json,csv} to result/standard_nodistill
=== [2026-07-01 08:48:44] budget=0.002 ===
[2026-07-01 08:48:49] device=cuda
[2026-07-01 08:48:49] hyperparams: {'dataset': 'CIFAR10', 'data_path': '/home/mmoslem3/scratch/data', 'model': 'ResNet20BN', 'out_dir': 'result/standard_nodistill', 'seed': 0, 'target_idx_file': None, 'dsa_strategy': 'color_crop_cutout_flip_scale_rotate', 'syn_data_path': 'result/res_DM_CIFAR10_ConvNet_50ipc.pt', 'surrogate_model': 'ResNet20BN', 'num_surrogates': 4, 'surrogate_epochs': 80, 'surrogate_lr': 0.01, 'surrogate_bs': 256, 'attack': 'gradmatch', 'class_pairs': ['dog-bird'], 'budget': 0.002, 'epsilon': 0.0313725, 'pgd_steps': 100, 'pgd_alpha': 0.0039216, 'restarts': 4, 'lambda_margin': 1.0, 'num_targets': 10, 'num_victims': 5, 'target_select': 'random', 'easy_targets': True, 'target_cache_dir': 'result/target_cache', 'parallel_victims': False, 'victim_epochs': 40, 'victim_lr': 0.1, 'victim_bs': 256, 'victim_decay': [35], 'victim_aug': False, 'clean_baseline': False, 'num_clean_victims': None, 'cache_dir': '', 'precompute_only': False, 'base_dist': 'l2', 'random_select': False, 'multilayer': True, 'curv_select': False, 'lambda_curv': 1.0, 'curv_damping': 1.0, 'curv_cg_iters': 10, 'curv_hessian_bs': 512, 'curv_cand_bs': 128, 'exact_select': True, 'if_damping': 0.01, 'if_cg_iters': 100, 'if_cg_tol': 0.0001, 'if_fd_h': 0.01, 'if_last_layer': False, 'if_hess_source': 'syn', 'if_hess_size': 512, 'if_max_surrogates': 1, 'verbose': True, 'single_surrogate': True, 'fast_gradmatch': False, 'surrogate_on_full_data': True, 'victim_pipelines': ['standard'], 'poison_cache_dir': '', 'log_file': ''}
[2026-07-01 08:48:49] victim pipelines (ablations): ['standard']
[2026-07-01 08:49:01] N_total=50000  budget=0.0020 -> N_p=100 poisons (all in y_adv class)

[2026-07-01 08:49:01] === training 4 surrogates (ResNet20BN) on FULL real data (80 ep each) ===
[2026-07-01 08:50:55] Evaluate_00: epoch = 0080 train time = 113 s train loss = 0.000097 train acc = 1.0000, test acc = 0.8156
[2026-07-01 08:52:48] Evaluate_01: epoch = 0080 train time = 113 s train loss = 0.000089 train acc = 1.0000, test acc = 0.8073
[2026-07-01 08:54:42] Evaluate_02: epoch = 0080 train time = 113 s train loss = 0.000089 train acc = 1.0000, test acc = 0.8179
[2026-07-01 08:56:36] Evaluate_03: epoch = 0080 train time = 113 s train loss = 0.000096 train acc = 1.0000, test acc = 0.8119
[2026-07-01 08:56:36] exact-IF Hessian set = 512 real train images

[2026-07-01 08:56:36] ################ pair dog-bird : y_adv=5(dog)  target_class=2(bird) ################
  targets (easy, loaded cache result/target_cache/easy_targets_ResNet20BN_dog-bird_n10_seed0.json): [(1503, 'deer'), (4421, 'bird'), (2391, 'bird'), (1163, 'cat'), (9778, 'cat'), (6202, 'cat'), (3135, 'horse'), (8746, 'cat'), (3491, 'cat'), (4563, 'horse')]
      [exact] CG iters used per surrogate: [100]
  [dog-bird t1/10 idx=1503] gradmatch craft_obj=0.1191 linf=0.0314
    [standard] victims: v1 done, v2 done, v3 done, v4 done, v5 done
    [standard | dog-bird t1/10 idx=1503] poison_CTA=0.8314 poison_ASR=20%
      [exact] CG iters used per surrogate: [100]
  [dog-bird t2/10 idx=4421] gradmatch craft_obj=0.1706 linf=0.0314
    [standard] victims: v1 done, v2 done, v3 done, v4 done, v5 done
    [standard | dog-bird t2/10 idx=4421] poison_CTA=0.8297 poison_ASR=20%
      [exact] CG iters used per surrogate: [100]
  [dog-bird t3/10 idx=2391] gradmatch craft_obj=0.1130 linf=0.0314
    [standard] victims: v1 done, v2 done, v3 done, v4 done, v5 done
    [standard | dog-bird t3/10 idx=2391] poison_CTA=0.8287 poison_ASR=60%
      [exact] CG iters used per surrogate: [100]
  [dog-bird t4/10 idx=1163] gradmatch craft_obj=0.1352 linf=0.0314
    [standard] victims: v1 done, v2 done, v3 done, v4 done, v5 done
    [standard | dog-bird t4/10 idx=1163] poison_CTA=0.8308 poison_ASR=80%
      [exact] CG iters used per surrogate: [100]
  [dog-bird t5/10 idx=9778] gradmatch craft_obj=0.1018 linf=0.0314
    [standard] victims: v1 done, v2 done, 


=== main_FC.sh started 2026-07-01 01:36:57 — logging to logs/main_FC_20260701_013657.log ===
=== [2026-07-01 01:36:57] budget=0.1 ===
[2026-07-01 01:37:03] --parallel_victims set but <2 GPUs in CUDA_VISIBLE_DEVICES ('0'); running victims sequentially
[2026-07-01 01:37:03] device=cuda
[2026-07-01 01:37:03] hyperparams: {'dataset': 'CIFAR10', 'data_path': '/home/mmoslem3/scratch/data', 'model': 'ResNet20BN', 'out_dir': 'result/standard_nodistill', 'seed': 0, 'target_idx_file': None, 'dsa_strategy': 'color_crop_cutout_flip_scale_rotate', 'syn_data_path': 'result/res_DM_CIFAR10_ConvNet_50ipc.pt', 'surrogate_model': 'ResNet20BN', 'num_surrogates': 4, 'surrogate_epochs': 80, 'surrogate_lr': 0.01, 'surrogate_bs': 256, 'attack': 'gradmatch', 'class_pairs': ['dog-bird'], 'budget': 0.1, 'epsilon': 0.0313725, 'pgd_steps': 100, 'pgd_alpha': 0.0039216, 'restarts': 4, 'lambda_margin': 1.0, 'num_targets': 10, 'num_victims': 5, 'target_select': 'random', 'easy_targets': True, 'target_cache_dir': 'result/target_cache', 'parallel_victims': True, 'victim_epochs': 40, 'victim_lr': 0.1, 'victim_bs': 256, 'victim_decay': [35], 'victim_aug': False, 'clean_baseline': False, 'num_clean_victims': None, 'cache_dir': '', 'precompute_only': False, 'base_dist': 'l2', 'random_select': True, 'multilayer': True, 'curv_select': False, 'lambda_curv': 1.0, 'curv_damping': 1.0, 'curv_cg_iters': 10, 'curv_hessian_bs': 512, 'curv_cand_bs': 128, 'exact_select': False, 'if_damping': 0.01, 'if_cg_iters': 100, 'if_cg_tol': 0.0001, 'if_fd_h': 0.01, 'if_last_layer': False, 'if_hess_source': 'syn', 'if_hess_size': 0, 'if_max_surrogates': 0, 'verbose': False, 'single_surrogate': True, 'fast_gradmatch': False, 'surrogate_on_full_data': True, 'victim_pipelines': ['standard'], 'poison_cache_dir': '', 'log_file': ''}
[2026-07-01 01:37:03] victim pipelines (ablations): ['standard']
[2026-07-01 01:37:15] N_total=50000  budget=0.1000 -> N_p=5000 poisons (all in y_adv class)

[2026-07-01 01:37:15] === training 4 surrogates (ResNet20BN) on FULL real data (80 ep each) ===
[2026-07-01 01:39:08] Evaluate_00: epoch = 0080 train time = 111 s train loss = 0.000093 train acc = 1.0000, test acc = 0.8114
[2026-07-01 01:41:00] Evaluate_01: epoch = 0080 train time = 111 s train loss = 0.000090 train acc = 1.0000, test acc = 0.8083
[2026-07-01 01:42:52] Evaluate_02: epoch = 0080 train time = 112 s train loss = 0.000078 train acc = 1.0000, test acc = 0.8078
[2026-07-01 01:44:45] Evaluate_03: epoch = 0080 train time = 112 s train loss = 0.000084 train acc = 1.0000, test acc = 0.8057

[2026-07-01 01:44:45] ################ pair dog-bird : y_adv=5(dog)  target_class=2(bird) ################
  targets (easy, loaded cache result/target_cache/easy_targets_ResNet20BN_dog-bird_n10_seed0.json): [(1503, 'deer'), (4421, 'bird'), (2391, 'bird'), (1163, 'cat'), (9778, 'cat'), (6202, 'cat'), (3135, 'horse'), (8746, 'cat'), (3491, 'cat'), (4563, 'horse')]
  [dog-bird t1/10 idx=1503] gradmatch craft_obj=0.1270 linf=0.0314
    [standard] victims: v1 done, v2 done, v3 done, v4 done, v5 done
    [standard | dog-bird t1/10 idx=1503] poison_CTA=0.7752 poison_ASR=40%
  [dog-bird t2/10 idx=4421] gradmatch craft_obj=0.1628 linf=0.0314
    [standard] victims: v1 done, v2 done, v3 done, v4 done, v5 done
    [standard | dog-bird t2/10 idx=4421] poison_CTA=0.7787 poison_ASR=0%
  [dog-bird t3/10 idx=2391] gradmatch craft_obj=0.1329 linf=0.0314
    [standard] victims: v1 done, v2 done, v3 done, v4 done, v5 done
    [standard | dog-bird t3/10 idx=2391] poison_CTA=0.7758 poison_ASR=0%
  [dog-bird t4/10 idx=1163] gradmatch craft_obj=0.1256 linf=0.0314
    [standard] victims: v1 done, v2 done, v3 done, v4 done, v5 done
    [standard | dog-bird t4/10 idx=1163] poison_CTA=0.7729 poison_ASR=80%
  [dog-bird t5/10 idx=9778] gradmatch craft_obj=0.1005 linf=0.0314
    [standard] victims: v1 done, v2 done, v3 done, v4 done, v5 done
    [standard | dog-bird t5/10 idx=9778] poison_CTA=0.7741 poison_ASR=60%
  [dog-bird t6/10 idx=6202] gradmatch craft_obj=0.1247 linf=0.0314
    [standard] victims: v1 done, v2 done, v3 done, v4 done, v5 done
    [standard | dog-bird t6/10 idx=6202] poison_CTA=0.7780 poison_ASR=0%
  [dog-bird t7/10 idx=3135] gradmatch craft_obj=0.1155 linf=0.0314
    [standard] victims: v1 done, v2 done, v3 done, v4 done, v5 done
    [standard | dog-bird t7/10 idx=3135] poison_CTA=0.7719 poison_ASR=0%
  [dog-bird t8/10 idx=8746] gradmatch craft_obj=0.1593 linf=0.0314
    [standard] victims: v1 done, v2 done, v3 done, v4 done, v5 done
    [standard | dog-bird t8/10 idx=8746] poison_CTA=0.7773 poison_ASR=40%
  [dog-bird t9/10 idx=3491] gradmatch craft_obj=0.1130 linf=0.0314
    [standard] victims: v1 done, v2 done, v3 done, v4 done, v5 done
    [standard | dog-bird t9/10 idx=3491] poison_CTA=0.7733 poison_ASR=40%
  [dog-bird t10/10 idx=4563] gradmatch craft_obj=0.1458 linf=0.0314
    [standard] victims: v1 done, v2 done, v3 done, v4 done, v5 done
    [standard | dog-bird t10/10 idx=4563] poison_CTA=0.7728 poison_ASR=20%

  ==== pair dog-bird (gradmatch) summary over 10 targets x 5 victims = 50 votes ====
    [standard                    ] poison CTA = 0.7750 +/- 0.0045   poison ASR = 28.0% +/- 44.9%
      tally (['airplane', 'automobile', 'bird', 'cat', 'deer', 'dog', 'frog', 'horse', 'ship', 'truck']): [0, 0, 11, 16, 2, 14, 1, 6, 0, 0]

[2026-07-01 03:54:09] wrote results_standard_nodistill_gradmatch_ResNet20BN_b1000_eps8.{json,csv} to result/standard_nodistill
=== [2026-07-01 03:54:10] budget=0.05 ===
[2026-07-01 03:54:14] --parallel_victims set but <2 GPUs in CUDA_VISIBLE_DEVICES ('0'); running victims sequentially
[2026-07-01 03:54:15] device=cuda
[2026-07-01 03:54:15] hyperparams: {'dataset': 'CIFAR10', 'data_path': '/home/mmoslem3/scratch/data', 'model': 'ResNet20BN', 'out_dir': 'result/standard_nodistill', 'seed': 0, 'target_idx_file': None, 'dsa_strategy': 'color_crop_cutout_flip_scale_rotate', 'syn_data_path': 'result/res_DM_CIFAR10_ConvNet_50ipc.pt', 'surrogate_model': 'ResNet20BN', 'num_surrogates': 4, 'surrogate_epochs': 80, 'surrogate_lr': 0.01, 'surrogate_bs': 256, 'attack': 'gradmatch', 'class_pairs': ['dog-bird'], 'budget': 0.05, 'epsilon': 0.0313725, 'pgd_steps': 100, 'pgd_alpha': 0.0039216, 'restarts': 4, 'lambda_margin': 1.0, 'num_targets': 10, 'num_victims': 5, 'target_select': 'random', 'easy_targets': True, 'target_cache_dir': 'result/target_cache', 'parallel_victims': True, 'victim_epochs': 40, 'victim_lr': 0.1, 'victim_bs': 256, 'victim_decay': [35], 'victim_aug': False, 'clean_baseline': False, 'num_clean_victims': None, 'cache_dir': '', 'precompute_only': False, 'base_dist': 'l2', 'random_select': True, 'multilayer': True, 'curv_select': False, 'lambda_curv': 1.0, 'curv_damping': 1.0, 'curv_cg_iters': 10, 'curv_hessian_bs': 512, 'curv_cand_bs': 128, 'exact_select': False, 'if_damping': 0.01, 'if_cg_iters': 100, 'if_cg_tol': 0.0001, 'if_fd_h': 0.01, 'if_last_layer': False, 'if_hess_source': 'syn', 'if_hess_size': 0, 'if_max_surrogates': 0, 'verbose': False, 'single_surrogate': True, 'fast_gradmatch': False, 'surrogate_on_full_data': True, 'victim_pipelines': ['standard'], 'poison_cache_dir': '', 'log_file': ''}
[2026-07-01 03:54:15] victim pipelines (ablations): ['standard']
[2026-07-01 03:54:27] N_total=50000  budget=0.0500 -> N_p=2500 poisons (all in y_adv class)

[2026-07-01 03:54:27] === training 4 surrogates (ResNet20BN) on FULL real data (80 ep each) ===
[2026-07-01 03:56:19] Evaluate_00: epoch = 0080 train time = 111 s train loss = 0.000089 train acc = 1.0000, test acc = 0.8008
[2026-07-01 03:58:12] Evaluate_01: epoch = 0080 train time = 111 s train loss = 0.000106 train acc = 1.0000, test acc = 0.8161
[2026-07-01 04:00:04] Evaluate_02: epoch = 0080 train time = 112 s train loss = 0.000099 train acc = 1.0000, test acc = 0.8190
[2026-07-01 04:01:57] Evaluate_03: epoch = 0080 train time = 111 s train loss = 0.000093 train acc = 1.0000, test acc = 0.8187

[2026-07-01 04:01:57] ################ pair dog-bird : y_adv=5(dog)  target_class=2(bird) ################
  targets (easy, loaded cache result/target_cache/easy_targets_ResNet20BN_dog-bird_n10_seed0.json): [(1503, 'deer'), (4421, 'bird'), (2391, 'bird'), (1163, 'cat'), (9778, 'cat'), (6202, 'cat'), (3135, 'horse'), (8746, 'cat'), (3491, 'cat'), (4563, 'horse')]
  [dog-bird t1/10 idx=1503] gradmatch craft_obj=0.1353 linf=0.0314
    [standard] victims: v1 done, v2 done, v3 done, v4 done, v5 done
    [standard | dog-bird t1/10 idx=1503] poison_CTA=0.8297 poison_ASR=100%
  [dog-bird t2/10 idx=4421] gradmatch craft_obj=0.1992 linf=0.0314
    [standard] victims: v1 done, v2 done, v3 done, v4 done, v5 done
    [standard | dog-bird t2/10 idx=4421] poison_CTA=0.8311 poison_ASR=40%
  [dog-bird t3/10 idx=2391] gradmatch craft_obj=0.1239 linf=0.0314
    [standard] victims: v1 done, v2 done, v3 done, v4 done, v5 done
    [standard | dog-bird t3/10 idx=2391] poison_CTA=0.8290 poison_ASR=100%
  [dog-bird t4/10 idx=1163] gradmatch craft_obj=0.1351 linf=0.0314
    [standard] victims: v1 done, v2 done, v3 done, v4 done, v5 done
    [standard | dog-bird t4/10 idx=1163] poison_CTA=0.8306 poison_ASR=100%
  [dog-bird t5/10 idx=9778] gradmatch craft_obj=0.1006 linf=0.0314
    [standard] victims: v1 done, v2 done, v3 done, v4 done, v5 done
    [standard | dog-bird t5/10 idx=9778] poison_CTA=0.8286 poison_ASR=100%
  [dog-bird t6/10 idx=6202] gradmatch craft_obj=0.1262 linf=0.0314
    [standard] victims: v1 done, v2 done, v3 done, v4 done, v5 done
    [standard | dog-bird t6/10 idx=6202] poison_CTA=0.8290 poison_ASR=100%
  [dog-bird t7/10 idx=3135] gradmatch craft_obj=0.1009 linf=0.0314
    [standard] victims: v1 done, v2 done, v3 done, v4 done, v5 done
    [standard | dog-bird t7/10 idx=3135] poison_CTA=0.8272 poison_ASR=100%
  [dog-bird t8/10 idx=8746] gradmatch craft_obj=0.1428 linf=0.0314
    [standard] victims: v1 done, v2 done, v3 done, v4 done, v5 done
    [standard | dog-bird t8/10 idx=8746] poison_CTA=0.8257 poison_ASR=80%
  [dog-bird t9/10 idx=3491] gradmatch craft_obj=0.1028 linf=0.0314
    [standard] victims: v1 done, v2 done, v3 done, v4 done, v5 done
    [standard | dog-bird t9/10 idx=3491] poison_CTA=0.8274 poison_ASR=100%
  [dog-bird t10/10 idx=4563] gradmatch craft_obj=0.1328 linf=0.0314
    [standard] victims: v1 done, v2 done, v3 done, v4 done, v5 done
    [standard | dog-bird t10/10 idx=4563] poison_CTA=0.8283 poison_ASR=100%

  ==== pair dog-bird (gradmatch) summary over 10 targets x 5 victims = 50 votes ====
    [standard                    ] poison CTA = 0.8286 +/- 0.0036   poison ASR = 92.0% +/- 27.1%
      tally (['airplane', 'automobile', 'bird', 'cat', 'deer', 'dog', 'frog', 'horse', 'ship', 'truck']): [0, 0, 3, 1, 0, 46, 0, 0, 0, 0]

[2026-07-01 05:29:19] wrote results_standard_nodistill_gradmatch_ResNet20BN_b500_eps8.{json,csv} to result/standard_nodistill
=== [2026-07-01 05:29:20] budget=0.02 ===
[2026-07-01 05:29:24] --parallel_victims set but <2 GPUs in CUDA_VISIBLE_DEVICES ('0'); running victims sequentially
[2026-07-01 05:29:24] device=cuda
[2026-07-01 05:29:24] hyperparams: {'dataset': 'CIFAR10', 'data_path': '/home/mmoslem3/scratch/data', 'model': 'ResNet20BN', 'out_dir': 'result/standard_nodistill', 'seed': 0, 'target_idx_file': None, 'dsa_strategy': 'color_crop_cutout_flip_scale_rotate', 'syn_data_path': 'result/res_DM_CIFAR10_ConvNet_50ipc.pt', 'surrogate_model': 'ResNet20BN', 'num_surrogates': 4, 'surrogate_epochs': 80, 'surrogate_lr': 0.01, 'surrogate_bs': 256, 'attack': 'gradmatch', 'class_pairs': ['dog-bird'], 'budget': 0.02, 'epsilon': 0.0313725, 'pgd_steps': 100, 'pgd_alpha': 0.0039216, 'restarts': 4, 'lambda_margin': 1.0, 'num_targets': 10, 'num_victims': 5, 'target_select': 'random', 'easy_targets': True, 'target_cache_dir': 'result/target_cache', 'parallel_victims': True, 'victim_epochs': 40, 'victim_lr': 0.1, 'victim_bs': 256, 'victim_decay': [35], 'victim_aug': False, 'clean_baseline': False, 'num_clean_victims': None, 'cache_dir': '', 'precompute_only': False, 'base_dist': 'l2', 'random_select': True, 'multilayer': True, 'curv_select': False, 'lambda_curv': 1.0, 'curv_damping': 1.0, 'curv_cg_iters': 10, 'curv_hessian_bs': 512, 'curv_cand_bs': 128, 'exact_select': False, 'if_damping': 0.01, 'if_cg_iters': 100, 'if_cg_tol': 0.0001, 'if_fd_h': 0.01, 'if_last_layer': False, 'if_hess_source': 'syn', 'if_hess_size': 0, 'if_max_surrogates': 0, 'verbose': False, 'single_surrogate': True, 'fast_gradmatch': False, 'surrogate_on_full_data': True, 'victim_pipelines': ['standard'], 'poison_cache_dir': '', 'log_file': ''}
[2026-07-01 05:29:24] victim pipelines (ablations): ['standard']
[2026-07-01 05:29:36] N_total=50000  budget=0.0200 -> N_p=1000 poisons (all in y_adv class)

[2026-07-01 05:29:36] === training 4 surrogates (ResNet20BN) on FULL real data (80 ep each) ===
[2026-07-01 05:31:29] Evaluate_00: epoch = 0080 train time = 112 s train loss = 0.000097 train acc = 1.0000, test acc = 0.8178
[2026-07-01 05:33:21] Evaluate_01: epoch = 0080 train time = 112 s train loss = 0.000098 train acc = 1.0000, test acc = 0.8104
[2026-07-01 05:35:14] Evaluate_02: epoch = 0080 train time = 112 s train loss = 0.000083 train acc = 1.0000, test acc = 0.8118
[2026-07-01 05:37:07] Evaluate_03: epoch = 0080 train time = 112 s train loss = 0.000082 train acc = 1.0000, test acc = 0.8107

[2026-07-01 05:37:07] ################ pair dog-bird : y_adv=5(dog)  target_class=2(bird) ################
  targets (easy, loaded cache result/target_cache/easy_targets_ResNet20BN_dog-bird_n10_seed0.json): [(1503, 'deer'), (4421, 'bird'), (2391, 'bird'), (1163, 'cat'), (9778, 'cat'), (6202, 'cat'), (3135, 'horse'), (8746, 'cat'), (3491, 'cat'), (4563, 'horse')]
  [dog-bird t1/10 idx=1503] gradmatch craft_obj=0.1326 linf=0.0314
    [standard] victims: v1 done, v2 done, v3 done, v4 done, v5 done
    [standard | dog-bird t1/10 idx=1503] poison_CTA=0.8283 poison_ASR=40%
  [dog-bird t2/10 idx=4421] gradmatch craft_obj=0.1894 linf=0.0314
    [standard] victims: v1 done, v2 done, v3 done, v4 done, v5 done
    [standard | dog-bird t2/10 idx=4421] poison_CTA=0.8341 poison_ASR=40%
  [dog-bird t3/10 idx=2391] gradmatch craft_obj=0.1293 linf=0.0314
    [standard] victims: v1 done, v2 done, v3 done, v4 done, v5 done
    [standard | dog-bird t3/10 idx=2391] poison_CTA=0.8308 poison_ASR=100%
  [dog-bird t4/10 idx=1163] gradmatch craft_obj=0.1359 linf=0.0314
    [standard] victims: v1 done, v2 done, v3 done, v4 done, v5 done
    [standard | dog-bird t4/10 idx=1163] poison_CTA=0.8334 poison_ASR=100%
  [dog-bird t5/10 idx=9778] gradmatch craft_obj=0.1024 linf=0.0314
    [standard] victims: v1 done, v2 done, v3 done, v4 done, v5 done
    [standard | dog-bird t5/10 idx=9778] poison_CTA=0.8316 poison_ASR=40%
  [dog-bird t6/10 idx=6202] gradmatch craft_obj=0.1177 linf=0.0314
    [standard] victims: v1 done, v2 done, v3 done, v4 done, v5 done
    [standard | dog-bird t6/10 idx=6202] poison_CTA=0.8341 poison_ASR=80%
  [dog-bird t7/10 idx=3135] gradmatch craft_obj=0.1237 linf=0.0314
    [standard] victims: v1 done, v2 done, v3 done, v4 done, v5 done
    [standard | dog-bird t7/10 idx=3135] poison_CTA=0.8314 poison_ASR=100%
  [dog-bird t8/10 idx=8746] gradmatch craft_obj=0.1412 linf=0.0314
    [standard] victims: v1 done, v2 done, v3 done, v4 done, v5 done
    [standard | dog-bird t8/10 idx=8746] poison_CTA=0.8308 poison_ASR=20%
  [dog-bird t9/10 idx=3491] gradmatch craft_obj=0.1214 linf=0.0314
    [standard] victims: v1 done, v2 done, v3 done, v4 done, v5 done
    [standard | dog-bird t9/10 idx=3491] poison_CTA=0.8329 poison_ASR=80%
  [dog-bird t10/10 idx=4563] gradmatch craft_obj=0.1515 linf=0.0314
    [standard] victims: v1 done, v2 done, v3 done, v4 done, v5 done
    [standard | dog-bird t10/10 idx=4563] poison_CTA=0.8325 poison_ASR=60%

  ==== pair dog-bird (gradmatch) summary over 10 targets x 5 victims = 50 votes ====
    [standard                    ] poison CTA = 0.8320 +/- 0.0042   poison ASR = 66.0% +/- 47.4%
      tally (['airplane', 'automobile', 'bird', 'cat', 'deer', 'dog', 'frog', 'horse', 'ship', 'truck']): [0, 0, 5, 10, 1, 33, 0, 1, 0, 0]

[2026-07-01 06:38:17] wrote results_standard_nodistill_gradmatch_ResNet20BN_b200_eps8.{json,csv} to result/standard_nodistill
=== [2026-07-01 06:38:18] budget=0.01 ===
[2026-07-01 06:38:22] --parallel_victims set but <2 GPUs in CUDA_VISIBLE_DEVICES ('0'); running victims sequentially
[2026-07-01 06:38:22] device=cuda
[2026-07-01 06:38:22] hyperparams: {'dataset': 'CIFAR10', 'data_path': '/home/mmoslem3/scratch/data', 'model': 'ResNet20BN', 'out_dir': 'result/standard_nodistill', 'seed': 0, 'target_idx_file': None, 'dsa_strategy': 'color_crop_cutout_flip_scale_rotate', 'syn_data_path': 'result/res_DM_CIFAR10_ConvNet_50ipc.pt', 'surrogate_model': 'ResNet20BN', 'num_surrogates': 4, 'surrogate_epochs': 80, 'surrogate_lr': 0.01, 'surrogate_bs': 256, 'attack': 'gradmatch', 'class_pairs': ['dog-bird'], 'budget': 0.01, 'epsilon': 0.0313725, 'pgd_steps': 100, 'pgd_alpha': 0.0039216, 'restarts': 4, 'lambda_margin': 1.0, 'num_targets': 10, 'num_victims': 5, 'target_select': 'random', 'easy_targets': True, 'target_cache_dir': 'result/target_cache', 'parallel_victims': True, 'victim_epochs': 40, 'victim_lr': 0.1, 'victim_bs': 256, 'victim_decay': [35], 'victim_aug': False, 'clean_baseline': False, 'num_clean_victims': None, 'cache_dir': '', 'precompute_only': False, 'base_dist': 'l2', 'random_select': True, 'multilayer': True, 'curv_select': False, 'lambda_curv': 1.0, 'curv_damping': 1.0, 'curv_cg_iters': 10, 'curv_hessian_bs': 512, 'curv_cand_bs': 128, 'exact_select': False, 'if_damping': 0.01, 'if_cg_iters': 100, 'if_cg_tol': 0.0001, 'if_fd_h': 0.01, 'if_last_layer': False, 'if_hess_source': 'syn', 'if_hess_size': 0, 'if_max_surrogates': 0, 'verbose': False, 'single_surrogate': True, 'fast_gradmatch': False, 'surrogate_on_full_data': True, 'victim_pipelines': ['standard'], 'poison_cache_dir': '', 'log_file': ''}
[2026-07-01 06:38:22] victim pipelines (ablations): ['standard']
[2026-07-01 06:38:35] N_total=50000  budget=0.0100 -> N_p=500 poisons (all in y_adv class)

[2026-07-01 06:38:35] === training 4 surrogates (ResNet20BN) on FULL real data (80 ep each) ===
[2026-07-01 06:40:27] Evaluate_00: epoch = 0080 train time = 112 s train loss = 0.000071 train acc = 1.0000, test acc = 0.8082
[2026-07-01 06:42:20] Evaluate_01: epoch = 0080 train time = 111 s train loss = 0.000096 train acc = 1.0000, test acc = 0.8178
[2026-07-01 06:44:12] Evaluate_02: epoch = 0080 train time = 111 s train loss = 0.000080 train acc = 1.0000, test acc = 0.8151
[2026-07-01 06:46:04] Evaluate_03: epoch = 0080 train time = 111 s train loss = 0.000088 train acc = 1.0000, test acc = 0.8187

[2026-07-01 06:46:04] ################ pair dog-bird : y_adv=5(dog)  target_class=2(bird) ################
  targets (easy, loaded cache result/target_cache/easy_targets_ResNet20BN_dog-bird_n10_seed0.json): [(1503, 'deer'), (4421, 'bird'), (2391, 'bird'), (1163, 'cat'), (9778, 'cat'), (6202, 'cat'), (3135, 'horse'), (8746, 'cat'), (3491, 'cat'), (4563, 'horse')]
  [dog-bird t1/10 idx=1503] gradmatch craft_obj=0.1183 linf=0.0314
    [standard] victims: v1 done, v2 done, v3 done, v4 done, v5 done
    [standard | dog-bird t1/10 idx=1503] poison_CTA=0.8308 poison_ASR=40%
  [dog-bird t2/10 idx=4421] gradmatch craft_obj=0.1769 linf=0.0314
    [standard] victims: v1 done, v2 done, v3 done, v4 done, v5 done
    [standard | dog-bird t2/10 idx=4421] poison_CTA=0.8286 poison_ASR=20%
  [dog-bird t3/10 idx=2391] gradmatch craft_obj=0.1225 linf=0.0314
    [standard] victims: v1 done, v2 done, v3 done, v4 done, v5 done
    [standard | dog-bird t3/10 idx=2391] poison_CTA=0.8300 poison_ASR=0%
  [dog-bird t4/10 idx=1163] gradmatch craft_obj=0.1439 linf=0.0314
    [standard] victims: v1 done, v2 done, v3 done, v4 done, v5 done
    [standard | dog-bird t4/10 idx=1163] poison_CTA=0.8300 poison_ASR=100%
  [dog-bird t5/10 idx=9778] gradmatch craft_obj=0.1073 linf=0.0314
    [standard] victims: v1 done, v2 done, v3 done, v4 done, v5 done
    [standard | dog-bird t5/10 idx=9778] poison_CTA=0.8349 poison_ASR=60%
  [dog-bird t6/10 idx=6202] gradmatch craft_obj=0.1214 linf=0.0314
    [standard] victims: v1 done, v2 done, v3 done, v4 done, v5 done
    [standard | dog-bird t6/10 idx=6202] poison_CTA=0.8326 poison_ASR=40%
  [dog-bird t7/10 idx=3135] gradmatch craft_obj=0.1217 linf=0.0314
    [standard] victims: v1 done, v2 done, v3 done, v4 done, v5 done
    [standard | dog-bird t7/10 idx=3135] poison_CTA=0.8290 poison_ASR=40%
  [dog-bird t8/10 idx=8746] gradmatch craft_obj=0.1346 linf=0.0314
    [standard] victims: v1 done, v2 done, v3 done, v4 done, v5 done
    [standard | dog-bird t8/10 idx=8746] poison_CTA=0.8342 poison_ASR=20%
  [dog-bird t9/10 idx=3491] gradmatch craft_obj=0.1298 linf=0.0314
    [standard] victims: v1 done, v2 done, v3 done, v4 done, v5 done
    [standard | dog-bird t9/10 idx=3491] poison_CTA=0.8288 poison_ASR=100%
  [dog-bird t10/10 idx=4563] gradmatch craft_obj=0.1358 linf=0.0314
    [standard] victims: v1 done, v2 done, v3 done, v4 done, v5 done
    [standard | dog-bird t10/10 idx=4563] poison_CTA=0.8325 poison_ASR=80%

  ==== pair dog-bird (gradmatch) summary over 10 targets x 5 victims = 50 votes ====
    [standard                    ] poison CTA = 0.8311 +/- 0.0044   poison ASR = 50.0% +/- 50.0%
      tally (['airplane', 'automobile', 'bird', 'cat', 'deer', 'dog', 'frog', 'horse', 'ship', 'truck']): [0, 0, 11, 7, 2, 25, 1, 4, 0, 0]

[2026-07-01 07:39:28] wrote results_standard_nodistill_gradmatch_ResNet20BN_b100_eps8.{json,csv} to result/standard_nodistill
=== [2026-07-01 07:39:29] budget=0.005 ===
[2026-07-01 07:39:33] --parallel_victims set but <2 GPUs in CUDA_VISIBLE_DEVICES ('0'); running victims sequentially
[2026-07-01 07:39:34] device=cuda
[2026-07-01 07:39:34] hyperparams: {'dataset': 'CIFAR10', 'data_path': '/home/mmoslem3/scratch/data', 'model': 'ResNet20BN', 'out_dir': 'result/standard_nodistill', 'seed': 0, 'target_idx_file': None, 'dsa_strategy': 'color_crop_cutout_flip_scale_rotate', 'syn_data_path': 'result/res_DM_CIFAR10_ConvNet_50ipc.pt', 'surrogate_model': 'ResNet20BN', 'num_surrogates': 4, 'surrogate_epochs': 80, 'surrogate_lr': 0.01, 'surrogate_bs': 256, 'attack': 'gradmatch', 'class_pairs': ['dog-bird'], 'budget': 0.005, 'epsilon': 0.0313725, 'pgd_steps': 100, 'pgd_alpha': 0.0039216, 'restarts': 4, 'lambda_margin': 1.0, 'num_targets': 10, 'num_victims': 5, 'target_select': 'random', 'easy_targets': True, 'target_cache_dir': 'result/target_cache', 'parallel_victims': True, 'victim_epochs': 40, 'victim_lr': 0.1, 'victim_bs': 256, 'victim_decay': [35], 'victim_aug': False, 'clean_baseline': False, 'num_clean_victims': None, 'cache_dir': '', 'precompute_only': False, 'base_dist': 'l2', 'random_select': True, 'multilayer': True, 'curv_select': False, 'lambda_curv': 1.0, 'curv_damping': 1.0, 'curv_cg_iters': 10, 'curv_hessian_bs': 512, 'curv_cand_bs': 128, 'exact_select': False, 'if_damping': 0.01, 'if_cg_iters': 100, 'if_cg_tol': 0.0001, 'if_fd_h': 0.01, 'if_last_layer': False, 'if_hess_source': 'syn', 'if_hess_size': 0, 'if_max_surrogates': 0, 'verbose': False, 'single_surrogate': True, 'fast_gradmatch': False, 'surrogate_on_full_data': True, 'victim_pipelines': ['standard'], 'poison_cache_dir': '', 'log_file': ''}
[2026-07-01 07:39:34] victim pipelines (ablations): ['standard']
[2026-07-01 07:39:46] N_total=50000  budget=0.0050 -> N_p=250 poisons (all in y_adv class)

[2026-07-01 07:39:46] === training 4 surrogates (ResNet20BN) on FULL real data (80 ep each) ===
[2026-07-01 07:41:39] Evaluate_00: epoch = 0080 train time = 112 s train loss = 0.000087 train acc = 1.0000, test acc = 0.8132
[2026-07-01 07:43:31] Evaluate_01: epoch = 0080 train time = 111 s train loss = 0.000099 train acc = 1.0000, test acc = 0.8083
[2026-07-01 07:45:23] Evaluate_02: epoch = 0080 train time = 111 s train loss = 0.000084 train acc = 1.0000, test acc = 0.8024
[2026-07-01 07:47:15] Evaluate_03: epoch = 0080 train time = 111 s train loss = 0.000094 train acc = 1.0000, test acc = 0.8103

[2026-07-01 07:47:15] ################ pair dog-bird : y_adv=5(dog)  target_class=2(bird) ################
  targets (easy, loaded cache result/target_cache/easy_targets_ResNet20BN_dog-bird_n10_seed0.json): [(1503, 'deer'), (4421, 'bird'), (2391, 'bird'), (1163, 'cat'), (9778, 'cat'), (6202, 'cat'), (3135, 'horse'), (8746, 'cat'), (3491, 'cat'), (4563, 'horse')]
  [dog-bird t1/10 idx=1503] gradmatch craft_obj=0.1273 linf=0.0314
    [standard] victims: v1 done, v2 done, v3 done, v4 done, v5 done
    [standard | dog-bird t1/10 idx=1503] poison_CTA=0.8298 poison_ASR=60%
  [dog-bird t2/10 idx=4421] gradmatch craft_obj=0.1974 linf=0.0314
    [standard] victims: v1 done, v2 done, v3 done, v4 done, v5 done
    [standard | dog-bird t2/10 idx=4421] poison_CTA=0.8322 poison_ASR=0%
  [dog-bird t3/10 idx=2391] gradmatch craft_obj=0.1222 linf=0.0314
    [standard] victims: v1 done, v2 done, v3 done, v4 done, v5 done
    [standard | dog-bird t3/10 idx=2391] poison_CTA=0.8260 poison_ASR=60%
  [dog-bird t4/10 idx=1163] gradmatch craft_obj=0.1413 linf=0.0314
    [standard] victims: v1 done, v2 done, v3 done, v4 done, v5 done
    [standard | dog-bird t4/10 idx=1163] poison_CTA=0.8329 poison_ASR=80%
  [dog-bird t5/10 idx=9778] gradmatch craft_obj=0.1075 linf=0.0314
    [standard] victims: v1 done, v2 done, v3 done, v4 done, v5 done
    [standard | dog-bird t5/10 idx=9778] poison_CTA=0.8290 poison_ASR=100%
  [dog-bird t6/10 idx=6202] gradmatch craft_obj=0.1376 linf=0.0314
    [standard] victims: v1 done, v2 done, v3 done, v4 done, v5 done
    [standard | dog-bird t6/10 idx=6202] poison_CTA=0.8296 poison_ASR=60%
  [dog-bird t7/10 idx=3135] gradmatch craft_obj=0.1138 linf=0.0314
    [standard] victims: v1 done, v2 done, v3 done, v4 done, v5 done
    [standard | dog-bird t7/10 idx=3135] poison_CTA=0.8346 poison_ASR=80%
  [dog-bird t8/10 idx=8746] gradmatch craft_obj=0.1504 linf=0.0314
    [standard] victims: v1 done, v2 done, v3 done, v4 done, v5 done
    [standard | dog-bird t8/10 idx=8746] poison_CTA=0.8323 poison_ASR=0%
  [dog-bird t9/10 idx=3491] gradmatch craft_obj=0.1170 linf=0.0314
    [standard] victims: v1 done, v2 done, v3 done, v4 done, v5 done
    [standard | dog-bird t9/10 idx=3491] poison_CTA=0.8306 poison_ASR=60%
  [dog-bird t10/10 idx=4563] gradmatch craft_obj=0.1491 linf=0.0314
    [standard] victims: v1 done, v2 done, v3 done, v4 done, v5 done
    [standard | dog-bird t10/10 idx=4563] poison_CTA=0.8307 poison_ASR=80%

  ==== pair dog-bird (gradmatch) summary over 10 targets x 5 victims = 50 votes ====
    [standard                    ] poison CTA = 0.8308 +/- 0.0041   poison ASR = 58.0% +/- 49.4%
      tally (['airplane', 'automobile', 'bird', 'cat', 'deer', 'dog', 'frog', 'horse', 'ship', 'truck']): [0, 0, 8, 9, 2, 29, 0, 2, 0, 0]

[2026-07-01 08:37:09] wrote results_standard_nodistill_gradmatch_ResNet20BN_b50_eps8.{json,csv} to result/standard_nodistill
=== [2026-07-01 08:37:09] budget=0.002 ===
[2026-07-01 08:37:12] --parallel_victims set but <2 GPUs in CUDA_VISIBLE_DEVICES ('0'); running victims sequentially
[2026-07-01 08:37:12] device=cuda
[2026-07-01 08:37:12] hyperparams: {'dataset': 'CIFAR10', 'data_path': '/home/mmoslem3/scratch/data', 'model': 'ResNet20BN', 'out_dir': 'result/standard_nodistill', 'seed': 0, 'target_idx_file': None, 'dsa_strategy': 'color_crop_cutout_flip_scale_rotate', 'syn_data_path': 'result/res_DM_CIFAR10_ConvNet_50ipc.pt', 'surrogate_model': 'ResNet20BN', 'num_surrogates': 4, 'surrogate_epochs': 80, 'surrogate_lr': 0.01, 'surrogate_bs': 256, 'attack': 'gradmatch', 'class_pairs': ['dog-bird'], 'budget': 0.002, 'epsilon': 0.0313725, 'pgd_steps': 100, 'pgd_alpha': 0.0039216, 'restarts': 4, 'lambda_margin': 1.0, 'num_targets': 10, 'num_victims': 5, 'target_select': 'random', 'easy_targets': True, 'target_cache_dir': 'result/target_cache', 'parallel_victims': True, 'victim_epochs': 40, 'victim_lr': 0.1, 'victim_bs': 256, 'victim_decay': [35], 'victim_aug': False, 'clean_baseline': False, 'num_clean_victims': None, 'cache_dir': '', 'precompute_only': False, 'base_dist': 'l2', 'random_select': True, 'multilayer': True, 'curv_select': False, 'lambda_curv': 1.0, 'curv_damping': 1.0, 'curv_cg_iters': 10, 'curv_hessian_bs': 512, 'curv_cand_bs': 128, 'exact_select': False, 'if_damping': 0.01, 'if_cg_iters': 100, 'if_cg_tol': 0.0001, 'if_fd_h': 0.01, 'if_last_layer': False, 'if_hess_source': 'syn', 'if_hess_size': 0, 'if_max_surrogates': 0, 'verbose': False, 'single_surrogate': True, 'fast_gradmatch': False, 'surrogate_on_full_data': True, 'victim_pipelines': ['standard'], 'poison_cache_dir': '', 'log_file': ''}
[2026-07-01 08:37:12] victim pipelines (ablations): ['standard']
[2026-07-01 08:37:25] N_total=50000  budget=0.0020 -> N_p=100 poisons (all in y_adv class)

[2026-07-01 08:37:25] === training 4 surrogates (ResNet20BN) on FULL real data (80 ep each) ===
[2026-07-01 08:39:17] Evaluate_00: epoch = 0080 train time = 111 s train loss = 0.000087 train acc = 1.0000, test acc = 0.8116
[2026-07-01 08:41:09] Evaluate_01: epoch = 0080 train time = 111 s train loss = 0.000089 train acc = 1.0000, test acc = 0.8042
[2026-07-01 08:43:02] Evaluate_02: epoch = 0080 train time = 111 s train loss = 0.010504 train acc = 0.9974, test acc = 0.7913
[2026-07-01 08:44:54] Evaluate_03: epoch = 0080 train time = 111 s train loss = 0.000219 train acc = 1.0000, test acc = 0.8040

[2026-07-01 08:44:54] ################ pair dog-bird : y_adv=5(dog)  target_class=2(bird) ################
  targets (easy, loaded cache result/target_cache/easy_targets_ResNet20BN_dog-bird_n10_seed0.json): [(1503, 'deer'), (4421, 'bird'), (2391, 'bird'), (1163, 'cat'), (9778, 'cat'), (6202, 'cat'), (3135, 'horse'), (8746, 'cat'), (3491, 'cat'), (4563, 'horse')]
  [dog-bird t1/10 idx=1503] gradmatch craft_obj=0.1141 linf=0.0314
    [standard] victims: v1 done, v2 done, v3 done, v4 done, v5 done
    [standard | dog-bird t1/10 idx=1503] poison_CTA=0.8332 poison_ASR=100%
  [dog-bird t2/10 idx=4421] gradmatch craft_obj=0.1838 linf=0.0314
    [standard] victims: v1 done, v2 done, v3 done, v4 done, v5 done
    [standard | dog-bird t2/10 idx=4421] poison_CTA=0.8333 poison_ASR=0%
  [dog-bird t3/10 idx=2391] gradmatch craft_obj=0.1706 linf=0.0314
    [standard] victims: v1 done, v2 done, v3 done, v4 done, v5 done
    [standard | dog-bird t3/10 idx=2391] poison_CTA=0.8309 poison_ASR=20%
  [dog-bird t4/10 idx=1163] gradmatch craft_obj=0.1143 linf=0.0314
    [standard] victims: v1 done, v2 done, v3 done, v4 done, v5 done
    [standard | dog-bird t4/10 idx=1163] poison_CTA=0.8309 poison_ASR=60%
  [dog-bird t5/10 idx=9778] gradmatch craft_obj=0.1163 linf=0.0314
    [standard] victims: v1 done, v2 done, v3 done, v4 done, v5 done
    [standard | dog-bird t5/10 idx=9778] poison_CTA=0.8313 poison_ASR=40%
  [dog-bird t6/10 idx=6202] gradmatch craft_obj=0.1525 linf=0.0314
    [standard] victims: v1 done, v2 done, v3 done, v4 done, v5 done
    [standard | dog-bird t6/10 idx=6202] poison_CTA=0.8319 poison_ASR=20%
  [dog-bird t7/10 idx=3135] gradmatch craft_obj=0.1135 linf=0.0314
    [standard] victims: v1 done, v2 done, v3 done, v4 done, v5 done
    [standard | dog-bird t7/10 idx=3135] poison_CTA=0.8310 poison_ASR=20%
  [dog-bird t8/10 idx=8746] gradmatch craft_obj=0.1420 linf=0.0314
    [standard] victims: 

  === main_FC.sh started 2026-07-01 01:41:34 — logging to logs/main_FC_20260701_014134.log ===
=== [2026-07-01 01:41:34] budget=0.01 ===
[2026-07-01 01:41:38] device=cuda
[2026-07-01 01:41:38] hyperparams: {'dataset': 'CIFAR10', 'data_path': '/home/mmoslem3/scratch/data', 'model': 'ResNet20BN', 'out_dir': 'result/standard_nodistill', 'seed': 0, 'target_idx_file': None, 'dsa_strategy': 'color_crop_cutout_flip_scale_rotate', 'syn_data_path': 'result/res_DM_CIFAR10_ConvNet_50ipc.pt', 'surrogate_model': 'ResNet20BN', 'num_surrogates': 4, 'surrogate_epochs': 80, 'surrogate_lr': 0.01, 'surrogate_bs': 256, 'attack': 'gradmatch', 'class_pairs': ['dog-bird'], 'budget': 0.01, 'epsilon': 0.0313725, 'pgd_steps': 100, 'pgd_alpha': 0.0039216, 'restarts': 4, 'lambda_margin': 1.0, 'num_targets': 10, 'num_victims': 5, 'target_select': 'random', 'easy_targets': True, 'target_cache_dir': 'result/target_cache', 'parallel_victims': False, 'victim_epochs': 40, 'victim_lr': 0.1, 'victim_bs': 256, 'victim_decay': [35], 'victim_aug': False, 'clean_baseline': False, 'num_clean_victims': None, 'cache_dir': '', 'precompute_only': False, 'base_dist': 'l2', 'random_select': False, 'multilayer': True, 'curv_select': False, 'lambda_curv': 1.0, 'curv_damping': 1.0, 'curv_cg_iters': 10, 'curv_hessian_bs': 512, 'curv_cand_bs': 128, 'exact_select': True, 'if_damping': 0.01, 'if_cg_iters': 100, 'if_cg_tol': 0.0001, 'if_fd_h': 0.01, 'if_last_layer': False, 'if_hess_source': 'syn', 'if_hess_size': 512, 'if_max_surrogates': 1, 'verbose': True, 'single_surrogate': True, 'fast_gradmatch': False, 'surrogate_on_full_data': True, 'victim_pipelines': ['standard'], 'poison_cache_dir': '', 'log_file': ''}
[2026-07-01 01:41:38] victim pipelines (ablations): ['standard']
[2026-07-01 01:41:50] N_total=50000  budget=0.0100 -> N_p=500 poisons (all in y_adv class)

[2026-07-01 01:41:50] === training 4 surrogates (ResNet20BN) on FULL real data (80 ep each) ===
[2026-07-01 01:43:45] Evaluate_00: epoch = 0080 train time = 114 s train loss = 0.000094 train acc = 1.0000, test acc = 0.8047
[2026-07-01 01:45:39] Evaluate_01: epoch = 0080 train time = 114 s train loss = 0.000087 train acc = 1.0000, test acc = 0.8165
[2026-07-01 01:47:34] Evaluate_02: epoch = 0080 train time = 114 s train loss = 0.000087 train acc = 1.0000, test acc = 0.8134
[2026-07-01 01:49:28] Evaluate_03: epoch = 0080 train time = 113 s train loss = 0.000086 train acc = 1.0000, test acc = 0.8095
[2026-07-01 01:49:28] exact-IF Hessian set = 512 real train images

[2026-07-01 01:49:28] ################ pair dog-bird : y_adv=5(dog)  target_class=2(bird) ################
  targets (easy, loaded cache result/target_cache/easy_targets_ResNet20BN_dog-bird_n10_seed0.json): [(1503, 'deer'), (4421, 'bird'), (2391, 'bird'), (1163, 'cat'), (9778, 'cat'), (6202, 'cat'), (3135, 'horse'), (8746, 'cat'), (3491, 'cat'), (4563, 'horse')]
      [exact] CG iters used per surrogate: [100]
  [dog-bird t1/10 idx=1503] gradmatch craft_obj=0.1185 linf=0.0314
    [standard] victims: v1 done, v2 done, v3 done, v4 done, v5 done
    [standard | dog-bird t1/10 idx=1503] poison_CTA=0.8302 poison_ASR=100%
      [exact] CG iters used per surrogate: [100]
  [dog-bird t2/10 idx=4421] gradmatch craft_obj=0.1954 linf=0.0314
    [standard] victims: v1 done, v2 done, v3 done, v4 done, v5 done
    [standard | dog-bird t2/10 idx=4421] poison_CTA=0.8307 poison_ASR=40%
      [exact] CG iters used per surrogate: [100]
  [dog-bird t3/10 idx=2391] gradmatch craft_obj=0.1070 linf=0.0314
    [standard] victims: v1 done, v2 done, v3 done, v4 done, v5 done
    [standard | dog-bird t3/10 idx=2391] poison_CTA=0.8337 poison_ASR=40%
      [exact] CG iters used per surrogate: [100]
  [dog-bird t4/10 idx=1163] gradmatch craft_obj=0.1619 linf=0.0314
    [standard] victims: v1 done, v2 done, v3 done, v4 done, v5 done
    [standard | dog-bird t4/10 idx=1163] poison_CTA=0.8334 poison_ASR=80%
      [exact] CG iters used per surrogate: [100]
  [dog-bird t5/10 idx=9778] gradmatch craft_obj=0.1264 linf=0.0314
    [standard] victims: v1 done, v2 done, v3 done, v4 done, v5 done
    [standard | dog-bird t5/10 idx=9778] poison_CTA=0.8341 poison_ASR=80%
      [exact] CG iters used per surrogate: [100]
  [dog-bird t6/10 idx=6202] gradmatch craft_obj=0.1335 linf=0.0314
    [standard] victims: v1 done, v2 done, v3 done, v4 done, v5 done
    [standard | dog-bird t6/10 idx=6202] poison_CTA=0.8308 poison_ASR=20%
      [exact] CG iters used per surrogate: [100]
  [dog-bird t7/10 idx=3135] gradmatch craft_obj=0.1152 linf=0.0314
    [standard] victims: v1 done, v2 done, v3 done, v4 done, v5 done
    [standard | dog-bird t7/10 idx=3135] poison_CTA=0.8312 poison_ASR=80%
      [exact] CG iters used per surrogate: [100]
  [dog-bird t8/10 idx=8746] gradmatch craft_obj=0.1340 linf=0.0314
    [standard] victims: v1 done, v2 done, v3 done, v4 done, v5 done
    [standard | dog-bird t8/10 idx=8746] poison_CTA=0.8327 poison_ASR=60%
      [exact] CG iters used per surrogate: [100]
  [dog-bird t9/10 idx=3491] gradmatch craft_obj=0.1338 linf=0.0314
    [standard] victims: v1 done, v2 done, v3 done, v4 done, v5 done
    [standard | dog-bird t9/10 idx=3491] poison_CTA=0.8293 poison_ASR=80%
      [exact] CG iters used per surrogate: [100]
  [dog-bird t10/10 idx=4563] gradmatch craft_obj=0.1522 linf=0.0314
    [standard] victims: v1 done, v2 done, v3 done, v4 done, v5 done
    [standard | dog-bird t10/10 idx=4563] poison_CTA=0.8296 poison_ASR=60%

  ==== pair dog-bird (gradmatch) summary over 10 targets x 5 victims = 50 votes ====
    [standard                    ] poison CTA = 0.8316 +/- 0.0040   poison ASR = 64.0% +/- 48.0%
      tally (['airplane', 'automobile', 'bird', 'cat', 'deer', 'dog', 'frog', 'horse', 'ship', 'truck']): [0, 0, 9, 6, 0, 32, 0, 3, 0, 0]

[2026-07-01 02:45:26] wrote results_standard_nodistill_gradmatch_ResNet20BN_b100_eps8.{json,csv} to result/standard_nodistill
main_FC.sh: line 73: ne: command not found
=== main_FC.sh finished 2026-07-01 02:45:26 — log: logs/main_FC_20260701_014134.log ===

=== main_FC.sh started 2026-07-01 01:42:25 — logging to logs/main_FC_20260701_014225.log ===
=== [2026-07-01 01:42:25] budget=0.005 ===
[2026-07-01 01:42:29] device=cuda
[2026-07-01 01:42:29] hyperparams: {'dataset': 'CIFAR10', 'data_path': '/home/mmoslem3/scratch/data', 'model': 'ResNet20BN', 'out_dir': 'result/standard_nodistill', 'seed': 0, 'target_idx_file': None, 'dsa_strategy': 'color_crop_cutout_flip_scale_rotate', 'syn_data_path': 'result/res_DM_CIFAR10_ConvNet_50ipc.pt', 'surrogate_model': 'ResNet20BN', 'num_surrogates': 4, 'surrogate_epochs': 80, 'surrogate_lr': 0.01, 'surrogate_bs': 256, 'attack': 'gradmatch', 'class_pairs': ['dog-bird'], 'budget': 0.005, 'epsilon': 0.0313725, 'pgd_steps': 100, 'pgd_alpha': 0.0039216, 'restarts': 4, 'lambda_margin': 1.0, 'num_targets': 10, 'num_victims': 5, 'target_select': 'random', 'easy_targets': True, 'target_cache_dir': 'result/target_cache', 'parallel_victims': False, 'victim_epochs': 40, 'victim_lr': 0.1, 'victim_bs': 256, 'victim_decay': [35], 'victim_aug': False, 'clean_baseline': False, 'num_clean_victims': None, 'cache_dir': '', 'precompute_only': False, 'base_dist': 'l2', 'random_select': False, 'multilayer': True, 'curv_select': False, 'lambda_curv': 1.0, 'curv_damping': 1.0, 'curv_cg_iters': 10, 'curv_hessian_bs': 512, 'curv_cand_bs': 128, 'exact_select': True, 'if_damping': 0.01, 'if_cg_iters': 100, 'if_cg_tol': 0.0001, 'if_fd_h': 0.01, 'if_last_layer': False, 'if_hess_source': 'syn', 'if_hess_size': 512, 'if_max_surrogates': 1, 'verbose': True, 'single_surrogate': True, 'fast_gradmatch': False, 'surrogate_on_full_data': True, 'victim_pipelines': ['standard'], 'poison_cache_dir': '', 'log_file': ''}
[2026-07-01 01:42:29] victim pipelines (ablations): ['standard']
[2026-07-01 01:42:42] N_total=50000  budget=0.0050 -> N_p=250 poisons (all in y_adv class)

[2026-07-01 01:42:42] === training 4 surrogates (ResNet20BN) on FULL real data (80 ep each) ===
[2026-07-01 01:44:36] Evaluate_00: epoch = 0080 train time = 113 s train loss = 0.000100 train acc = 1.0000, test acc = 0.8057
[2026-07-01 01:46:30] Evaluate_01: epoch = 0080 train time = 113 s train loss = 0.000073 train acc = 1.0000, test acc = 0.8177
[2026-07-01 01:48:23] Evaluate_02: epoch = 0080 train time = 113 s train loss = 0.000089 train acc = 1.0000, test acc = 0.8076
[2026-07-01 01:50:17] Evaluate_03: epoch = 0080 train time = 113 s train loss = 0.000077 train acc = 1.0000, test acc = 0.8150
[2026-07-01 01:50:17] exact-IF Hessian set = 512 real train images

[2026-07-01 01:50:17] ################ pair dog-bird : y_adv=5(dog)  target_class=2(bird) ################
  targets (easy, loaded cache result/target_cache/easy_targets_ResNet20BN_dog-bird_n10_seed0.json): [(1503, 'deer'), (4421, 'bird'), (2391, 'bird'), (1163, 'cat'), (9778, 'cat'), (6202, 'cat'), (3135, 'horse'), (8746, 'cat'), (3491, 'cat'), (4563, 'horse')]
      [exact] CG iters used per surrogate: [100]
  [dog-bird t1/10 idx=1503] gradmatch craft_obj=0.1373 linf=0.0314
    [standard] victims: v1 done, v2 done, v3 done, v4 done, v5 done
    [standard | dog-bird t1/10 idx=1503] poison_CTA=0.8307 poison_ASR=100%
      [exact] CG iters used per surrogate: [100]
  [dog-bird t2/10 idx=4421] gradmatch craft_obj=0.1892 linf=0.0314
    [standard] victims: v1 done, v2 done, v3 done, v4 done, v5 done
    [standard | dog-bird t2/10 idx=4421] poison_CTA=0.8312 poison_ASR=0%
      [exact] CG iters used per surrogate: [100]
  [dog-bird t3/10 idx=2391] gradmatch craft_obj=0.1389 linf=0.0314
    [standard] victims: v1 done, v2 done, v3 done, v4 done, v5 done
    [standard | dog-bird t3/10 idx=2391] poison_CTA=0.8325 poison_ASR=80%
      [exact] CG iters used per surrogate: [100]
  [dog-bird t4/10 idx=1163] gradmatch craft_obj=0.1244 linf=0.0314
    [standard] victims: v1 done, v2 done, v3 done, v4 done, v5 done
    [standard | dog-bird t4/10 idx=1163] poison_CTA=0.8329 poison_ASR=100%
      [exact] CG iters used per surrogate: [100]
  [dog-bird t5/10 idx=9778] gradmatch craft_obj=0.1260 linf=0.0314
    [standard] victims: v1 done, v2 done, v3 done, v4 done, v5 done
    [standard | dog-bird t5/10 idx=9778] poison_CTA=0.8308 poison_ASR=80%
      [exact] CG iters used per surrogate: [100]
  [dog-bird t6/10 idx=6202] gradmatch craft_obj=0.1232 linf=0.0314
    [standard] victims: v1 done, v2 done, v3 done, v4 done, v5 done
    [standard | dog-bird t6/10 idx=6202] poison_CTA=0.8331 poison_ASR=40%
      [exact] CG iters used per surrogate: [100]
  [dog-bird t7/10 idx=3135] gradmatch craft_obj=0.1119 linf=0.0314
    [standard] victims: v1 done, v2 done, v3 done, v4 done, v5 done
    [standard | dog-bird t7/10 idx=3135] poison_CTA=0.8303 poison_ASR=100%
      [exact] CG iters used per surrogate: [100]
  [dog-bird t8/10 idx=8746] gradmatch craft_obj=0.1710 linf=0.0314
    [standard] victims: v1 done, v2 done, v3 done, v4 done, v5 done
    [standard | dog-bird t8/10 idx=8746] poison_CTA=0.8299 poison_ASR=60%
      [exact] CG iters used per surrogate: [100]
  [dog-bird t9/10 idx=3491] gradmatch craft_obj=0.1191 linf=0.0314
    [standard] victims: v1 done, v2 done, v3 done, v4 done, v5 done
    [standard | dog-bird t9/10 idx=3491] poison_CTA=0.8319 poison_ASR=100%
      [exact] CG iters used per surrogate: [100]
  [dog-bird t10/10 idx=4563] gradmatch craft_obj=0.1244 linf=0.0314
    [standard] victims: v1 done, v2 done, v3 done, v4 done, v5 done
    [standard | dog-bird t10/10 idx=4563] poison_CTA=0.8302 poison_ASR=80%

  ==== pair dog-bird (gradmatch) summary over 10 targets x 5 victims = 50 votes ====
    [standard                    ] poison CTA = 0.8314 +/- 0.0043   poison ASR = 74.0% +/- 43.9%
      tally (['airplane', 'automobile', 'bird', 'cat', 'deer', 'dog', 'frog', 'horse', 'ship', 'truck']): [0, 0, 8, 3, 0, 37, 1, 1, 0, 0]

[2026-07-01 02:42:29] wrote results_standard_nodistill_gradmatch_ResNet20BN_b50_eps8.{json,csv} to result/standard_nodistill
main_FC.sh: line 73: e: command not found
=== main_FC.sh finished 2026-07-01 02:42:29 — log: logs/main_FC_20260701_014225.log ===


=== main_FC.sh started 2026-07-01 01:43:24 — logging to logs/main_FC_20260701_014324.log ===
=== [2026-07-01 01:43:24] budget=0.002 ===
[2026-07-01 01:43:27] device=cuda
[2026-07-01 01:43:27] hyperparams: {'dataset': 'CIFAR10', 'data_path': '/home/mmoslem3/scratch/data', 'model': 'ResNet20BN', 'out_dir': 'result/standard_nodistill', 'seed': 0, 'target_idx_file': None, 'dsa_strategy': 'color_crop_cutout_flip_scale_rotate', 'syn_data_path': 'result/res_DM_CIFAR10_ConvNet_50ipc.pt', 'surrogate_model': 'ResNet20BN', 'num_surrogates': 4, 'surrogate_epochs': 80, 'surrogate_lr': 0.01, 'surrogate_bs': 256, 'attack': 'gradmatch', 'class_pairs': ['dog-bird'], 'budget': 0.002, 'epsilon': 0.0313725, 'pgd_steps': 100, 'pgd_alpha': 0.0039216, 'restarts': 4, 'lambda_margin': 1.0, 'num_targets': 10, 'num_victims': 5, 'target_select': 'random', 'easy_targets': True, 'target_cache_dir': 'result/target_cache', 'parallel_victims': False, 'victim_epochs': 40, 'victim_lr': 0.1, 'victim_bs': 256, 'victim_decay': [35], 'victim_aug': False, 'clean_baseline': False, 'num_clean_victims': None, 'cache_dir': '', 'precompute_only': False, 'base_dist': 'l2', 'random_select': False, 'multilayer': True, 'curv_select': False, 'lambda_curv': 1.0, 'curv_damping': 1.0, 'curv_cg_iters': 10, 'curv_hessian_bs': 512, 'curv_cand_bs': 128, 'exact_select': True, 'if_damping': 0.01, 'if_cg_iters': 100, 'if_cg_tol': 0.0001, 'if_fd_h': 0.01, 'if_last_layer': False, 'if_hess_source': 'syn', 'if_hess_size': 512, 'if_max_surrogates': 1, 'verbose': True, 'single_surrogate': True, 'fast_gradmatch': False, 'surrogate_on_full_data': True, 'victim_pipelines': ['standard'], 'poison_cache_dir': '', 'log_file': ''}
[2026-07-01 01:43:27] victim pipelines (ablations): ['standard']
[2026-07-01 01:43:40] N_total=50000  budget=0.0020 -> N_p=100 poisons (all in y_adv class)

[2026-07-01 01:43:40] === training 4 surrogates (ResNet20BN) on FULL real data (80 ep each) ===
[2026-07-01 01:45:34] Evaluate_00: epoch = 0080 train time = 114 s train loss = 0.000076 train acc = 1.0000, test acc = 0.8070
[2026-07-01 01:47:29] Evaluate_01: epoch = 0080 train time = 114 s train loss = 0.000088 train acc = 1.0000, test acc = 0.8184
[2026-07-01 01:49:23] Evaluate_02: epoch = 0080 train time = 114 s train loss = 0.000085 train acc = 1.0000, test acc = 0.8118
[2026-07-01 01:51:18] Evaluate_03: epoch = 0080 train time = 113 s train loss = 0.000090 train acc = 1.0000, test acc = 0.8103
[2026-07-01 01:51:18] exact-IF Hessian set = 512 real train images

[2026-07-01 01:51:18] ################ pair dog-bird : y_adv=5(dog)  target_class=2(bird) ################
  targets (easy, loaded cache result/target_cache/easy_targets_ResNet20BN_dog-bird_n10_seed0.json): [(1503, 'deer'), (4421, 'bird'), (2391, 'bird'), (1163, 'cat'), (9778, 'cat'), (6202, 'cat'), (3135, 'horse'), (8746, 'cat'), (3491, 'cat'), (4563, 'horse')]
      [exact] CG iters used per surrogate: [100]
  [dog-bird t1/10 idx=1503] gradmatch craft_obj=0.1320 linf=0.0314
    [standard] victims: v1 done, v2 done, v3 done, v4 done, v5 done
    [standard | dog-bird t1/10 idx=1503] poison_CTA=0.8302 poison_ASR=0%
      [exact] CG iters used per surrogate: [100]
  [dog-bird t2/10 idx=4421] gradmatch craft_obj=0.1822 linf=0.0314
    [standard] victims: v1 done, v2 done, v3 done, v4 done, v5 done
    [standard | dog-bird t2/10 idx=4421] poison_CTA=0.8325 poison_ASR=0%
      [exact] CG iters used per surrogate: [100]
  [dog-bird t3/10 idx=2391] gradmatch craft_obj=0.1238 linf=0.0314
    [standard] victims: v1 done, v2 done, v3 done, v4 done, v5 done
    [standard | dog-bird t3/10 idx=2391] poison_CTA=0.8284 poison_ASR=60%
      [exact] CG iters used per surrogate: [100]
  [dog-bird t4/10 idx=1163] gradmatch craft_obj=0.1479 linf=0.0314
    [standard] victims: v1 done, v2 done, v3 done, v4 done, v5 done
    [standard | dog-bird t4/10 idx=1163] poison_CTA=0.8333 poison_ASR=80%
      [exact] CG iters used per surrogate: [100]
  [dog-bird t5/10 idx=9778] gradmatch craft_obj=0.1102 linf=0.0314
    [standard] victims: v1 done, v2 done, v3 done, v4 done, v5 done
    [standard | dog-bird t5/10 idx=9778] poison_CTA=0.8292 poison_ASR=40%
      [exact] CG iters used per surrogate: [100]
  [dog-bird t6/10 idx=6202] gradmatch craft_obj=0.1120 linf=0.0314
    [standard] victims: v1 done, v2 done, v3 done, v4 done, v5 done
    [standard | dog-bird t6/10 idx=6202] poison_CTA=0.8298 poison_ASR=40%
      [exact] CG iters used per surrogate: [100]
  [dog-bird t7/10 idx=3135] gradmatch craft_obj=0.1072 linf=0.0314
    [standard] victims: v1 done, v2 done, v3 done, v4 done, v5 done
    [standard | dog-bird t7/10 idx=3135] poison_CTA=0.8313 poison_ASR=100%
      [exact] CG iters used per surrogate: [100]
  [dog-bird t8/10 idx=8746] gradmatch craft_obj=0.1541 linf=0.0314
    [standard] victims: v1 done, v2 done, v3 done, v4 done, v5 done
    [standard | dog-bird t8/10 idx=8746] poison_CTA=0.8324 poison_ASR=20%
      [exact] CG iters used per surrogate: [100]
  [dog-bird t9/10 idx=3491] gradmatch craft_obj=0.1235 linf=0.0314
    [standard] victims: v1 done, v2 done, v3 done, v4 done, v5 done
    [standard | dog-bird t9/10 idx=3491] poison_CTA=0.8317 poison_ASR=60%
      [exact] CG iters used per surrogate: [100]
  [dog-bird t10/10 idx=4563] gradmatch craft_obj=0.1291 linf=0.0314
    [standard] victims: v1 done, v2 done, v3 done, v4 done, v5 done
    [standard | dog-bird t10/10 idx=4563] poison_CTA=0.8298 poison_ASR=60%

  ==== pair dog-bird (gradmatch) summary over 10 targets x 5 victims = 50 votes ====
    [standard                    ] poison CTA = 0.8309 +/- 0.0037   poison ASR = 46.0% +/- 49.8%
      tally (['airplane', 'automobile', 'bird', 'cat', 'deer', 'dog', 'frog', 'horse', 'ship', 'truck']): [0, 0, 9, 12, 4, 23, 1, 1, 0, 0]

[2026-07-01 02:42:09] wrote results_standard_nodistill_gradmatch_ResNet20BN_b20_eps8.{json,csv} to result/standard_nodistill
main_FC.sh: line 73: e: command not found
=== main_FC.sh finished 2026-07-01 02:42:10 — log: logs/main_FC_20260701_014324.log ===

=== main_FC.sh started 2026-07-01 01:43:41 — logging to logs/main_FC_20260701_014341.log ===
=== [2026-07-01 01:43:41] budget=0.001 ===
[2026-07-01 01:43:44] device=cuda
[2026-07-01 01:43:44] hyperparams: {'dataset': 'CIFAR10', 'data_path': '/home/mmoslem3/scratch/data', 'model': 'ResNet20BN', 'out_dir': 'result/standard_nodistill', 'seed': 0, 'target_idx_file': None, 'dsa_strategy': 'color_crop_cutout_flip_scale_rotate', 'syn_data_path': 'result/res_DM_CIFAR10_ConvNet_50ipc.pt', 'surrogate_model': 'ResNet20BN', 'num_surrogates': 4, 'surrogate_epochs': 80, 'surrogate_lr': 0.01, 'surrogate_bs': 256, 'attack': 'gradmatch', 'class_pairs': ['dog-bird'], 'budget': 0.001, 'epsilon': 0.0313725, 'pgd_steps': 100, 'pgd_alpha': 0.0039216, 'restarts': 4, 'lambda_margin': 1.0, 'num_targets': 10, 'num_victims': 5, 'target_select': 'random', 'easy_targets': True, 'target_cache_dir': 'result/target_cache', 'parallel_victims': False, 'victim_epochs': 40, 'victim_lr': 0.1, 'victim_bs': 256, 'victim_decay': [35], 'victim_aug': False, 'clean_baseline': False, 'num_clean_victims': None, 'cache_dir': '', 'precompute_only': False, 'base_dist': 'l2', 'random_select': False, 'multilayer': True, 'curv_select': False, 'lambda_curv': 1.0, 'curv_damping': 1.0, 'curv_cg_iters': 10, 'curv_hessian_bs': 512, 'curv_cand_bs': 128, 'exact_select': True, 'if_damping': 0.01, 'if_cg_iters': 100, 'if_cg_tol': 0.0001, 'if_fd_h': 0.01, 'if_last_layer': False, 'if_hess_source': 'syn', 'if_hess_size': 512, 'if_max_surrogates': 1, 'verbose': True, 'single_surrogate': True, 'fast_gradmatch': False, 'surrogate_on_full_data': True, 'victim_pipelines': ['standard'], 'poison_cache_dir': '', 'log_file': ''}
[2026-07-01 01:43:44] victim pipelines (ablations): ['standard']
[2026-07-01 01:43:56] N_total=50000  budget=0.0010 -> N_p=50 poisons (all in y_adv class)

[2026-07-01 01:43:56] === training 4 surrogates (ResNet20BN) on FULL real data (80 ep each) ===
[2026-07-01 01:45:51] Evaluate_00: epoch = 0080 train time = 114 s train loss = 0.000090 train acc = 1.0000, test acc = 0.8069
[2026-07-01 01:47:46] Evaluate_01: epoch = 0080 train time = 114 s train loss = 0.000087 train acc = 1.0000, test acc = 0.8148
[2026-07-01 01:49:41] Evaluate_02: epoch = 0080 train time = 114 s train loss = 0.000090 train acc = 1.0000, test acc = 0.8130
[2026-07-01 01:51:36] Evaluate_03: epoch = 0080 train time = 114 s train loss = 0.000080 train acc = 1.0000, test acc = 0.8143
[2026-07-01 01:51:36] exact-IF Hessian set = 512 real train images

[2026-07-01 01:51:36] ################ pair dog-bird : y_adv=5(dog)  target_class=2(bird) ################
  targets (easy, loaded cache result/target_cache/easy_targets_ResNet20BN_dog-bird_n10_seed0.json): [(1503, 'deer'), (4421, 'bird'), (2391, 'bird'), (1163, 'cat'), (9778, 'cat'), (6202, 'cat'), (3135, 'horse'), (8746, 'cat'), (3491, 'cat'), (4563, 'horse')]
      [exact] CG iters used per surrogate: [100]
  [dog-bird t1/10 idx=1503] gradmatch craft_obj=0.1462 linf=0.0314
    [standard] victims: v1 done, v2 done, v3 done, v4 done, v5 done
    [standard | dog-bird t1/10 idx=1503] poison_CTA=0.8299 poison_ASR=20%
      [exact] CG iters used per surrogate: [100]
  [dog-bird t2/10 idx=4421] gradmatch craft_obj=0.1715 linf=0.0314
    [standard] victims: v1 done, v2 done, v3 done, v4 done, v5 done
    [standard | dog-bird t2/10 idx=4421] poison_CTA=0.8327 poison_ASR=20%
      [exact] CG iters used per surrogate: [100]
  [dog-bird t3/10 idx=2391] gradmatch craft_obj=0.1405 linf=0.0314
    [standard] victims: v1 done, v2 done, v3 done, v4 done, v5 done
    [standard | dog-bird t3/10 idx=2391] poison_CTA=0.8324 poison_ASR=0%
      [exact] CG iters used per surrogate: [100]
  [dog-bird t4/10 idx=1163] gradmatch craft_obj=0.1314 linf=0.0314
    [standard] victims: v1 done, v2 done, v3 done, v4 done, v5 done
    [standard | dog-bird t4/10 idx=1163] poison_CTA=0.8337 poison_ASR=100%
      [exact] CG iters used per surrogate: [100]
  [dog-bird t5/10 idx=9778] gradmatch craft_obj=0.1106 linf=0.0314
    [standard] victims: v1 done, v2 done, v3 done, v4 done, v5 done
    [standard | dog-bird t5/10 idx=9778] poison_CTA=0.8331 poison_ASR=20%
      [exact] CG iters used per surrogate: [100]
  [dog-bird t6/10 idx=6202] gradmatch craft_obj=0.1533 linf=0.0314
    [standard] victims: v1 done, v2 done, v3 done, v4 done, v5 done
    [standard | dog-bird t6/10 idx=6202] poison_CTA=0.8289 poison_ASR=0%
      [exact] CG iters used per surrogate: [100]
  [dog-bird t7/10 idx=3135] gradmatch craft_obj=0.1325 linf=0.0314
    [standard] victims: v1 done, v2 done, v3 done, v4 done, v5 done
    [standard | dog-bird t7/10 idx=3135] poison_CTA=0.8312 poison_ASR=40%
      [exact] CG iters used per surrogate: [100]
  [dog-bird t8/10 idx=8746] gradmatch craft_obj=0.1381 linf=0.0314
    [standard] victims: v1 done, v2 done, v3 done, v4 done, v5 done
    [standard | dog-bird t8/10 idx=8746] poison_CTA=0.8330 poison_ASR=60%
      [exact] CG iters used per surrogate: [100]
  [dog-bird t9/10 idx=3491] gradmatch craft_obj=0.1251 linf=0.0314
    [standard] victims: v1 done, v2 done, v3 done, v4 done, v5 done
    [standard | dog-bird t9/10 idx=3491] poison_CTA=0.8347 poison_ASR=20%
      [exact] CG iters used per surrogate: [100]
  [dog-bird t10/10 idx=4563] gradmatch craft_obj=0.1904 linf=0.0314
    [standard] victims: v1 done, v2 done, v3 done, v4 done, v5 done
    [standard | dog-bird t10/10 idx=4563] poison_CTA=0.8281 poison_ASR=40%

  ==== pair dog-bird (gradmatch) summary over 10 targets x 5 victims = 50 votes ====
    [standard                    ] poison CTA = 0.8318 +/- 0.0042   poison ASR = 32.0% +/- 46.6%
      tally (['airplane', 'automobile', 'bird', 'cat', 'deer', 'dog', 'frog', 'horse', 'ship', 'truck']): [0, 0, 11, 13, 4, 16, 2, 4, 0, 0]

[2026-07-01 02:42:03] wrote results_standard_nodistill_gradmatch_ResNet20BN_b10_eps8.{json,csv} to result/standard_nodistill
main_FC.sh: line 73: e: command not found
=== main_FC.sh finished 2026-07-01 02:42:03 — log: logs/main_FC_20260701_014341.log ===

=== main_FC.sh started 2026-07-01 01:44:05 — logging to logs/main_FC_20260701_014405.log ===
=== [2026-07-01 01:44:05] budget=0.01 ===
[2026-07-01 01:44:08] --parallel_victims set but <2 GPUs in CUDA_VISIBLE_DEVICES ('0'); running victims sequentially
[2026-07-01 01:44:08] device=cuda
[2026-07-01 01:44:08] hyperparams: {'dataset': 'CIFAR10', 'data_path': '/home/mmoslem3/scratch/data', 'model': 'ResNet20BN', 'out_dir': 'result/standard_nodistill', 'seed': 0, 'target_idx_file': None, 'dsa_strategy': 'color_crop_cutout_flip_scale_rotate', 'syn_data_path': 'result/res_DM_CIFAR10_ConvNet_50ipc.pt', 'surrogate_model': 'ResNet20BN', 'num_surrogates': 4, 'surrogate_epochs': 80, 'surrogate_lr': 0.01, 'surrogate_bs': 256, 'attack': 'fc', 'class_pairs': ['dog-bird'], 'budget': 0.01, 'epsilon': 0.0313725, 'pgd_steps': 100, 'pgd_alpha': 0.0039216, 'restarts': 1, 'lambda_margin': 1.0, 'num_targets': 10, 'num_victims': 5, 'target_select': 'random', 'easy_targets': True, 'target_cache_dir': 'result/target_cache', 'parallel_victims': True, 'victim_epochs': 40, 'victim_lr': 0.1, 'victim_bs': 256, 'victim_decay': [35], 'victim_aug': False, 'clean_baseline': False, 'num_clean_victims': None, 'cache_dir': '', 'precompute_only': False, 'base_dist': 'l2', 'random_select': True, 'multilayer': True, 'curv_select': False, 'lambda_curv': 1.0, 'curv_damping': 1.0, 'curv_cg_iters': 10, 'curv_hessian_bs': 512, 'curv_cand_bs': 128, 'exact_select': False, 'if_damping': 0.01, 'if_cg_iters': 100, 'if_cg_tol': 0.0001, 'if_fd_h': 0.01, 'if_last_layer': False, 'if_hess_source': 'syn', 'if_hess_size': 0, 'if_max_surrogates': 0, 'verbose': False, 'single_surrogate': True, 'fast_gradmatch': False, 'surrogate_on_full_data': True, 'victim_pipelines': ['standard'], 'poison_cache_dir': '', 'log_file': ''}
[2026-07-01 01:44:08] victim pipelines (ablations): ['standard']
[2026-07-01 01:44:20] N_total=50000  budget=0.0100 -> N_p=500 poisons (all in y_adv class)

[2026-07-01 01:44:20] === training 4 surrogates (ResNet20BN) on FULL real data (80 ep each) ===
[2026-07-01 01:46:12] Evaluate_00: epoch = 0080 train time = 111 s train loss = 0.000089 train acc = 1.0000, test acc = 0.8175
[2026-07-01 01:48:05] Evaluate_01: epoch = 0080 train time = 111 s train loss = 0.000101 train acc = 1.0000, test acc = 0.8188
[2026-07-01 01:49:57] Evaluate_02: epoch = 0080 train time = 111 s train loss = 0.000088 train acc = 1.0000, test acc = 0.8080
[2026-07-01 01:51:49] Evaluate_03: epoch = 0080 train time = 111 s train loss = 0.000086 train acc = 1.0000, test acc = 0.8151

[2026-07-01 01:51:49] ################ pair dog-bird : y_adv=5(dog)  target_class=2(bird) ################
  targets (easy, loaded cache result/target_cache/easy_targets_ResNet20BN_dog-bird_n10_seed0.json): [(1503, 'deer'), (4421, 'bird'), (2391, 'bird'), (1163, 'cat'), (9778, 'cat'), (6202, 'cat'), (3135, 'horse'), (8746, 'cat'), (3491, 'cat'), (4563, 'horse')]
  [dog-bird t1/10 idx=1503] fc craft_obj=0.0615 linf=0.0314
    [standard] victims: v1 done, v2 done, v3 done, v4 done, v5 done
    [standard | dog-bird t1/10 idx=1503] poison_CTA=0.8313 poison_ASR=40%
  [dog-bird t2/10 idx=4421] fc craft_obj=0.0532 linf=0.0314
    [standard] victims: v1 done, v2 done, v3 done, v4 done, v5 done
    [standard | dog-bird t2/10 idx=4421] poison_CTA=0.8273 poison_ASR=0%
  [dog-bird t3/10 idx=2391] fc craft_obj=0.0520 linf=0.0314
    [standard] victims: v1 done, v2 done, v3 done, v4 done, v5 done
    [standard | dog-bird t3/10 idx=2391] poison_CTA=0.8307 poison_ASR=20%
  [dog-bird t4/10 idx=1163] fc craft_obj=0.0534 linf=0.0314
    [standard] victims: v1 done, v2 done, v3 done, v4 done, v5 done
    [standard | dog-bird t4/10 idx=1163] poison_CTA=0.8314 poison_ASR=60%
  [dog-bird t5/10 idx=9778] fc craft_obj=0.0700 linf=0.0314
    [standard] victims: v1 done, v2 done, v3 done, v4 done, v5 done
    [standard | dog-bird t5/10 idx=9778] poison_CTA=0.8307 poison_ASR=40%
  [dog-bird t6/10 idx=6202] fc craft_obj=0.0534 linf=0.0314
    [standard] victims: v1 done, v2 done, v3 done, v4 done, v5 done
    [standard | dog-bird t6/10 idx=6202] poison_CTA=0.8308 poison_ASR=20%
  [dog-bird t7/10 idx=3135] fc craft_obj=0.0677 linf=0.0314
    [standard] victims: v1 done, v2 done, v3 done, v4 done, v5 done
    [standard | dog-bird t7/10 idx=3135] poison_CTA=0.8273 poison_ASR=40%
  [dog-bird t8/10 idx=8746] fc craft_obj=0.0592 linf=0.0314
    [standard] victims: v1 done, v2 done, v3 done, v4 done, v5 done
    [standard | dog-bird t8/10 idx=8746] poison_CTA=0.8330 poison_ASR=0%
  [dog-bird t9/10 idx=3491] fc craft_obj=0.0540 linf=0.0314
    [standard] victims: v1 done, v2 done, v3 done, v4 done, v5 done
    [standard | dog-bird t9/10 idx=3491] poison_CTA=0.8301 poison_ASR=20%
  [dog-bird t10/10 idx=4563] fc craft_obj=0.0415 linf=0.0314
    [standard] victims: v1 done, v2 done, v3 done, v4 done, v5 done
    [standard | dog-bird t10/10 idx=4563] poison_CTA=0.8301 poison_ASR=60%

  ==== pair dog-bird (fc) summary over 10 targets x 5 victims = 50 votes ====
    [standard                    ] poison CTA = 0.8303 +/- 0.0036   poison ASR = 30.0% +/- 45.8%
      tally (['airplane', 'automobile', 'bird', 'cat', 'deer', 'dog', 'frog', 'horse', 'ship', 'truck']): [0, 0, 12, 12, 3, 15, 2, 6, 0, 0]

[2026-07-01 02:38:45] wrote results_standard_nodistill_fc_ResNet20BN_b100_eps8.{json,csv} to result/standard_nodistill
=== main_FC.sh finished 2026-07-01 02:38:46 — log: logs/main_FC_20260701_014405.log ===

=== main_FC.sh started 2026-07-01 01:44:16 — logging to logs/main_FC_20260701_014416.log ===
=== [2026-07-01 01:44:16] budget=0.005 ===
[2026-07-01 01:44:20] --parallel_victims set but <2 GPUs in CUDA_VISIBLE_DEVICES ('0'); running victims sequentially
[2026-07-01 01:44:20] device=cuda
[2026-07-01 01:44:20] hyperparams: {'dataset': 'CIFAR10', 'data_path': '/home/mmoslem3/scratch/data', 'model': 'ResNet20BN', 'out_dir': 'result/standard_nodistill', 'seed': 0, 'target_idx_file': None, 'dsa_strategy': 'color_crop_cutout_flip_scale_rotate', 'syn_data_path': 'result/res_DM_CIFAR10_ConvNet_50ipc.pt', 'surrogate_model': 'ResNet20BN', 'num_surrogates': 4, 'surrogate_epochs': 80, 'surrogate_lr': 0.01, 'surrogate_bs': 256, 'attack': 'fc', 'class_pairs': ['dog-bird'], 'budget': 0.005, 'epsilon': 0.0313725, 'pgd_steps': 100, 'pgd_alpha': 0.0039216, 'restarts': 1, 'lambda_margin': 1.0, 'num_targets': 10, 'num_victims': 5, 'target_select': 'random', 'easy_targets': True, 'target_cache_dir': 'result/target_cache', 'parallel_victims': True, 'victim_epochs': 40, 'victim_lr': 0.1, 'victim_bs': 256, 'victim_decay': [35], 'victim_aug': False, 'clean_baseline': False, 'num_clean_victims': None, 'cache_dir': '', 'precompute_only': False, 'base_dist': 'l2', 'random_select': True, 'multilayer': True, 'curv_select': False, 'lambda_curv': 1.0, 'curv_damping': 1.0, 'curv_cg_iters': 10, 'curv_hessian_bs': 512, 'curv_cand_bs': 128, 'exact_select': False, 'if_damping': 0.01, 'if_cg_iters': 100, 'if_cg_tol': 0.0001, 'if_fd_h': 0.01, 'if_last_layer': False, 'if_hess_source': 'syn', 'if_hess_size': 0, 'if_max_surrogates': 0, 'verbose': False, 'single_surrogate': True, 'fast_gradmatch': False, 'surrogate_on_full_data': True, 'victim_pipelines': ['standard'], 'poison_cache_dir': '', 'log_file': ''}
[2026-07-01 01:44:20] victim pipelines (ablations): ['standard']
[2026-07-01 01:44:33] N_total=50000  budget=0.0050 -> N_p=250 poisons (all in y_adv class)

[2026-07-01 01:44:33] === training 4 surrogates (ResNet20BN) on FULL real data (80 ep each) ===
[2026-07-01 01:46:27] Evaluate_00: epoch = 0080 train time = 113 s train loss = 0.000112 train acc = 1.0000, test acc = 0.8100
[2026-07-01 01:48:21] Evaluate_01: epoch = 0080 train time = 113 s train loss = 0.000099 train acc = 1.0000, test acc = 0.8051
[2026-07-01 01:50:15] Evaluate_02: epoch = 0080 train time = 113 s train loss = 0.000079 train acc = 1.0000, test acc = 0.8118
[2026-07-01 01:52:09] Evaluate_03: epoch = 0080 train time = 113 s train loss = 0.000099 train acc = 1.0000, test acc = 0.8045

[2026-07-01 01:52:09] ################ pair dog-bird : y_adv=5(dog)  target_class=2(bird) ################
  targets (easy, loaded cache result/target_cache/easy_targets_ResNet20BN_dog-bird_n10_seed0.json): [(1503, 'deer'), (4421, 'bird'), (2391, 'bird'), (1163, 'cat'), (9778, 'cat'), (6202, 'cat'), (3135, 'horse'), (8746, 'cat'), (3491, 'cat'), (4563, 'horse')]
  [dog-bird t1/10 idx=1503] fc craft_obj=0.0617 linf=0.0314
    [standard] victims: v1 done, v2 done, v3 done, v4 done, v5 done
    [standard | dog-bird t1/10 idx=1503] poison_CTA=0.8330 poison_ASR=40%
  [dog-bird t2/10 idx=4421] fc craft_obj=0.0633 linf=0.0314
    [standard] victims: v1 done, v2 done, v3 done, v4 done, v5 done
    [standard | dog-bird t2/10 idx=4421] poison_CTA=0.8319 poison_ASR=20%
  [dog-bird t3/10 idx=2391] fc craft_obj=0.0539 linf=0.0314
    [standard] victims: v1 done, v2 done, v3 done, v4 done, v5 done
    [standard | dog-bird t3/10 idx=2391] poison_CTA=0.8287 poison_ASR=0%
  [dog-bird t4/10 idx=1163] fc craft_obj=0.0551 linf=0.0314
    [standard] victims: v1 done, v2 done, v3 done, v4 done, v5 done
    [standard | dog-bird t4/10 idx=1163] poison_CTA=0.8313 poison_ASR=80%
  [dog-bird t5/10 idx=9778] fc craft_obj=0.0547 linf=0.0314
    [standard] victims: v1 done, v2 done, v3 done, v4 done, v5 done
    [standard | dog-bird t5/10 idx=9778] poison_CTA=0.8305 poison_ASR=20%
  [dog-bird t6/10 idx=6202] fc craft_obj=0.0628 linf=0.0314
    [standard] victims: v1 done, v2 done, v3 done, v4 done, v5 done
    [standard | dog-bird t6/10 idx=6202] poison_CTA=0.8305 poison_ASR=0%
  [dog-bird t7/10 idx=3135] fc craft_obj=0.0646 linf=0.0314
    [standard] victims: v1 done, v2 done, v3 done, v4 done, v5 done
    [standard | dog-bird t7/10 idx=3135] poison_CTA=0.8307 poison_ASR=80%
  [dog-bird t8/10 idx=8746] fc craft_obj=0.0523 linf=0.0314
    [standard] victims: v1 done, v2 done, v3 done, v4 done, v5 done
    [standard | dog-bird t8/10 idx=8746] poison_CTA=0.8306 poison_ASR=0%
  [dog-bird t9/10 idx=3491] fc craft_obj=0.0668 linf=0.0314
    [standard] victims: v1 done, v2 done, v3 done, v4 done, v5 done
    [standard | dog-bird t9/10 idx=3491] poison_CTA=0.8271 poison_ASR=20%
  [dog-bird t10/10 idx=4563] fc craft_obj=0.0496 linf=0.0314
    [standard] victims: v1 done, v2 done, v3 done, v4 done, v5 done
    [standard | dog-bird t10/10 idx=4563] poison_CTA=0.8309 poison_ASR=0%

  ==== pair dog-bird (fc) summary over 10 targets x 5 victims = 50 votes ====
    [standard                    ] poison CTA = 0.8305 +/- 0.0038   poison ASR = 26.0% +/- 43.9%
      tally (['airplane', 'automobile', 'bird', 'cat', 'deer', 'dog', 'frog', 'horse', 'ship', 'truck']): [0, 0, 12, 19, 2, 13, 1, 3, 0, 0]

[2026-07-01 02:39:40] wrote results_standard_nodistill_fc_ResNet20BN_b50_eps8.{json,csv} to result/standard_nodistill
=== main_FC.sh finished 2026-07-01 02:39:41 — log: logs/main_FC_20260701_014416.log ===

=== main_FC.sh started 2026-07-01 01:44:35 — logging to logs/main_FC_20260701_014435.log ===
=== [2026-07-01 01:44:35] budget=0.002 ===
[2026-07-01 01:44:40] --parallel_victims set but <2 GPUs in CUDA_VISIBLE_DEVICES ('0'); running victims sequentially
[2026-07-01 01:44:40] device=cuda
[2026-07-01 01:44:40] hyperparams: {'dataset': 'CIFAR10', 'data_path': '/home/mmoslem3/scratch/data', 'model': 'ResNet20BN', 'out_dir': 'result/standard_nodistill', 'seed': 0, 'target_idx_file': None, 'dsa_strategy': 'color_crop_cutout_flip_scale_rotate', 'syn_data_path': 'result/res_DM_CIFAR10_ConvNet_50ipc.pt', 'surrogate_model': 'ResNet20BN', 'num_surrogates': 4, 'surrogate_epochs': 80, 'surrogate_lr': 0.01, 'surrogate_bs': 256, 'attack': 'fc', 'class_pairs': ['dog-bird'], 'budget': 0.002, 'epsilon': 0.0313725, 'pgd_steps': 100, 'pgd_alpha': 0.0039216, 'restarts': 1, 'lambda_margin': 1.0, 'num_targets': 10, 'num_victims': 5, 'target_select': 'random', 'easy_targets': True, 'target_cache_dir': 'result/target_cache', 'parallel_victims': True, 'victim_epochs': 40, 'victim_lr': 0.1, 'victim_bs': 256, 'victim_decay': [35], 'victim_aug': False, 'clean_baseline': False, 'num_clean_victims': None, 'cache_dir': '', 'precompute_only': False, 'base_dist': 'l2', 'random_select': True, 'multilayer': True, 'curv_select': False, 'lambda_curv': 1.0, 'curv_damping': 1.0, 'curv_cg_iters': 10, 'curv_hessian_bs': 512, 'curv_cand_bs': 128, 'exact_select': False, 'if_damping': 0.01, 'if_cg_iters': 100, 'if_cg_tol': 0.0001, 'if_fd_h': 0.01, 'if_last_layer': False, 'if_hess_source': 'syn', 'if_hess_size': 0, 'if_max_surrogates': 0, 'verbose': False, 'single_surrogate': True, 'fast_gradmatch': False, 'surrogate_on_full_data': True, 'victim_pipelines': ['standard'], 'poison_cache_dir': '', 'log_file': ''}
[2026-07-01 01:44:40] victim pipelines (ablations): ['standard']
[2026-07-01 01:44:52] N_total=50000  budget=0.0020 -> N_p=100 poisons (all in y_adv class)

[2026-07-01 01:44:52] === training 4 surrogates (ResNet20BN) on FULL real data (80 ep each) ===
[2026-07-01 01:46:47] Evaluate_00: epoch = 0080 train time = 113 s train loss = 0.000089 train acc = 1.0000, test acc = 0.8019
[2026-07-01 01:48:41] Evaluate_01: epoch = 0080 train time = 113 s train loss = 0.000105 train acc = 1.0000, test acc = 0.8077
[2026-07-01 01:50:34] Evaluate_02: epoch = 0080 train time = 113 s train loss = 0.000083 train acc = 1.0000, test acc = 0.8139
[2026-07-01 01:52:28] Evaluate_03: epoch = 0080 train time = 113 s train loss = 0.000077 train acc = 1.0000, test acc = 0.8088

[2026-07-01 01:52:28] ################ pair dog-bird : y_adv=5(dog)  target_class=2(bird) ################
  targets (easy, loaded cache result/target_cache/easy_targets_ResNet20BN_dog-bird_n10_seed0.json): [(1503, 'deer'), (4421, 'bird'), (2391, 'bird'), (1163, 'cat'), (9778, 'cat'), (6202, 'cat'), (3135, 'horse'), (8746, 'cat'), (3491, 'cat'), (4563, 'horse')]
  [dog-bird t1/10 idx=1503] fc craft_obj=0.0600 linf=0.0314
    [standard] victims: v1 done, v2 done, v3 done, v4 done, v5 done
    [standard | dog-bird t1/10 idx=1503] poison_CTA=0.8349 poison_ASR=20%
  [dog-bird t2/10 idx=4421] fc craft_obj=0.0544 linf=0.0314
    [standard] victims: v1 done, v2 done, v3 done, v4 done, v5 done
    [standard | dog-bird t2/10 idx=4421] poison_CTA=0.8300 poison_ASR=0%
  [dog-bird t3/10 idx=2391] fc craft_obj=0.0557 linf=0.0314
    [standard] victims: v1 done, v2 done, v3 done, v4 done, v5 done
    [standard | dog-bird t3/10 idx=2391] poison_CTA=0.8306 poison_ASR=40%
  [dog-bird t4/10 idx=1163] fc craft_obj=0.0559 linf=0.0314
    [standard] victims: v1 done, v2 done, v3 done, v4 done, v5 done
    [standard | dog-bird t4/10 idx=1163] poison_CTA=0.8300 poison_ASR=40%
  [dog-bird t5/10 idx=9778] fc craft_obj=0.0792 linf=0.0314
    [standard] victims: v1 done, v2 done, v3 done, v4 done, v5 done
    [standard | dog-bird t5/10 idx=9778] poison_CTA=0.8307 poison_ASR=60%
  [dog-bird t6/10 idx=6202] fc craft_obj=0.0596 linf=0.0314
    [standard] victims: v1 done, v2 done, v3 done, v4 done, v5 done
    [standard | dog-bird t6/10 idx=6202] poison_CTA=0.8267 poison_ASR=40%
  [dog-bird t7/10 idx=3135] fc craft_obj=0.0706 linf=0.0314
    [standard] victims: v1 done, v2 done, v3 done, v4 done, v5 done
    [standard | dog-bird t7/10 idx=3135] poison_CTA=0.8299 poison_ASR=20%
  [dog-bird t8/10 idx=8746] fc craft_obj=0.0559 linf=0.0314
    [standard] victims: v1 done, v2 done, v3 done, v4 done, v5 done
    [standard | dog-bird t8/10 idx=8746] poison_CTA=0.8324 poison_ASR=0%
  [dog-bird t9/10 idx=3491] fc craft_obj=0.0531 linf=0.0314
    [standard] victims: v1 done, v2 done, v3 done, v4 done, v5 done
    [standard | dog-bird t9/10 idx=3491] poison_CTA=0.8307 poison_ASR=40%
  [dog-bird t10/10 idx=4563] fc craft_obj=0.0485 linf=0.0314
    [standard] victims: v1 done, v2 done, v3 done, v4 done, v5 done
    [standard | dog-bird t10/10 idx=4563] poison_CTA=0.8322 poison_ASR=60%

  ==== pair dog-bird (fc) summary over 10 targets x 5 victims = 50 votes ====
    [standard                    ] poison CTA = 0.8308 +/- 0.0045   poison ASR = 32.0% +/- 46.6%
      tally (['airplane', 'automobile', 'bird', 'cat', 'deer', 'dog', 'frog', 'horse', 'ship', 'truck']): [0, 0, 13, 10, 3, 16, 2, 6, 0, 0]

[2026-07-01 02:39:52] wrote results_standard_nodistill_fc_ResNet20BN_b20_eps8.{json,csv} to result/standard_nodistill
=== main_FC.sh finished 2026-07-01 02:39:53 — log: logs/main_FC_20260701_014435.log ===

=== main_FC.sh started 2026-07-01 01:45:07 — logging to logs/main_FC_20260701_014507.log ===
=== [2026-07-01 01:45:07] budget=0.001 ===
[2026-07-01 01:45:18] --parallel_victims set but <2 GPUs in CUDA_VISIBLE_DEVICES ('0'); running victims sequentially
[2026-07-01 01:45:18] device=cuda
[2026-07-01 01:45:18] hyperparams: {'dataset': 'CIFAR10', 'data_path': '/home/mmoslem3/scratch/data', 'model': 'ResNet20BN', 'out_dir': 'result/standard_nodistill', 'seed': 0, 'target_idx_file': None, 'dsa_strategy': 'color_crop_cutout_flip_scale_rotate', 'syn_data_path': 'result/res_DM_CIFAR10_ConvNet_50ipc.pt', 'surrogate_model': 'ResNet20BN', 'num_surrogates': 4, 'surrogate_epochs': 80, 'surrogate_lr': 0.01, 'surrogate_bs': 256, 'attack': 'fc', 'class_pairs': ['dog-bird'], 'budget': 0.001, 'epsilon': 0.0313725, 'pgd_steps': 100, 'pgd_alpha': 0.0039216, 'restarts': 1, 'lambda_margin': 1.0, 'num_targets': 10, 'num_victims': 5, 'target_select': 'random', 'easy_targets': True, 'target_cache_dir': 'result/target_cache', 'parallel_victims': True, 'victim_epochs': 40, 'victim_lr': 0.1, 'victim_bs': 256, 'victim_decay': [35], 'victim_aug': False, 'clean_baseline': False, 'num_clean_victims': None, 'cache_dir': '', 'precompute_only': False, 'base_dist': 'l2', 'random_select': True, 'multilayer': True, 'curv_select': False, 'lambda_curv': 1.0, 'curv_damping': 1.0, 'curv_cg_iters': 10, 'curv_hessian_bs': 512, 'curv_cand_bs': 128, 'exact_select': False, 'if_damping': 0.01, 'if_cg_iters': 100, 'if_cg_tol': 0.0001, 'if_fd_h': 0.01, 'if_last_layer': False, 'if_hess_source': 'syn', 'if_hess_size': 0, 'if_max_surrogates': 0, 'verbose': False, 'single_surrogate': True, 'fast_gradmatch': False, 'surrogate_on_full_data': True, 'victim_pipelines': ['standard'], 'poison_cache_dir': '', 'log_file': ''}
[2026-07-01 01:45:18] victim pipelines (ablations): ['standard']
[2026-07-01 01:45:31] N_total=50000  budget=0.0010 -> N_p=50 poisons (all in y_adv class)

[2026-07-01 01:45:31] === training 4 surrogates (ResNet20BN) on FULL real data (80 ep each) ===
[2026-07-01 01:47:25] Evaluate_00: epoch = 0080 train time = 113 s train loss = 0.000091 train acc = 1.0000, test acc = 0.8091
[2026-07-01 01:49:18] Evaluate_01: epoch = 0080 train time = 112 s train loss = 0.000117 train acc = 1.0000, test acc = 0.8083
[2026-07-01 01:51:11] Evaluate_02: epoch = 0080 train time = 112 s train loss = 0.000102 train acc = 1.0000, test acc = 0.8164
[2026-07-01 01:53:04] Evaluate_03: epoch = 0080 train time = 112 s train loss = 0.000089 train acc = 1.0000, test acc = 0.8110

[2026-07-01 01:53:04] ################ pair dog-bird : y_adv=5(dog)  target_class=2(bird) ################
  targets (easy, loaded cache result/target_cache/easy_targets_ResNet20BN_dog-bird_n10_seed0.json): [(1503, 'deer'), (4421, 'bird'), (2391, 'bird'), (1163, 'cat'), (9778, 'cat'), (6202, 'cat'), (3135, 'horse'), (8746, 'cat'), (3491, 'cat'), (4563, 'horse')]
  [dog-bird t1/10 idx=1503] fc craft_obj=0.0587 linf=0.0314
    [standard] victims: v1 done, v2 done, v3 done, v4 done, v5 done
    [standard | dog-bird t1/10 idx=1503] poison_CTA=0.8331 poison_ASR=0%
  [dog-bird t2/10 idx=4421] fc craft_obj=0.0610 linf=0.0314
    [standard] victims: v1 done, v2 done, v3 done, v4 done, v5 done
    [standard | dog-bird t2/10 idx=4421] poison_CTA=0.8314 poison_ASR=0%
  [dog-bird t3/10 idx=2391] fc craft_obj=0.0552 linf=0.0314
    [standard] victims: v1 done, v2 done, v3 done, v4 done, v5 done
    [standard | dog-bird t3/10 idx=2391] poison_CTA=0.8328 poison_ASR=20%
  [dog-bird t4/10 idx=1163] fc craft_obj=0.0611 linf=0.0314
    [standard] victims: v1 done, v2 done, v3 done, v4 done, v5 done
    [standard | dog-bird t4/10 idx=1163] poison_CTA=0.8317 poison_ASR=80%
  [dog-bird t5/10 idx=9778] fc craft_obj=0.0735 linf=0.0314
    [standard] victims: v1 done, v2 done, v3 done, v4 done, v5 done
    [standard | dog-bird t5/10 idx=9778] poison_CTA=0.8284 poison_ASR=20%
  [dog-bird t6/10 idx=6202] fc craft_obj=0.0576 linf=0.0314
    [standard] victims: v1 done, v2 done, v3 done, v4 done, v5 done
    [standard | dog-bird t6/10 idx=6202] poison_CTA=0.8293 poison_ASR=0%
  [dog-bird t7/10 idx=3135] fc craft_obj=0.0695 linf=0.0314
    [standard] victims: v1 done, v2 done, v3 done, v4 done, v5 done
    [standard | dog-bird t7/10 idx=3135] poison_CTA=0.8303 poison_ASR=60%
  [dog-bird t8/10 idx=8746] fc craft_obj=0.0701 linf=0.0314
    [standard] victims: v1 done, v2 done, v3 done, v4 done, v5 done
    [standard | dog-bird t8/10 idx=8746] poison_CTA=0.8334 poison_ASR=0%
  [dog-bird t9/10 idx=3491] fc craft_obj=0.0691 linf=0.0314
    [standard] victims: v1 done, v2 done, v3 done, v4 done, v5 done
    [standard | dog-bird t9/10 idx=3491] poison_CTA=0.8304 poison_ASR=20%
  [dog-bird t10/10 idx=4563] fc craft_obj=0.0511 linf=0.0314
    [standard] victims: v1 done, v2 done, v3 done, v4 done, v5 done
    [standard | dog-bird t10/10 idx=4563] poison_CTA=0.8310 poison_ASR=20%

  ==== pair dog-bird (fc) summary over 10 targets x 5 victims = 50 votes ====
    [standard                    ] poison CTA = 0.8312 +/- 0.0042   poison ASR = 22.0% +/- 41.4%
      tally (['airplane', 'automobile', 'bird', 'cat', 'deer', 'dog', 'frog', 'horse', 'ship', 'truck']): [0, 0, 9, 18, 5, 11, 3, 3, 1, 0]

[2026-07-01 02:40:09] wrote results_standard_nodistill_fc_ResNet20BN_b10_eps8.{json,csv} to result/standard_nodistill
=== main_FC.sh finished 2026-07-01 02:40:10 — log: logs/main_FC_20260701_014507.log ===




[][][][]\[][][][][][][]

=== main_FC.sh started 2026-07-01 15:45:33 — logging to logs/main_FC_20260701_154533.log ===
=== [2026-07-01 15:45:33] budget=0.005 ===
[2026-07-01 15:45:41] --parallel_victims set but <2 GPUs in CUDA_VISIBLE_DEVICES ('0'); running victims sequentially
[2026-07-01 15:45:41] device=cuda
[2026-07-01 15:45:41] hyperparams: {'dataset': 'CIFAR10', 'data_path': '/home/mmoslem3/scratch/data', 'model': 'ResNet20BN', 'out_dir': 'result/standard_nodistill', 'seed': 0, 'target_idx_file': None, 'dsa_strategy': 'color_crop_cutout_flip_scale_rotate', 'syn_data_path': 'result/res_DM_CIFAR10_ConvNet_50ipc.pt', 'surrogate_model': 'ResNet20BN', 'num_surrogates': 4, 'surrogate_epochs': 80, 'surrogate_lr': 0.01, 'surrogate_bs': 256, 'attack': 'gradmatch', 'class_pairs': ['dog-bird'], 'budget': 0.005, 'epsilon': 0.0313725, 'pgd_steps': 100, 'pgd_alpha': 0.0039216, 'restarts': 4, 'lambda_margin': 1.0, 'num_targets': 10, 'num_victims': 5, 'target_select': 'random', 'easy_targets': True, 'target_cache_dir': 'result/target_cache', 'parallel_victims': True, 'victim_epochs': 40, 'victim_lr': 0.1, 'victim_bs': 256, 'victim_decay': [35], 'victim_aug': False, 'clean_baseline': False, 'num_clean_victims': None, 'cache_dir': '', 'precompute_only': False, 'base_dist': 'l2', 'random_select': True, 'multilayer': True, 'curv_select': False, 'lambda_curv': 1.0, 'curv_damping': 1.0, 'curv_cg_iters': 10, 'curv_hessian_bs': 512, 'curv_cand_bs': 128, 'exact_select': False, 'if_damping': 0.01, 'if_cg_iters': 100, 'if_cg_tol': 0.0001, 'if_fd_h': 0.01, 'if_last_layer': False, 'if_hess_source': 'syn', 'if_hess_size': 0, 'if_max_surrogates': 0, 'verbose': False, 'single_surrogate': True, 'fast_gradmatch': False, 'surrogate_on_full_data': True, 'victim_pipelines': ['standard'], 'poison_cache_dir': '', 'log_file': ''}
[2026-07-01 15:45:41] victim pipelines (ablations): ['standard']
[2026-07-01 15:45:53] N_total=50000  budget=0.0050 -> N_p=250 poisons (all in y_adv class)

[2026-07-01 15:45:53] === training 4 surrogates (ResNet20BN) on FULL real data (80 ep each) ===
[2026-07-01 15:47:48] Evaluate_00: epoch = 0080 train time = 114 s train loss = 0.000101 train acc = 1.0000, test acc = 0.8137
[2026-07-01 15:49:41] Evaluate_01: epoch = 0080 train time = 113 s train loss = 0.000078 train acc = 1.0000, test acc = 0.8142
[2026-07-01 15:51:35] Evaluate_02: epoch = 0080 train time = 113 s train loss = 0.000076 train acc = 1.0000, test acc = 0.8183
[2026-07-01 15:53:28] Evaluate_03: epoch = 0080 train time = 113 s train loss = 0.000083 train acc = 1.0000, test acc = 0.8104

[2026-07-01 15:53:28] ################ pair dog-bird : y_adv=5(dog)  target_class=2(bird) ################
  targets (easy, loaded cache result/target_cache/easy_targets_ResNet20BN_dog-bird_n10_seed0.json): [(1503, 'deer'), (4421, 'bird'), (2391, 'bird'), (1163, 'cat'), (9778, 'cat'), (6202, 'cat'), (3135, 'horse'), (8746, 'cat'), (3491, 'cat'), (4563, 'horse')]
  [dog-bird t1/10 idx=1503] gradmatch craft_obj=0.1270 linf=0.0314
    [standard] victims: v1 done, v2 done, v3 done, v4 done, v5 done
    [standard | dog-bird t1/10 idx=1503] poison_CTA=0.8292 poison_ASR=40%
  [dog-bird t2/10 idx=4421] gradmatch craft_obj=0.1897 linf=0.0314
    [standard] victims: v1 done, v2 done, v3 done, v4 done, v5 done
    [standard | dog-bird t2/10 idx=4421] poison_CTA=0.8322 poison_ASR=0%
  [dog-bird t3/10 idx=2391] gradmatch craft_obj=0.1252 linf=0.0314
    [standard] victims: v1 done, v2 done, v3 done, v4 done, v5 done
    [standard | dog-bird t3/10 idx=2391] poison_CTA=0.8325 poison_ASR=40%
  [dog-bird t4/10 idx=1163] gradmatch craft_obj=0.1313 linf=0.0314
    [standard] victims: v1 done, v2 done, v3 done, v4 done, v5 done
    [standard | dog-bird t4/10 idx=1163] poison_CTA=0.8288 poison_ASR=80%
  [dog-bird t5/10 idx=9778] gradmatch craft_obj=0.1057 linf=0.0314
    [standard] victims: v1 done, v2 done, v3 done, v4 done, v5 done
    [standard | dog-bird t5/10 idx=9778] poison_CTA=0.8327 poison_ASR=40%
  [dog-bird t6/10 idx=6202] gradmatch craft_obj=0.1170 linf=0.0314
    [standard] victims: v1 done, v2 done, v3 done, v4 done, v5 done
    [standard | dog-bird t6/10 idx=6202] poison_CTA=0.8309 poison_ASR=20%
  [dog-bird t7/10 idx=3135] gradmatch craft_obj=0.1069 linf=0.0314
    [standard] victims: v1 done, v2 done, v3 done, v4 done, v5 done
    [standard | dog-bird t7/10 idx=3135] poison_CTA=0.8322 poison_ASR=100%
  [dog-bird t8/10 idx=8746] gradmatch craft_obj=0.1505 linf=0.0314
    [standard] victims: v1 done, v2 done, v3 done, v4 done, v5 done
    [standard | dog-bird t8/10 idx=8746] poison_CTA=0.8304 poison_ASR=20%
  [dog-bird t9/10 idx=3491] gradmatch craft_obj=0.1021 linf=0.0314
    [standard] victims: v1 done, v2 done, v3 done, v4 done, v5 done
    [standard | dog-bird t9/10 idx=3491] poison_CTA=0.8323 poison_ASR=20%
  [dog-bird t10/10 idx=4563] gradmatch craft_obj=0.1318 linf=0.0314
    [standard] victims: v1 done, v2 done, v3 done, v4 done, v5 done
    [standard | dog-bird t10/10 idx=4563] poison_CTA=0.8296 poison_ASR=60%

  ==== pair dog-bird (gradmatch) summary over 10 targets x 5 victims = 50 votes ====
    [standard                    ] poison CTA = 0.8311 +/- 0.0036   poison ASR = 42.0% +/- 49.4%
      tally (['airplane', 'automobile', 'bird', 'cat', 'deer', 'dog', 'frog', 'horse', 'ship', 'truck']): [0, 0, 10, 15, 2, 21, 1, 1, 0, 0]



      === main_FC.sh started 2026-07-01 15:46:08 — logging to logs/main_FC_20260701_154608.log ===
=== [2026-07-01 15:46:08] budget=0.002 ===
[2026-07-01 15:46:14] --parallel_victims set but <2 GPUs in CUDA_VISIBLE_DEVICES ('0'); running victims sequentially
[2026-07-01 15:46:14] device=cuda
[2026-07-01 15:46:14] hyperparams: {'dataset': 'CIFAR10', 'data_path': '/home/mmoslem3/scratch/data', 'model': 'ResNet20BN', 'out_dir': 'result/standard_nodistill', 'seed': 0, 'target_idx_file': None, 'dsa_strategy': 'color_crop_cutout_flip_scale_rotate', 'syn_data_path': 'result/res_DM_CIFAR10_ConvNet_50ipc.pt', 'surrogate_model': 'ResNet20BN', 'num_surrogates': 4, 'surrogate_epochs': 80, 'surrogate_lr': 0.01, 'surrogate_bs': 256, 'attack': 'gradmatch', 'class_pairs': ['dog-bird'], 'budget': 0.002, 'epsilon': 0.0313725, 'pgd_steps': 100, 'pgd_alpha': 0.0039216, 'restarts': 4, 'lambda_margin': 1.0, 'num_targets': 10, 'num_victims': 5, 'target_select': 'random', 'easy_targets': True, 'target_cache_dir': 'result/target_cache', 'parallel_victims': True, 'victim_epochs': 40, 'victim_lr': 0.1, 'victim_bs': 256, 'victim_decay': [35], 'victim_aug': False, 'clean_baseline': False, 'num_clean_victims': None, 'cache_dir': '', 'precompute_only': False, 'base_dist': 'l2', 'random_select': True, 'multilayer': True, 'curv_select': False, 'lambda_curv': 1.0, 'curv_damping': 1.0, 'curv_cg_iters': 10, 'curv_hessian_bs': 512, 'curv_cand_bs': 128, 'exact_select': False, 'if_damping': 0.01, 'if_cg_iters': 100, 'if_cg_tol': 0.0001, 'if_fd_h': 0.01, 'if_last_layer': False, 'if_hess_source': 'syn', 'if_hess_size': 0, 'if_max_surrogates': 0, 'verbose': False, 'single_surrogate': True, 'fast_gradmatch': False, 'surrogate_on_full_data': True, 'victim_pipelines': ['standard'], 'poison_cache_dir': '', 'log_file': ''}
[2026-07-01 15:46:14] victim pipelines (ablations): ['standard']
[2026-07-01 15:46:27] N_total=50000  budget=0.0020 -> N_p=100 poisons (all in y_adv class)

[2026-07-01 15:46:27] === training 4 surrogates (ResNet20BN) on FULL real data (80 ep each) ===
[2026-07-01 15:48:22] Evaluate_00: epoch = 0080 train time = 114 s train loss = 0.000076 train acc = 1.0000, test acc = 0.8175
[2026-07-01 15:50:16] Evaluate_01: epoch = 0080 train time = 113 s train loss = 0.000084 train acc = 1.0000, test acc = 0.8177
[2026-07-01 15:52:10] Evaluate_02: epoch = 0080 train time = 113 s train loss = 0.000077 train acc = 1.0000, test acc = 0.8118
[2026-07-01 15:54:04] Evaluate_03: epoch = 0080 train time = 113 s train loss = 0.000090 train acc = 1.0000, test acc = 0.8133

[2026-07-01 15:54:04] ################ pair dog-bird : y_adv=5(dog)  target_class=2(bird) ################
  targets (easy, loaded cache result/target_cache/easy_targets_ResNet20BN_dog-bird_n10_seed0.json): [(1503, 'deer'), (4421, 'bird'), (2391, 'bird'), (1163, 'cat'), (9778, 'cat'), (6202, 'cat'), (3135, 'horse'), (8746, 'cat'), (3491, 'cat'), (4563, 'horse')]
  [dog-bird t1/10 idx=1503] gradmatch craft_obj=0.1301 linf=0.0314
    [standard] victims: v1 done, v2 done, v3 done, v4 done, v5 done
    [standard | dog-bird t1/10 idx=1503] poison_CTA=0.8324 poison_ASR=40%
  [dog-bird t2/10 idx=4421] gradmatch craft_obj=0.1698 linf=0.0314
    [standard] victims: v1 done, v2 done, v3 done, v4 done, v5 done
    [standard | dog-bird t2/10 idx=4421] poison_CTA=0.8297 poison_ASR=0%
  [dog-bird t3/10 idx=2391] gradmatch craft_obj=0.1477 linf=0.0314
    [standard] victims: v1 done, v2 done, v3 done, v4 done, v5 done
    [standard | dog-bird t3/10 idx=2391] poison_CTA=0.8337 poison_ASR=60%
  [dog-bird t4/10 idx=1163] gradmatch craft_obj=0.1488 linf=0.0314
    [standard] victims: v1 done, v2 done, v3 done, v4 done, v5 done
    [standard | dog-bird t4/10 idx=1163] poison_CTA=0.8340 poison_ASR=80%
  [dog-bird t5/10 idx=9778] gradmatch craft_obj=0.1092 linf=0.0314
    [standard] victims: v1 done, v2 done, v3 done, v4 done, v5 done
    [standard | dog-bird t5/10 idx=9778] poison_CTA=0.8308 poison_ASR=20%
  [dog-bird t6/10 idx=6202] gradmatch craft_obj=0.1249 linf=0.0314
    [standard] victims: v1 done, v2 done, v3 done, v4 done, v5 done
    [standard | dog-bird t6/10 idx=6202] poison_CTA=0.8314 poison_ASR=0%
  [dog-bird t7/10 idx=3135] gradmatch craft_obj=0.1163 linf=0.0314
    [standard] victims: v1 done, v2 done, v3 done, v4 done, v5 done
    [standard | dog-bird t7/10 idx=3135] poison_CTA=0.8288 poison_ASR=80%
  [dog-bird t8/10 idx=8746] gradmatch craft_obj=0.1516 linf=0.0314
    [standard] victims: v1 done, v2 done, v3 done, v4 done, v5 done
    [standard | dog-bird t8/10 idx=8746] poison_CTA=0.8319 poison_ASR=0%
  [dog-bird t9/10 idx=3491] gradmatch craft_obj=0.1114 linf=0.0314
    [standard] victims: v1 done, v2 done, v3 done, v4 done, v5 done
    [standard | dog-bird t9/10 idx=3491] poison_CTA=0.8280 poison_ASR=20%
  [dog-bird t10/10 idx=4563] gradmatch craft_obj=0.1594 linf=0.0314
    [standard] victims: v1 done, v2 done, v3 done, v4 done, v5 done
    [standard | dog-bird t10/10 idx=4563] poison_CTA=0.8318 poison_ASR=40%

  ==== pair dog-bird (gradmatch) summary over 10 targets x 5 victims = 50 votes ====
    [standard                    ] poison CTA = 0.8313 +/- 0.0043   poison ASR = 34.0% +/- 47.4%



    === main_FC.sh started 2026-07-01 15:49:51 — logging to logs/main_FC_20260701_154951.log ===
=== [2026-07-01 15:49:51] budget=0.01 ===
[2026-07-01 15:49:58] device=cuda
[2026-07-01 15:49:58] hyperparams: {'dataset': 'CIFAR10', 'data_path': '/home/mmoslem3/scratch/data', 'model': 'ResNet20BN', 'out_dir': 'result/standard_nodistill', 'seed': 0, 'target_idx_file': None, 'dsa_strategy': 'color_crop_cutout_flip_scale_rotate', 'syn_data_path': 'result/res_DM_CIFAR10_ConvNet_50ipc.pt', 'surrogate_model': 'ResNet20BN', 'num_surrogates': 4, 'surrogate_epochs': 80, 'surrogate_lr': 0.01, 'surrogate_bs': 256, 'attack': 'fc', 'class_pairs': ['dog-bird'], 'budget': 0.01, 'epsilon': 0.0313725, 'pgd_steps': 100, 'pgd_alpha': 0.0039216, 'restarts': 1, 'lambda_margin': 1.0, 'num_targets': 10, 'num_victims': 5, 'target_select': 'random', 'easy_targets': True, 'target_cache_dir': 'result/target_cache', 'parallel_victims': False, 'victim_epochs': 40, 'victim_lr': 0.1, 'victim_bs': 256, 'victim_decay': [35], 'victim_aug': False, 'clean_baseline': False, 'num_clean_victims': None, 'cache_dir': '', 'precompute_only': False, 'base_dist': 'l2', 'random_select': False, 'multilayer': True, 'curv_select': False, 'lambda_curv': 1.0, 'curv_damping': 1.0, 'curv_cg_iters': 10, 'curv_hessian_bs': 512, 'curv_cand_bs': 128, 'exact_select': True, 'if_damping': 0.01, 'if_cg_iters': 100, 'if_cg_tol': 0.0001, 'if_fd_h': 0.01, 'if_last_layer': False, 'if_hess_source': 'syn', 'if_hess_size': 512, 'if_max_surrogates': 1, 'verbose': True, 'single_surrogate': True, 'fast_gradmatch': False, 'surrogate_on_full_data': True, 'victim_pipelines': ['standard'], 'poison_cache_dir': '', 'log_file': ''}
[2026-07-01 15:49:58] victim pipelines (ablations): ['standard']
[2026-07-01 15:50:11] N_total=50000  budget=0.0100 -> N_p=500 poisons (all in y_adv class)

[2026-07-01 15:50:11] === training 4 surrogates (ResNet20BN) on FULL real data (80 ep each) ===
[2026-07-01 15:52:06] Evaluate_00: epoch = 0080 train time = 114 s train loss = 0.000106 train acc = 1.0000, test acc = 0.8126
[2026-07-01 15:53:59] Evaluate_01: epoch = 0080 train time = 112 s train loss = 0.000091 train acc = 1.0000, test acc = 0.8202
[2026-07-01 15:55:52] Evaluate_02: epoch = 0080 train time = 113 s train loss = 0.000094 train acc = 1.0000, test acc = 0.8147
[2026-07-01 15:57:46] Evaluate_03: epoch = 0080 train time = 113 s train loss = 0.000093 train acc = 1.0000, test acc = 0.8142
[2026-07-01 15:57:46] exact-IF Hessian set = 512 real train images

[2026-07-01 15:57:46] ################ pair dog-bird : y_adv=5(dog)  target_class=2(bird) ################
  targets (easy, loaded cache result/target_cache/easy_targets_ResNet20BN_dog-bird_n10_seed0.json): [(1503, 'deer'), (4421, 'bird'), (2391, 'bird'), (1163, 'cat'), (9778, 'cat'), (6202, 'cat'), (3135, 'horse'), (8746, 'cat'), (3491, 'cat'), (4563, 'horse')]
      [exact] CG iters used per surrogate: [100]
  [dog-bird t1/10 idx=1503] fc craft_obj=0.0431 linf=0.0314
    [standard] victims: v1 done, v2 done, v3 done, v4 done, v5 done
    [standard | dog-bird t1/10 idx=1503] poison_CTA=0.8334 poison_ASR=20%
      [exact] CG iters used per surrogate: [100]
  [dog-bird t2/10 idx=4421] fc craft_obj=0.0537 linf=0.0314
    [standard] victims: v1 done, v2 done, v3 done, v4 done, v5 done
    [standard | dog-bird t2/10 idx=4421] poison_CTA=0.8325 poison_ASR=0%
      [exact] CG iters used per surrogate: [100]
  [dog-bird t3/10 idx=2391] fc craft_obj=0.0443 linf=0.0314
    [standard] victims: v1 done, v2 done, v3 done, v4 done, v5 done
    [standard | dog-bird t3/10 idx=2391] poison_CTA=0.8323 poison_ASR=20%
      [exact] CG iters used per surrogate: [100]
  [dog-bird t4/10 idx=1163] fc craft_obj=0.0533 linf=0.0314
    [standard] victims: v1 done, v2 done, v3 done, v4 done, v5 done
    [standard | dog-bird t4/10 idx=1163] poison_CTA=0.8300 poison_ASR=80%
      [exact] CG iters used per surrogate: [100]
  [dog-bird t5/10 idx=9778] fc craft_obj=0.0712 linf=0.0314
    [standard] victims: v1 done, v2 done, v3 done, v4 done, v5 done
    [standard | dog-bird t5/10 idx=9778] poison_CTA=0.8302 poison_ASR=40%
      [exact] CG iters used per surrogate: [100]
  [dog-bird t6/10 idx=6202] fc craft_obj=0.0480 linf=0.0314
    [standard] victims: v1 done, v2 done, v3 done, v4 done, v5 done
    [standard | dog-bird t6/10 idx=6202] poison_CTA=0.8295 poison_ASR=0%
      [exact] CG iters used per surrogate: [100]
  [dog-bird t7/10 idx=3135] fc craft_obj=0.0637 linf=0.0314
    [standard] victims: v1 done, v2 done, v3 done, v4 done, v5 done
    [standard | dog-bird t7/10 idx=3135] poison_CTA=0.8308 poison_ASR=40%
      [exact] CG iters used per surrogate: [100]
  [dog-bird t8/10 idx=8746] fc craft_obj=0.0465 linf=0.0314
    [standard] victims: v1 done, v2 done, v3 done, v4 done, v5 done
    [standard | dog-bird t8/10 idx=8746] poison_CTA=0.8303 poison_ASR=0%
      [exact] CG iters used per surrogate: [100]
  [dog-bird t9/10 idx=3491] fc craft_obj=0.0603 linf=0.0314
    [standard] victims: v1 done, v2 done, v3 done, v4 done, v5 done
    [standard | dog-bird t9/10 idx=3491] poison_CTA=0.8320 poison_ASR=40%
      [exact] CG iters used per surrogate: [100]
  [dog-bird t10/10 idx=4563] fc craft_obj=0.0472 linf=0.0314
    [standard] victims: v1 done, v2 done, v3 done, v4 done, v5 done
    [standard | dog-bird t10/10 idx=4563] poison_CTA=0.8321 poison_ASR=40%

  ==== pair dog-bird (fc) summary over 10 targets x 5 victims = 50 votes ====
    [standard                    ] poison CTA = 0.8313 +/- 0.0034   poison ASR = 28.0% +/- 44.9%
      tally (['airplane', 'automobile', 'bird', 'cat', 'deer', 'dog', 'frog', 'horse', 'ship', 'truck']): [0, 0, 11, 12, 4, 14, 4, 5, 0, 0]


=== main_FC.sh started 2026-07-01 15:49:59 — logging to logs/main_FC_20260701_154959.log ===
=== [2026-07-01 15:49:59] budget=0.005 ===
[2026-07-01 15:50:05] device=cuda
[2026-07-01 15:50:05] hyperparams: {'dataset': 'CIFAR10', 'data_path': '/home/mmoslem3/scratch/data', 'model': 'ResNet20BN', 'out_dir': 'result/standard_nodistill', 'seed': 0, 'target_idx_file': None, 'dsa_strategy': 'color_crop_cutout_flip_scale_rotate', 'syn_data_path': 'result/res_DM_CIFAR10_ConvNet_50ipc.pt', 'surrogate_model': 'ResNet20BN', 'num_surrogates': 4, 'surrogate_epochs': 80, 'surrogate_lr': 0.01, 'surrogate_bs': 256, 'attack': 'fc', 'class_pairs': ['dog-bird'], 'budget': 0.005, 'epsilon': 0.0313725, 'pgd_steps': 100, 'pgd_alpha': 0.0039216, 'restarts': 1, 'lambda_margin': 1.0, 'num_targets': 10, 'num_victims': 5, 'target_select': 'random', 'easy_targets': True, 'target_cache_dir': 'result/target_cache', 'parallel_victims': False, 'victim_epochs': 40, 'victim_lr': 0.1, 'victim_bs': 256, 'victim_decay': [35], 'victim_aug': False, 'clean_baseline': False, 'num_clean_victims': None, 'cache_dir': '', 'precompute_only': False, 'base_dist': 'l2', 'random_select': False, 'multilayer': True, 'curv_select': False, 'lambda_curv': 1.0, 'curv_damping': 1.0, 'curv_cg_iters': 10, 'curv_hessian_bs': 512, 'curv_cand_bs': 128, 'exact_select': True, 'if_damping': 0.01, 'if_cg_iters': 100, 'if_cg_tol': 0.0001, 'if_fd_h': 0.01, 'if_last_layer': False, 'if_hess_source': 'syn', 'if_hess_size': 512, 'if_max_surrogates': 1, 'verbose': True, 'single_surrogate': True, 'fast_gradmatch': False, 'surrogate_on_full_data': True, 'victim_pipelines': ['standard'], 'poison_cache_dir': '', 'log_file': ''}
[2026-07-01 15:50:05] victim pipelines (ablations): ['standard']
[2026-07-01 15:50:18] N_total=50000  budget=0.0050 -> N_p=250 poisons (all in y_adv class)

[2026-07-01 15:50:18] === training 4 surrogates (ResNet20BN) on FULL real data (80 ep each) ===
[2026-07-01 15:52:11] Evaluate_00: epoch = 0080 train time = 112 s train loss = 0.000077 train acc = 1.0000, test acc = 0.8130
[2026-07-01 15:54:04] Evaluate_01: epoch = 0080 train time = 111 s train loss = 0.000086 train acc = 1.0000, test acc = 0.8045
[2026-07-01 15:55:56] Evaluate_02: epoch = 0080 train time = 112 s train loss = 0.000093 train acc = 1.0000, test acc = 0.8123
[2026-07-01 15:57:49] Evaluate_03: epoch = 0080 train time = 112 s train loss = 0.000098 train acc = 1.0000, test acc = 0.8111
[2026-07-01 15:57:49] exact-IF Hessian set = 512 real train images

[2026-07-01 15:57:49] ################ pair dog-bird : y_adv=5(dog)  target_class=2(bird) ################
  targets (easy, loaded cache result/target_cache/easy_targets_ResNet20BN_dog-bird_n10_seed0.json): [(1503, 'deer'), (4421, 'bird'), (2391, 'bird'), (1163, 'cat'), (9778, 'cat'), (6202, 'cat'), (3135, 'horse'), (8746, 'cat'), (3491, 'cat'), (4563, 'horse')]
      [exact] CG iters used per surrogate: [100]
  [dog-bird t1/10 idx=1503] fc craft_obj=0.0623 linf=0.0314
    [standard] victims: v1 done, v2 done, v3 done, v4 done, v5 done
    [standard | dog-bird t1/10 idx=1503] poison_CTA=0.8314 poison_ASR=20%
      [exact] CG iters used per surrogate: [100]
  [dog-bird t2/10 idx=4421] fc craft_obj=0.0708 linf=0.0314
    [standard] victims: v1 done, v2 done, v3 done, v4 done, v5 done
    [standard | dog-bird t2/10 idx=4421] poison_CTA=0.8306 poison_ASR=0%
      [exact] CG iters used per surrogate: [100]
  [dog-bird t3/10 idx=2391] fc craft_obj=0.0514 linf=0.0314
    [standard] victims: v1 done, v2 done, v3 done, v4 done, v5 done
    [standard | dog-bird t3/10 idx=2391] poison_CTA=0.8331 poison_ASR=20%
      [exact] CG iters used per surrogate: [100]
  [dog-bird t4/10 idx=1163] fc craft_obj=0.0560 linf=0.0314
    [standard] victims: v1 done, v2 done, v3 done, v4 done, v5 done
    [standard | dog-bird t4/10 idx=1163] poison_CTA=0.8303 poison_ASR=60%
      [exact] CG iters used per surrogate: [100]
  [dog-bird t5/10 idx=9778] fc craft_obj=0.0681 linf=0.0314
    [standard] victims: v1 done, v2 done, v3 done, v4 done, v5 done
    [standard | dog-bird t5/10 idx=9778] poison_CTA=0.8307 poison_ASR=20%
      [exact] CG iters used per surrogate: [100]
  [dog-bird t6/10 idx=6202] fc craft_obj=0.0485 linf=0.0314
    [standard] victims: v1 done, v2 done, v3 done, v4 done, v5 done
    [standard | dog-bird t6/10 idx=6202] poison_CTA=0.8301 poison_ASR=0%
      [exact] CG iters used per surrogate: [100]
  [dog-bird t7/10 idx=3135] fc craft_obj=0.0645 linf=0.0314
    [standard] victims: v1 done, v2 done, v3 done, v4 done, v5 done
    [standard | dog-bird t7/10 idx=3135] poison_CTA=0.8306 poison_ASR=20%
      [exact] CG iters used per surrogate: [100]
  [dog-bird t8/10 idx=8746] fc craft_obj=0.0518 linf=0.0314
    [standard] victims: v1 done, v2 done, v3 done, v4 done, v5 done
    [standard | dog-bird t8/10 idx=8746] poison_CTA=0.8326 poison_ASR=20%
      [exact] CG iters used per surrogate: [100]
  [dog-bird t9/10 idx=3491] fc craft_obj=0.0689 linf=0.0314
    [standard] victims: v1 done, v2 done, v3 done, v4 done, v5 done
    [standard | dog-bird t9/10 idx=3491] poison_CTA=0.8312 poison_ASR=20%
      [exact] CG iters used per surrogate: [100]
  [dog-bird t10/10 idx=4563] fc craft_obj=0.0587 linf=0.0314
    [standard] victims: v1 done, v2 done, v3 done, v4 done, v5 done
    [standard | dog-bird t10/10 idx=4563] poison_CTA=0.8330 poison_ASR=60%

  ==== pair dog-bird (fc) summary over 10 targets x 5 victims = 50 votes ====
    [standard                    ] poison CTA = 0.8314 +/- 0.0030   poison ASR = 24.0% +/- 42.7%
      tally (['airplane', 'automobile', 'bird', 'cat', 'deer', 'dog', 'frog', 'horse', 'ship', 'truck']): [0, 0, 12, 16, 3, 12, 1, 5, 0, 1]

[2026-07-01 16:46:11] wrote results_standard_no


=== main_FC.sh started 2026-07-01 15:50:04 — logging to logs/main_FC_20260701_155004.log ===
=== [2026-07-01 15:50:04] budget=0.002 ===
[2026-07-01 15:50:11] device=cuda
[2026-07-01 15:50:11] hyperparams: {'dataset': 'CIFAR10', 'data_path': '/home/mmoslem3/scratch/data', 'model': 'ResNet20BN', 'out_dir': 'result/standard_nodistill', 'seed': 0, 'target_idx_file': None, 'dsa_strategy': 'color_crop_cutout_flip_scale_rotate', 'syn_data_path': 'result/res_DM_CIFAR10_ConvNet_50ipc.pt', 'surrogate_model': 'ResNet20BN', 'num_surrogates': 4, 'surrogate_epochs': 80, 'surrogate_lr': 0.01, 'surrogate_bs': 256, 'attack': 'fc', 'class_pairs': ['dog-bird'], 'budget': 0.002, 'epsilon': 0.0313725, 'pgd_steps': 100, 'pgd_alpha': 0.0039216, 'restarts': 1, 'lambda_margin': 1.0, 'num_targets': 10, 'num_victims': 5, 'target_select': 'random', 'easy_targets': True, 'target_cache_dir': 'result/target_cache', 'parallel_victims': False, 'victim_epochs': 40, 'victim_lr': 0.1, 'victim_bs': 256, 'victim_decay': [35], 'victim_aug': False, 'clean_baseline': False, 'num_clean_victims': None, 'cache_dir': '', 'precompute_only': False, 'base_dist': 'l2', 'random_select': False, 'multilayer': True, 'curv_select': False, 'lambda_curv': 1.0, 'curv_damping': 1.0, 'curv_cg_iters': 10, 'curv_hessian_bs': 512, 'curv_cand_bs': 128, 'exact_select': True, 'if_damping': 0.01, 'if_cg_iters': 100, 'if_cg_tol': 0.0001, 'if_fd_h': 0.01, 'if_last_layer': False, 'if_hess_source': 'syn', 'if_hess_size': 512, 'if_max_surrogates': 1, 'verbose': True, 'single_surrogate': True, 'fast_gradmatch': False, 'surrogate_on_full_data': True, 'victim_pipelines': ['standard'], 'poison_cache_dir': '', 'log_file': ''}
[2026-07-01 15:50:11] victim pipelines (ablations): ['standard']
[2026-07-01 15:50:24] N_total=50000  budget=0.0020 -> N_p=100 poisons (all in y_adv class)

[2026-07-01 15:50:24] === training 4 surrogates (ResNet20BN) on FULL real data (80 ep each) ===
[2026-07-01 15:52:17] Evaluate_00: epoch = 0080 train time = 112 s train loss = 0.000092 train acc = 1.0000, test acc = 0.8115
[2026-07-01 15:54:10] Evaluate_01: epoch = 0080 train time = 112 s train loss = 0.000108 train acc = 1.0000, test acc = 0.8162
[2026-07-01 15:56:02] Evaluate_02: epoch = 0080 train time = 112 s train loss = 0.000082 train acc = 1.0000, test acc = 0.8042
[2026-07-01 15:57:55] Evaluate_03: epoch = 0080 train time = 112 s train loss = 0.000081 train acc = 1.0000, test acc = 0.8078
[2026-07-01 15:57:55] exact-IF Hessian set = 512 real train images

[2026-07-01 15:57:55] ################ pair dog-bird : y_adv=5(dog)  target_class=2(bird) ################
  targets (easy, loaded cache result/target_cache/easy_targets_ResNet20BN_dog-bird_n10_seed0.json): [(1503, 'deer'), (4421, 'bird'), (2391, 'bird'), (1163, 'cat'), (9778, 'cat'), (6202, 'cat'), (3135, 'horse'), (8746, 'cat'), (3491, 'cat'), (4563, 'horse')]
      [exact] CG iters used per surrogate: [100]
  [dog-bird t1/10 idx=1503] fc craft_obj=0.0473 linf=0.0314
    [standard] victims: v1 done, v2 done, v3 done, v4 done, v5 done
    [standard | dog-bird t1/10 idx=1503] poison_CTA=0.8316 poison_ASR=40%
      [exact] CG iters used per surrogate: [100]
  [dog-bird t2/10 idx=4421] fc craft_obj=0.0679 linf=0.0314
    [standard] victims: v1 done, v2 done, v3 done, v4 done, v5 done
    [standard | dog-bird t2/10 idx=4421] poison_CTA=0.8285 poison_ASR=0%
      [exact] CG iters used per surrogate: [100]
  [dog-bird t3/10 idx=2391] fc craft_obj=0.0522 linf=0.0314
    [standard] victims: v1 done, v2 done, v3 done, v4 done, v5 done
    [standard | dog-bird t3/10 idx=2391] poison_CTA=0.8331 poison_ASR=40%
      [exact] CG iters used per surrogate: [100]
  [dog-bird t4/10 idx=1163] fc craft_obj=0.0498 linf=0.0314
    [standard] victims: v1 done, v2 done, v3 done, v4 done, v5 done
    [standard | dog-bird t4/10 idx=1163] poison_CTA=0.8327 poison_ASR=60%
      [exact] CG iters used per surrogate: [100]
  [dog-bird t5/10 idx=9778] fc craft_obj=0.0654 linf=0.0314
    [standard] victims: v1 done, v2 done, v3 done, v4 done, v5 done
    [standard | dog-bird t5/10 idx=9778] poison_CTA=0.8317 poison_ASR=40%
      [exact] CG iters used per surrogate: [100]
  [dog-bird t6/10 idx=6202] fc craft_obj=0.0601 linf=0.0314
    [standard] victims: v1 done, v2 done, v3 done, v4 done, v5 done
    [standard | dog-bird t6/10 idx=6202] poison_CTA=0.8326 poison_ASR=0%
      [exact] CG iters used per surrogate: [100]
  [dog-bird t7/10 idx=3135] fc craft_obj=0.0611 linf=0.0314
    [standard] victims: v1 done, v2 done, v3 done, v4 done, v5 done
    [standard | dog-bird t7/10 idx=3135] poison_CTA=0.8322 poison_ASR=60%
      [exact] CG iters used per surrogate: [100]
  [dog-bird t8/10 idx=8746] fc craft_obj=0.0530 linf=0.0314
    [standard] victims: v1 done, v2 done, v3 done, v4 done, v5 done
    [standard | dog-bird t8/10 idx=8746] poison_CTA=0.8308 poison_ASR=40%
      [exact] CG iters used per surrogate: [100]
  [dog-bird t9/10 idx=3491] fc craft_obj=0.0584 linf=0.0314
    [standard] victims: v1 done, v2 done, v3 done, v4 done, v5 done
    [standard | dog-bird t9/10 idx=3491] poison_CTA=0.8278 poison_ASR=20%
      [exact] CG iters used per surrogate: [100]
  [dog-bird t10/10 idx=4563] fc craft_obj=0.0530 linf=0.0314
    [standard] victims: v1 done, v2 done, v3 done, v4 done, v5 done
    [standard | dog-bird t10/10 idx=4563] poison_CTA=0.8330 poison_ASR=60%

  ==== pair dog-bird (fc) summary over 10 targets x 5 victims = 50 votes ====
    [standard                    ] poison CTA = 0.8314 +/- 0.0036   poison ASR = 36.0% +/- 48.0%
      tally (['airplane', 'automobile', 'bird', 'cat', 'deer', 'dog', 'frog', 'horse', 'ship', 'truck']): [0, 0, 11, 14, 2, 18, 1, 4, 0, 0]

[2026-07-01 16:46:17] 


=== main_FC.sh started 2026-07-01 15:50:09 — logging to logs/main_FC_20260701_155009.log ===
=== [2026-07-01 15:50:09] budget=0.001 ===
[2026-07-01 15:50:14] device=cuda
[2026-07-01 15:50:14] hyperparams: {'dataset': 'CIFAR10', 'data_path': '/home/mmoslem3/scratch/data', 'model': 'ResNet20BN', 'out_dir': 'result/standard_nodistill', 'seed': 0, 'target_idx_file': None, 'dsa_strategy': 'color_crop_cutout_flip_scale_rotate', 'syn_data_path': 'result/res_DM_CIFAR10_ConvNet_50ipc.pt', 'surrogate_model': 'ResNet20BN', 'num_surrogates': 4, 'surrogate_epochs': 80, 'surrogate_lr': 0.01, 'surrogate_bs': 256, 'attack': 'fc', 'class_pairs': ['dog-bird'], 'budget': 0.001, 'epsilon': 0.0313725, 'pgd_steps': 100, 'pgd_alpha': 0.0039216, 'restarts': 1, 'lambda_margin': 1.0, 'num_targets': 10, 'num_victims': 5, 'target_select': 'random', 'easy_targets': True, 'target_cache_dir': 'result/target_cache', 'parallel_victims': False, 'victim_epochs': 40, 'victim_lr': 0.1, 'victim_bs': 256, 'victim_decay': [35], 'victim_aug': False, 'clean_baseline': False, 'num_clean_victims': None, 'cache_dir': '', 'precompute_only': False, 'base_dist': 'l2', 'random_select': False, 'multilayer': True, 'curv_select': False, 'lambda_curv': 1.0, 'curv_damping': 1.0, 'curv_cg_iters': 10, 'curv_hessian_bs': 512, 'curv_cand_bs': 128, 'exact_select': True, 'if_damping': 0.01, 'if_cg_iters': 100, 'if_cg_tol': 0.0001, 'if_fd_h': 0.01, 'if_last_layer': False, 'if_hess_source': 'syn', 'if_hess_size': 512, 'if_max_surrogates': 1, 'verbose': True, 'single_surrogate': True, 'fast_gradmatch': False, 'surrogate_on_full_data': True, 'victim_pipelines': ['standard'], 'poison_cache_dir': '', 'log_file': ''}
[2026-07-01 15:50:14] victim pipelines (ablations): ['standard']
[2026-07-01 15:50:26] N_total=50000  budget=0.0010 -> N_p=50 poisons (all in y_adv class)

[2026-07-01 15:50:26] === training 4 surrogates (ResNet20BN) on FULL real data (80 ep each) ===
[2026-07-01 15:52:20] Evaluate_00: epoch = 0080 train time = 112 s train loss = 0.000093 train acc = 1.0000, test acc = 0.8105
[2026-07-01 15:54:13] Evaluate_01: epoch = 0080 train time = 112 s train loss = 0.000076 train acc = 1.0000, test acc = 0.8203
[2026-07-01 15:56:06] Evaluate_02: epoch = 0080 train time = 112 s train loss = 0.000091 train acc = 1.0000, test acc = 0.8102
[2026-07-01 15:57:58] Evaluate_03: epoch = 0080 train time = 112 s train loss = 0.000099 train acc = 1.0000, test acc = 0.8043
[2026-07-01 15:57:58] exact-IF Hessian set = 512 real train images

[2026-07-01 15:57:58] ################ pair dog-bird : y_adv=5(dog)  target_class=2(bird) ################
  targets (easy, loaded cache result/target_cache/easy_targets_ResNet20BN_dog-bird_n10_seed0.json): [(1503, 'deer'), (4421, 'bird'), (2391, 'bird'), (1163, 'cat'), (9778, 'cat'), (6202, 'cat'), (3135, 'horse'), (8746, 'cat'), (3491, 'cat'), (4563, 'horse')]
      [exact] CG iters used per surrogate: [100]
  [dog-bird t1/10 idx=1503] fc craft_obj=0.0524 linf=0.0314
    [standard] victims: v1 done, v2 done, v3 done, v4 done, v5 done
    [standard | dog-bird t1/10 idx=1503] poison_CTA=0.8325 poison_ASR=0%
      [exact] CG iters used per surrogate: [100]
  [dog-bird t2/10 idx=4421] fc craft_obj=0.0604 linf=0.0314
    [standard] victims: v1 done, v2 done, v3 done, v4 done, v5 done
    [standard | dog-bird t2/10 idx=4421] poison_CTA=0.8292 poison_ASR=0%
      [exact] CG iters used per surrogate: [100]
  [dog-bird t3/10 idx=2391] fc craft_obj=0.0742 linf=0.0314
    [standard] victims: v1 done, v2 done, v3 done, v4 done, v5 done
    [standard | dog-bird t3/10 idx=2391] poison_CTA=0.8307 poison_ASR=0%
      [exact] CG iters used per surrogate: [100]
  [dog-bird t4/10 idx=1163] fc craft_obj=0.0544 linf=0.0314
    [standard] victims: v1 done, v2 done, v3 done, v4 done, v5 done
    [standard | dog-bird t4/10 idx=1163] poison_CTA=0.8309 poison_ASR=60%
      [exact] CG iters used per surrogate: [100]
  [dog-bird t5/10 idx=9778] fc craft_obj=0.0638 linf=0.0314
    [standard] victims: v1 done, v2 done, v3 done, v4 done, v5 done
    [standard | dog-bird t5/10 idx=9778] poison_CTA=0.8332 poison_ASR=20%
      [exact] CG iters used per surrogate: [100]
  [dog-bird t6/10 idx=6202] fc craft_obj=0.0563 linf=0.0314
    [standard] victims: v1 done, v2 done, v3 done, v4 done, v5 done
    [standard | dog-bird t6/10 idx=6202] poison_CTA=0.8321 poison_ASR=40%
      [exact] CG iters used per surrogate: [100]
  [dog-bird t7/10 idx=3135] fc craft_obj=0.0683 linf=0.0314
    [standard] victims: v1 done, v2 done, v3 done, v4 done, v5 done
    [standard | dog-bird t7/10 idx=3135] poison_CTA=0.8319 poison_ASR=80%
      [exact] CG iters used per surrogate: [100]
  [dog-bird t8/10 idx=8746] fc craft_obj=0.0603 linf=0.0314
    [standard] victims: v1 done, v2 done, v3 done, v4 done, v5 done
    [standard | dog-bird t8/10 idx=8746] poison_CTA=0.8323 poison_ASR=0%
      [exact] CG iters used per surrogate: [100]
  [dog-bird t9/10 idx=3491] fc craft_obj=0.0669 linf=0.0314
    [standard] victims: v1 done, v2 done, v3 done, v4 done, v5 done
    [standard | dog-bird t9/10 idx=3491] poison_CTA=0.8306 poison_ASR=0%
      [exact] CG iters used per surrogate: [100]
  [dog-bird t10/10 idx=4563] fc craft_obj=0.0574 linf=0.0314
    [standard] victims: v1 done, v2 done, v3 done, v4 done, v5 done
    [standard | dog-bird t10/10 idx=4563] poison_CTA=0.8304 poison_ASR=20%

  ==== pair dog-bird (fc) summary over 10 targets x 5 victims = 50 votes ====
    [standard                    ] poison CTA = 0.8314 +/- 0.0038   poison ASR = 22.0% +/- 41.4%
      tally (['airplane', 'automobile', 'bird', 'cat', 'deer', 'dog', 'frog', 'horse', 'ship', 'truck']): [0, 0, 15, 13, 5, 11, 1, 5, 0, 0]

[2026-07-01 16:46:35] wrote results_standard_nodistill_fc_ResNet20BN_b10_eps8.{json,csv} to result/standard_nodistill
=== main_FC.sh finished 2026


=== main_FC.sh started 2026-07-01 15:47:23 — logging to logs/main_FC_20260701_154723.log ===
=== [2026-07-01 15:47:23] budget=0.01 ===
[2026-07-01 15:47:26] --parallel_victims set but <2 GPUs in CUDA_VISIBLE_DEVICES ('0'); running victims sequentially
[2026-07-01 15:47:26] device=cuda
[2026-07-01 15:47:26] hyperparams: {'dataset': 'CIFAR10', 'data_path': '/home/mmoslem3/scratch/data', 'model': 'VGG13BN', 'out_dir': 'result/standard_nodistill', 'seed': 0, 'target_idx_file': None, 'dsa_strategy': 'color_crop_cutout_flip_scale_rotate', 'syn_data_path': 'result/res_DM_CIFAR10_ConvNet_50ipc.pt', 'surrogate_model': 'VGG13BN', 'num_surrogates': 4, 'surrogate_epochs': 80, 'surrogate_lr': 0.01, 'surrogate_bs': 256, 'attack': 'fc', 'class_pairs': ['dog-bird'], 'budget': 0.01, 'epsilon': 0.0313725, 'pgd_steps': 100, 'pgd_alpha': 0.0039216, 'restarts': 1, 'lambda_margin': 1.0, 'num_targets': 10, 'num_victims': 5, 'target_select': 'random', 'easy_targets': True, 'target_cache_dir': 'result/target_cache', 'parallel_victims': True, 'victim_epochs': 40, 'victim_lr': 0.1, 'victim_bs': 256, 'victim_decay': [35], 'victim_aug': False, 'clean_baseline': False, 'num_clean_victims': None, 'cache_dir': '', 'precompute_only': False, 'base_dist': 'l2', 'random_select': True, 'multilayer': True, 'curv_select': False, 'lambda_curv': 1.0, 'curv_damping': 1.0, 'curv_cg_iters': 10, 'curv_hessian_bs': 512, 'curv_cand_bs': 128, 'exact_select': False, 'if_damping': 0.01, 'if_cg_iters': 100, 'if_cg_tol': 0.0001, 'if_fd_h': 0.01, 'if_last_layer': False, 'if_hess_source': 'syn', 'if_hess_size': 0, 'if_max_surrogates': 0, 'verbose': False, 'single_surrogate': True, 'fast_gradmatch': False, 'surrogate_on_full_data': True, 'victim_pipelines': ['standard'], 'poison_cache_dir': '', 'log_file': ''}
[2026-07-01 15:47:26] victim pipelines (ablations): ['standard']
[2026-07-01 15:47:39] N_total=50000  budget=0.0100 -> N_p=500 poisons (all in y_adv class)

[2026-07-01 15:47:39] === training 4 surrogates (VGG13BN) on FULL real data (80 ep each) ===
[2026-07-01 15:50:37] Evaluate_00: epoch = 0080 train time = 177 s train loss = 0.000005 train acc = 1.0000, test acc = 0.8584
[2026-07-01 15:53:35] Evaluate_01: epoch = 0080 train time = 176 s train loss = 0.000005 train acc = 1.0000, test acc = 0.8572
[2026-07-01 15:56:33] Evaluate_02: epoch = 0080 train time = 177 s train loss = 0.000004 train acc = 1.0000, test acc = 0.8601
[2026-07-01 15:59:32] Evaluate_03: epoch = 0080 train time = 177 s train loss = 0.000005 train acc = 1.0000, test acc = 0.8567

[2026-07-01 15:59:32] ################ pair dog-bird : y_adv=5(dog)  target_class=2(bird) ################
  targets (easy, loaded cache result/target_cache/easy_targets_VGG13BN_dog-bird_n10_seed0.json): [(2632, 'cat'), (2804, 'cat'), (740, 'bird'), (9375, 'cat'), (1723, 'bird'), (9035, 'deer'), (3387, 'cat'), (5290, 'cat'), (8219, 'cat'), (4547, 'cat')]
  [dog-bird t1/10 idx=2632] fc craft_obj=0.0794 linf=0.0314
    [standard] victims: v1 done, v2 done, v3 done, v4 done, v5 done
    [standard | dog-bird t1/10 idx=2632] poison_CTA=0.8452 poison_ASR=80%
  [dog-bird t2/10 idx=2804] fc craft_obj=0.0845 linf=0.0314
    [standard] victims: v1 done, v2 done, v3 done, v4 done, v5 done
    [standard | dog-bird t2/10 idx=2804] poison_CTA=0.8460 poison_ASR=80%
  [dog-bird t3/10 idx=740] fc craft_obj=0.0840 linf=0.0314
    [standard] victims: v1 done, v2 done, v3 done, v4 done, v5 done
    [standard | dog-bird t3/10 idx=740] poison_CTA=0.8483 poison_ASR=60%
  [dog-bird t4/10 idx=9375] fc craft_obj=0.0720 linf=0.0314
    [standard] victims: v1 done, v2 done, v3 done, v4 done, v5 done
    [standard | dog-bird t4/10 idx=9375] poison_CTA=0.8506 poison_ASR=80%
  [dog-bird t5/10 idx=1723] fc craft_obj=0.0774 linf=0.0314
    [standard] victims: v1 done, v2 done, v3 done, v4 done, v5 done
    [standard | dog-bird t5/10 idx=1723] poison_CTA=0.8422 poison_ASR=60%
  [dog-bird t6/10 idx=9035] fc craft_obj=0.1010 linf=0.0314
    [standard] victims: v1 done, v2 done, v3 done, v4 done, v5 done
    [standard | dog-bird t6/10 idx=9035] poison_CTA=0.8434 poison_ASR=80%
  [dog-bird t7/10 idx=3387] fc craft_obj=0.0809 linf=0.0314
    [standard] victims: v1 done, v2 done, v3 done, v4 done, v5 done
    [standard | dog-bird t7/10 idx=3387] poison_CTA=0.8482 poison_ASR=100%
  [dog-bird t8/10 idx=5290] fc craft_obj=0.0796 linf=0.0314
    [standard] victims: v1 done, v2 done, v3 done, v4 done, v5 done
    [standard | dog-bird t8/10 idx=5290] poison_CTA=0.8454 poison_ASR=100%
  [dog-bird t9/10 idx=8219] fc craft_obj=0.0932 linf=0.0314
    [standard] victims: v1 done, v2 done, v3 done, v4 done, v5 done
    [standard | dog-bird t9/10 idx=8219] poison_CTA=0.8357 poison_ASR=40%
  [dog-bird t10/10 idx=4547] fc craft_obj=0.0867 linf=0.0314
    [standard] victims: v1 done, v2 done, v3 done, v4 done, v5 done
    [standard | dog-bird t10/10 idx=4547] poison_CTA=0.8396 poison_ASR=100%

  ==== pair dog-bird (fc) summary over 10 targets x 5 victims = 50 votes ====
    [standard                    ] poison CTA = 0.8445 +/- 0.0103   poison ASR = 78.0% +/- 41.4%
      tally (['airplane', 'automobile', 'bird', 'cat', 'deer', 'dog', 'frog', 'horse', 'ship', 'truck']): [0, 0, 2, 6, 2, 39, 0, 1, 0, 0]


      ^C
(ENV) mmoslem3@rack05-11:~/scratch/DD-attack$ sh main_FC.sh 
=== main_FC.sh started 2026-07-01 17:28:09 — logging to logs/main_FC_20260701_172809.log ===
=== [2026-07-01 17:28:09] budget=0.02 ===
[2026-07-01 17:28:12] --parallel_victims set but <2 GPUs in CUDA_VISIBLE_DEVICES ('0'); running victims sequentially
[2026-07-01 17:28:12] device=cuda
[2026-07-01 17:28:12] hyperparams: {'dataset': 'CIFAR10', 'data_path': '/home/mmoslem3/scratch/data', 'model': 'ResNet20BN', 'out_dir': 'result/standard_nodistill', 'seed': 0, 'target_idx_file': None, 'dsa_strategy': 'color_crop_cutout_flip_scale_rotate', 'syn_data_path': 'result/res_DM_CIFAR10_ConvNet_50ipc.pt', 'surrogate_model': 'ResNet20BN', 'num_surrogates': 4, 'surrogate_epochs': 80, 'surrogate_lr': 0.01, 'surrogate_bs': 256, 'attack': 'fc', 'class_pairs': ['dog-bird'], 'budget': 0.02, 'epsilon': 0.0313725, 'pgd_steps': 100, 'pgd_alpha': 0.0039216, 'restarts': 1, 'lambda_margin': 1.0, 'num_targets': 10, 'num_victims': 5, 'target_select': 'random', 'easy_targets': True, 'target_cache_dir': 'result/target_cache', 'parallel_victims': True, 'victim_epochs': 40, 'victim_lr': 0.1, 'victim_bs': 256, 'victim_decay': [35], 'victim_aug': False, 'clean_baseline': False, 'num_clean_victims': None, 'cache_dir': '', 'precompute_only': False, 'base_dist': 'l2', 'random_select': True, 'multilayer': True, 'curv_select': False, 'lambda_curv': 1.0, 'curv_damping': 1.0, 'curv_cg_iters': 10, 'curv_hessian_bs': 512, 'curv_cand_bs': 128, 'exact_select': False, 'if_damping': 0.01, 'if_cg_iters': 100, 'if_cg_tol': 0.0001, 'if_fd_h': 0.01, 'if_last_layer': False, 'if_hess_source': 'syn', 'if_hess_size': 0, 'if_max_surrogates': 0, 'verbose': False, 'single_surrogate': True, 'fast_gradmatch': False, 'surrogate_on_full_data': True, 'victim_pipelines': ['standard'], 'poison_cache_dir': '', 'log_file': ''}
[2026-07-01 17:28:12] victim pipelines (ablations): ['standard']
[2026-07-01 17:28:25] N_total=50000  budget=0.0200 -> N_p=1000 poisons (all in y_adv class)

[2026-07-01 17:28:25] === training 4 surrogates (ResNet20BN) on FULL real data (80 ep each) ===
[2026-07-01 17:30:19] Evaluate_00: epoch = 0080 train time = 114 s train loss = 0.000092 train acc = 1.0000, test acc = 0.8138
[2026-07-01 17:32:14] Evaluate_01: epoch = 0080 train time = 113 s train loss = 0.000094 train acc = 1.0000, test acc = 0.8100
[2026-07-01 17:34:08] Evaluate_02: epoch = 0080 train time = 113 s train loss = 0.000084 train acc = 1.0000, test acc = 0.8113
[2026-07-01 17:36:02] Evaluate_03: epoch = 0080 train time = 113 s train loss = 0.000107 train acc = 1.0000, test acc = 0.8048

[2026-07-01 17:36:02] ################ pair dog-bird : y_adv=5(dog)  target_class=2(bird) ################
  targets (easy, loaded cache result/target_cache/easy_targets_ResNet20BN_dog-bird_n10_seed0.json): [(1503, 'deer'), (4421, 'bird'), (2391, 'bird'), (1163, 'cat'), (9778, 'cat'), (6202, 'cat'), (3135, 'horse'), (8746, 'cat'), (3491, 'cat'), (4563, 'horse')]
  [dog-bird t1/10 idx=1503] fc craft_obj=0.0568 linf=0.0314
    [standard] victims: v1 done, v2 done, v3 done, v4 done, v5 done
    [standard | dog-bird t1/10 idx=1503] poison_CTA=0.8323 poison_ASR=0%
  [dog-bird t2/10 idx=4421] fc craft_obj=0.0517 linf=0.0314
    [standard] victims: v1 done, v2 done, v3 done, v4 done, v5 done
    [standard | dog-bird t2/10 idx=4421] poison_CTA=0.8294 poison_ASR=0%
  [dog-bird t3/10 idx=2391] fc craft_obj=0.0539 linf=0.0314
    [standard] victims: v1 done, v2 done, v3 done, v4 done, v5 done
    [standard | dog-bird t3/10 idx=2391] poison_CTA=0.8303 poison_ASR=40%
  [dog-bird t4/10 idx=1163] fc craft_obj=0.0511 linf=0.0314
    [standard] victims: v1 done, v2 done, v3 done, v4 done, v5 done
    [standard | dog-bird t4/10 idx=1163] poison_CTA=0.8314 poison_ASR=80%
  [dog-bird t5/10 idx=9778] fc craft_obj=0.0657 linf=0.0314
    [standard] victims: v1 done, v2 done, v3 done, v4 done, v5 done
    [standard | dog-bird t5/10 idx=9778] poison_CTA=0.8330 poison_ASR=20%
  [dog-bird t6/10 idx=6202] fc craft_obj=0.0576 linf=0.0314
    [standard] victims: v1 done, v2 done, v3 done, v4 done, v5 done
    [standard | dog-bird t6/10 idx=6202] poison_CTA=0.8301 poison_ASR=40%
  [dog-bird t7/10 idx=3135] fc craft_obj=0.0713 linf=0.0314
    [standard] victims: v1 done, v2 done, v3 done, v4 done, v5 done
    [standard | dog-bird t7/10 idx=3135] poison_CTA=0.8292 poison_ASR=40%
  [dog-bird t8/10 idx=8746] fc craft_obj=0.0630 linf=0.0314
    [standard] victims: v1 done, v2 done, v3 done, v4 done, v5 done
    [standard | dog-bird t8/10 idx=8746] poison_CTA=0.8306 poison_ASR=0%
  [dog-bird t9/10 idx=3491] fc craft_obj=0.0585 linf=0.0314
    [standard] victims: v1 done, v2 done, v3 done, v4 done, v5 done
    [standard | dog-bird t9/10 idx=3491] poison_CTA=0.8316 poison_ASR=60%
  [dog-bird t10/10 idx=4563] fc craft_obj=0.0652 linf=0.0314
    [standard] victims: v1 done, v2 done, v3 done, v4 done, v5 done
    [standard | dog-bird t10/10 idx=4563] poison_CTA=0.8309 poison_ASR=20%

  ==== pair dog-bird (fc) summary over 10 targets x 5 victims = 50 votes ====
    [standard                    ] poison CTA = 0.8309 +/- 0.0039   poison ASR = 30.0% +/- 45.8%
      tally (['airplane', 'automobile', 'bird', 'cat', 'deer', 'dog', 'frog', 'horse', 'ship', 'truck']): [0, 0, 9, 12, 5, 15, 2, 7, 0, 0]

[2026-07-01 18:23:51] wrote


=== main_FC.sh started 2026-07-01 17:17:49 — logging to logs/main_FC_20260701_171749.log ===
=== [2026-07-01 17:17:49] budget=0.02 ===
[2026-07-01 17:17:53] device=cuda
[2026-07-01 17:17:53] hyperparams: {'dataset': 'CIFAR10', 'data_path': '/home/mmoslem3/scratch/data', 'model': 'ResNet20BN', 'out_dir': 'result/standard_nodistill', 'seed': 0, 'target_idx_file': None, 'dsa_strategy': 'color_crop_cutout_flip_scale_rotate', 'syn_data_path': 'result/res_DM_CIFAR10_ConvNet_50ipc.pt', 'surrogate_model': 'ResNet20BN', 'num_surrogates': 4, 'surrogate_epochs': 80, 'surrogate_lr': 0.01, 'surrogate_bs': 256, 'attack': 'fc', 'class_pairs': ['dog-bird'], 'budget': 0.02, 'epsilon': 0.0313725, 'pgd_steps': 100, 'pgd_alpha': 0.0039216, 'restarts': 1, 'lambda_margin': 1.0, 'num_targets': 10, 'num_victims': 5, 'target_select': 'random', 'easy_targets': True, 'target_cache_dir': 'result/target_cache', 'parallel_victims': False, 'victim_epochs': 40, 'victim_lr': 0.1, 'victim_bs': 256, 'victim_decay': [35], 'victim_aug': False, 'clean_baseline': False, 'num_clean_victims': None, 'cache_dir': '', 'precompute_only': False, 'base_dist': 'l2', 'random_select': False, 'multilayer': True, 'curv_select': False, 'lambda_curv': 1.0, 'curv_damping': 1.0, 'curv_cg_iters': 10, 'curv_hessian_bs': 512, 'curv_cand_bs': 128, 'exact_select': True, 'if_damping': 0.01, 'if_cg_iters': 100, 'if_cg_tol': 0.0001, 'if_fd_h': 0.01, 'if_last_layer': False, 'if_hess_source': 'syn', 'if_hess_size': 512, 'if_max_surrogates': 1, 'verbose': True, 'single_surrogate': True, 'fast_gradmatch': False, 'surrogate_on_full_data': True, 'victim_pipelines': ['standard'], 'poison_cache_dir': '', 'log_file': ''}
[2026-07-01 17:17:53] victim pipelines (ablations): ['standard']
[2026-07-01 17:18:05] N_total=50000  budget=0.0200 -> N_p=1000 poisons (all in y_adv class)

[2026-07-01 17:18:05] === training 4 surrogates (ResNet20BN) on FULL real data (80 ep each) ===
[2026-07-01 17:20:00] Evaluate_00: epoch = 0080 train time = 113 s train loss = 0.000087 train acc = 1.0000, test acc = 0.8131
[2026-07-01 17:21:54] Evaluate_01: epoch = 0080 train time = 113 s train loss = 0.000076 train acc = 1.0000, test acc = 0.8105
[2026-07-01 17:23:48] Evaluate_02: epoch = 0080 train time = 113 s train loss = 0.000090 train acc = 1.0000, test acc = 0.8086
[2026-07-01 17:25:42] Evaluate_03: epoch = 0080 train time = 113 s train loss = 0.000102 train acc = 1.0000, test acc = 0.8102
[2026-07-01 17:25:42] exact-IF Hessian set = 512 real train images

[2026-07-01 17:25:42] ################ pair dog-bird : y_adv=5(dog)  target_class=2(bird) ################
  targets (easy, loaded cache result/target_cache/easy_targets_ResNet20BN_dog-bird_n10_seed0.json): [(1503, 'deer'), (4421, 'bird'), (2391, 'bird'), (1163, 'cat'), (9778, 'cat'), (6202, 'cat'), (3135, 'horse'), (8746, 'cat'), (3491, 'cat'), (4563, 'horse')]
      [exact] CG iters used per surrogate: [100]
  [dog-bird t1/10 idx=1503] fc craft_obj=0.0488 linf=0.0314
    [standard] victims: v1 done, v2 done, v3 done, v4 done, v5 done
    [standard | dog-bird t1/10 idx=1503] poison_CTA=0.8305 poison_ASR=20%
      [exact] CG iters used per surrogate: [100]
  [dog-bird t2/10 idx=4421] fc craft_obj=0.0519 linf=0.0314
    [standard] victims: v1 done, v2 done, v3 done, v4 done, v5 done
    [standard | dog-bird t2/10 idx=4421] poison_CTA=0.8304 poison_ASR=0%
      [exact] CG iters used per surrogate: [100]
  [dog-bird t3/10 idx=2391] fc craft_obj=0.0528 linf=0.0314
    [standard] victims: v1 done, v2 done, v3 done, v4 done, v5 done
    [standard | dog-bird t3/10 idx=2391] poison_CTA=0.8329 poison_ASR=0%
      [exact] CG iters used per surrogate: [100]
  [dog-bird t4/10 idx=1163] fc craft_obj=0.0494 linf=0.0314
    [standard] victims: v1 done, v2 done, v3 done, v4 done, v5 done
    [standard | dog-bird t4/10 idx=1163] poison_CTA=0.8282 poison_ASR=40%
      [exact] CG iters used per surrogate: [100]
  [dog-bird t5/10 idx=9778] fc craft_obj=0.0492 linf=0.0314
    [standard] victims: v1 done, v2 done, v3 done, v4 done, v5 done
    [standard | dog-bird t5/10 idx=9778] poison_CTA=0.8296 poison_ASR=60%
      [exact] CG iters used per surrogate: [100]
  [dog-bird t6/10 idx=6202] fc craft_obj=0.0526 linf=0.0314
    [standard] victims: v1 done, v2 done, v3 done, v4 done, v5 done
    [standard | dog-bird t6/10 idx=6202] poison_CTA=0.8298 poison_ASR=0%
      [exact] CG iters used per surrogate: [100]
  [dog-bird t7/10 idx=3135] fc craft_obj=0.0565 linf=0.0314
    [standard] victims: v1 done, v2 done, v3 done, v4 done, v5 done
    [standard | dog-bird t7/10 idx=3135] poison_CTA=0.8299 poison_ASR=60%
      [exact] CG iters used per surrogate: [100]
  [dog-bird t8/10 idx=8746] fc craft_obj=0.0467 linf=0.0314
    [standard] victims: v1 done, v2 done, v3 done, v4 done, v5 done
    [standard | dog-bird t8/10 idx=8746] poison_CTA=0.8301 poison_ASR=0%
      [exact] CG iters used per surrogate: [100]
  [dog-bird t9/10 idx=3491] fc craft_obj=0.0605 linf=0.0314
    [standard] victims: v1 done, v2 done, v3 done, v4 done, v5 done
    [standard | dog-bird t9/10 idx=3491] poison_CTA=0.8340 poison_ASR=0%
      [exact] CG iters used per surrogate: [100]
  [dog-bird t10/10 idx=4563] fc craft_obj=0.0472 linf=0.0314
    [standard] victims: v1 done, v2 done, v3 done, v4 done, v5 done
    [standard | dog-bird t10/10 idx=4563] poison_CTA=0.8312 poison_ASR=40%

  ==== pair dog-bird (fc) summary over 10 targets x 5 victims = 50 votes ====
    [standard                    ] poison CTA = 0.8307 +/- 0.0043   poison ASR = 22.0% +/- 41.4%
      tally (['airplane', 'automobile', 'bird', 'cat', 'deer', 'dog', 'frog', 'horse', 'ship', 'truck']): [0, 0, 13, 14, 4, 11, 2, 6, 0, 0]


      (ENV) mmoslem3@rack06-13:~/scratch/DD-attack$ sh main_FC.sh 
=== main_FC.sh started 2026-07-01 17:32:48 — logging to logs/main_FC_20260701_173248.log ===
=== [2026-07-01 17:32:48] budget=0.02 ===
        [2026-07-01 17:32:54] device=cuda
[2026-07-01 17:32:54] hyperparams: {'dataset': 'CIFAR10', 'data_path': '/home/mmoslem3/scratch/data', 'model': 'ResNet20BN', 'out_dir': 'result/standard_nodistill', 'seed': 0, 'target_idx_file': None, 'dsa_strategy': 'color_crop_cutout_flip_scale_rotate', 'syn_data_path': 'result/res_DM_CIFAR10_ConvNet_50ipc.pt', 'surrogate_model': 'ResNet20BN', 'num_surrogates': 4, 'surrogate_epochs': 80, 'surrogate_lr': 0.01, 'surrogate_bs': 256, 'attack': 'gradmatch', 'class_pairs': ['dog-bird'], 'budget': 0.02, 'epsilon': 0.0313725, 'pgd_steps': 100, 'pgd_alpha': 0.0039216, 'restarts': 4, 'lambda_margin': 1.0, 'num_targets': 10, 'num_victims': 5, 'target_select': 'random', 'easy_targets': True, 'target_cache_dir': 'result/target_cache', 'parallel_victims': False, 'victim_epochs': 40, 'victim_lr': 0.1, 'victim_bs': 256, 'victim_decay': [35], 'victim_aug': False, 'clean_baseline': False, 'num_clean_victims': None, 'cache_dir': '', 'precompute_only': False, 'base_dist': 'l2', 'random_select': False, 'multilayer': True, 'curv_select': False, 'lambda_curv': 1.0, 'curv_damping': 1.0, 'curv_cg_iters': 10, 'curv_hessian_bs': 512, 'curv_cand_bs': 128, 'exact_select': True, 'if_damping': 0.01, 'if_cg_iters': 100, 'if_cg_tol': 0.0001, 'if_fd_h': 0.01, 'if_last_layer': False, 'if_hess_source': 'syn', 'if_hess_size': 512, 'if_max_surrogates': 1, 'verbose': True, 'single_surrogate': True, 'fast_gradmatch': False, 'surrogate_on_full_data': True, 'victim_pipelines': ['standard'], 'poison_cache_dir': '', 'log_file': ''}
[2026-07-01 17:32:54] victim pipelines (ablations): ['standard']
[2026-07-01 17:33:06] N_total=50000  budget=0.0200 -> N_p=1000 poisons (all in y_adv class)

[2026-07-01 17:33:06] === training 4 surrogates (ResNet20BN) on FULL real data (80 ep each) ===
[2026-07-01 17:35:01] Evaluate_00: epoch = 0080 train time = 114 s train loss = 0.000089 train acc = 1.0000, test acc = 0.8076
[2026-07-01 17:36:55] Evaluate_01: epoch = 0080 train time = 113 s train loss = 0.000082 train acc = 1.0000, test acc = 0.8126
[2026-07-01 17:38:50] Evaluate_02: epoch = 0080 train time = 114 s train loss = 0.170160 train acc = 0.9411, test acc = 0.7584
[2026-07-01 17:40:44] Evaluate_03: epoch = 0080 train time = 114 s train loss = 0.000083 train acc = 1.0000, test acc = 0.8186
[2026-07-01 17:40:44] exact-IF Hessian set = 512 real train images

[2026-07-01 17:40:44] ################ pair dog-bird : y_adv=5(dog)  target_class=2(bird) ################
  targets (easy, loaded cache result/target_cache/easy_targets_ResNet20BN_dog-bird_n10_seed0.json): [(1503, 'deer'), (4421, 'bird'), (2391, 'bird'), (1163, 'cat'), (9778, 'cat'), (6202, 'cat'), (3135, 'horse'), (8746, 'cat'), (3491, 'cat'), (4563, 'horse')]
      [exact] CG iters used per surrogate: [100]
  [dog-bird t1/10 idx=1503] gradmatch craft_obj=0.1277 linf=0.0314
    [standard] victims: v1 done, v2 done, v3 done, v4 done, v5 done
    [standard | dog-bird t1/10 idx=1503] poison_CTA=0.8294 poison_ASR=100%
      [exact] CG iters used per surrogate: [100]
  [dog-bird t2/10 idx=4421] gradmatch craft_obj=0.1987 linf=0.0314
    [standard] victims: v1 done, v2 done, v3 done, v4 done, v5 done
    [standard | dog-bird t2/10 idx=4421] poison_CTA=0.8312 poison_ASR=20%
      [exact] CG iters used per surrogate: [100]
  [dog-bird t3/10 idx=2391] gradmatch craft_obj=0.1180 linf=0.0314
    [standard] victims: v1 done, v2 done, v3 done, v4 done, v5 done
    [standard | dog-bird t3/10 idx=2391] poison_CTA=0.8301 poison_ASR=100%
      [exact] CG iters used per surrogate: [100]
  [dog-bird t4/10 idx=1163] gradmatch craft_obj=0.1337 linf=0.0314
    [standard] victims: v1 done, v2 done, v3 done, v4 done, v5 done
    [standard | dog-bird t4/10 idx=1163] poison_CTA=0.8302 poison_ASR=100%
      [exact] CG iters used per surrogate: [100]
  [dog-bird t5/10 idx=9778] gradmatch craft_obj=0.0951 linf=0.0314
    [standard] victims: v1 done, v2 done, v3 done, v4 done, v5 done
    [standard | dog-bird t5/10 idx=9778] poison_CTA=0.8341 poison_ASR=80%
      [exact] CG iters used per surrogate: [100]
  [dog-bird t6/10 idx=6202] gradmatch craft_obj=0.1307 linf=0.0314
    [standard] victims: v1 done, v2 done, v3 done, v4 done, v5 done
    [standard | dog-bird t6/10 idx=6202] poison_CTA=0.8312 poison_ASR=80%
      [exact] CG iters used per surrogate: [100]
  [dog-bird t7/10 idx=3135] gradmatch craft_obj=0.1079 linf=0.0314
    [standard] victims: v1 done, v2 done, v3 done, v4 done, v5 done
    [standard | dog-bird t7/10 idx=3135] poison_CTA=0.8297 poison_ASR=100%
      [exact] CG iters used per surrogate: [100]
  [dog-bird t8/10 idx=8746] gradmatch craft_obj=0.1394 linf=0.0314
    [standard] victims: v1 done, v2 done, v3 done, v4 done, v5 done
    [standard | dog-bird t8/10 idx=8746] poison_CTA=0.8307 poison_ASR=60%
      [exact] CG iters used per surrogate: [100]
  [dog-bird t9/10 idx=3491] gradmatch craft_obj=0.1257 linf=0.0314
    [standard] victims: v1 done, v2 done, v3 done, v4 done, v5 done
    [standard | dog-bird t9/10 idx=3491] poison_CTA=0.8305 poison_ASR=100%
      [exact] CG iters used per surrogate: [100]
  [dog-bird t10/10 idx=4563] gradmatch craft_obj=0.1245 linf=0.0314
    [standard] victims: v1 done, v2 done, v3 done, v4 done, v5 done
    [standard | dog-bird t10/10 idx=4563] poison_CTA=0.8315 poison_ASR=100%

  ==== pair dog-bird (gradmatch) summary over 10 targets x 5 victims = 50 votes ====
    [standard                    ] poison CTA = 0.8308 +/- 0.0039   poison ASR = 84.0% +/- 36.7%
      tally (['airplane', 'automobile', 'bird', 'cat', 'deer', 'dog', 'frog', 'horse', 'ship', 'truck']): [0, 0, 4, 3, 0, 42, 1, 0, 0, 0]

[2026-07-01 18:44:24] wrote results_standard_nodistill_gradmatch_ResNet20BN_b200_eps8.{json,csv} to result/standard_nodistill
main_FC.sh: line 76: syntax error near unexpected token `)'



=== main_FC.sh started 2026-07-01 17:29:04 — logging to logs/main_FC_20260701_172904.log ===
=== [2026-07-01 17:29:04] budget=0.01 ===
[2026-07-01 17:29:07] --parallel_victims set but <2 GPUs in CUDA_VISIBLE_DEVICES ('0'); running victims sequentially
[2026-07-01 17:29:08] device=cuda
[2026-07-01 17:29:08] hyperparams: {'dataset': 'CIFAR10', 'data_path': '/home/mmoslem3/scratch/data', 'model': 'VGG13BN', 'out_dir': 'result/standard_nodistill', 'seed': 0, 'target_idx_file': None, 'dsa_strategy': 'color_crop_cutout_flip_scale_rotate', 'syn_data_path': 'result/res_DM_CIFAR10_ConvNet_50ipc.pt', 'surrogate_model': 'VGG13BN', 'num_surrogates': 4, 'surrogate_epochs': 80, 'surrogate_lr': 0.01, 'surrogate_bs': 256, 'attack': 'fc', 'class_pairs': ['dog-bird'], 'budget': 0.01, 'epsilon': 0.0313725, 'pgd_steps': 100, 'pgd_alpha': 0.0039216, 'restarts': 1, 'lambda_margin': 1.0, 'num_targets': 10, 'num_victims': 5, 'target_select': 'random', 'easy_targets': True, 'target_cache_dir': 'result/target_cache', 'parallel_victims': True, 'victim_epochs': 40, 'victim_lr': 0.1, 'victim_bs': 256, 'victim_decay': [35], 'victim_aug': False, 'clean_baseline': False, 'num_clean_victims': None, 'cache_dir': '', 'precompute_only': False, 'base_dist': 'l2', 'random_select': True, 'multilayer': True, 'curv_select': False, 'lambda_curv': 1.0, 'curv_damping': 1.0, 'curv_cg_iters': 10, 'curv_hessian_bs': 512, 'curv_cand_bs': 128, 'exact_select': False, 'if_damping': 0.01, 'if_cg_iters': 100, 'if_cg_tol': 0.0001, 'if_fd_h': 0.01, 'if_last_layer': False, 'if_hess_source': 'syn', 'if_hess_size': 0, 'if_max_surrogates': 0, 'verbose': False, 'single_surrogate': True, 'fast_gradmatch': False, 'surrogate_on_full_data': True, 'victim_pipelines': ['standard'], 'poison_cache_dir': '', 'log_file': ''}
[2026-07-01 17:29:08] victim pipelines (ablations): ['standard']
[2026-07-01 17:29:20] N_total=50000  budget=0.0100 -> N_p=500 poisons (all in y_adv class)

[2026-07-01 17:29:20] === training 4 surrogates (VGG13BN) on FULL real data (80 ep each) ===
[2026-07-01 17:32:19] Evaluate_00: epoch = 0080 train time = 177 s train loss = 0.000005 train acc = 1.0000, test acc = 0.8592
[2026-07-01 17:35:19] Evaluate_01: epoch = 0080 train time = 178 s train loss = 0.000005 train acc = 1.0000, test acc = 0.8551
[2026-07-01 17:38:19] Evaluate_02: epoch = 0080 train time = 178 s train loss = 0.000004 train acc = 1.0000, test acc = 0.8560
[2026-07-01 17:41:19] Evaluate_03: epoch = 0080 train time = 179 s train loss = 0.000005 train acc = 1.0000, test acc = 0.8539

[2026-07-01 17:41:19] ################ pair dog-bird : y_adv=5(dog)  target_class=2(bird) ################
  targets (easy, loaded cache result/target_cache/easy_targets_VGG13BN_dog-bird_n10_seed0.json): [(2632, 'cat'), (2804, 'cat'), (740, 'bird'), (9375, 'cat'), (1723, 'bird'), (9035, 'deer'), (3387, 'cat'), (5290, 'cat'), (8219, 'cat'), (4547, 'cat')]
  [dog-bird t1/10 idx=2632] fc craft_obj=0.0741 linf=0.0314
    [standard] victims: v1 done, v2 done, v3 done, v4 done, v5 done
    [standard | dog-bird t1/10 idx=2632] poison_CTA=0.8470 poison_ASR=100%
  [dog-bird t2/10 idx=2804] fc craft_obj=0.0815 linf=0.0314
    [standard] victims: v1 done, v2 done, v3 done, v4 done, v5 done
    [standard | dog-bird t2/10 idx=2804] poison_CTA=0.8485 poison_ASR=60%
  [dog-bird t3/10 idx=740] fc craft_obj=0.0869 linf=0.0314
    [standard] victims: v1 done, v2 done, v3 done, v4 done, v5 done
    [standard | dog-bird t3/10 idx=740] poison_CTA=0.8419 poison_ASR=20%
  [dog-bird t4/10 idx=9375] fc craft_obj=0.0720 linf=0.0314
    [standard] victims: v1 done, v2 done, v3 done, v4 done, v5 done
    [standard | dog-bird t4/10 idx=9375] poison_CTA=0.8503 poison_ASR=100%
  [dog-bird t5/10 idx=1723] fc craft_obj=0.0771 linf=0.0314
    [standard] victims: v1 done, v2 done, v3 done, v4 done, v5 done
    [standard | dog-bird t5/10 idx=1723] poison_CTA=0.8485 poison_ASR=60%
  [dog-bird t6/10 idx=9035] fc craft_obj=0.0699 linf=0.0314
    [standard] victims: v1 done, v2 done, v3 done, v4 done, v5 done
    [standard | dog-bird t6/10 idx=9035] poison_CTA=0.8487 poison_ASR=40%
  [dog-bird t7/10 idx=3387] fc craft_obj=0.0799 linf=0.0314
    [standard] victims: v1 done, v2 done, v3 done, v4 done, v5 done
    [standard | dog-bird t7/10 idx=3387] poison_CTA=0.8478 poison_ASR=40%
  [dog-bird t8/10 idx=5290] fc craft_obj=0.0846 linf=0.0314
    [standard] victims: v1 done, v2 done, v3 done, v4 done, v5 done
    [standard | dog-bird t8/10 idx=5290] poison_CTA=0.8487 poison_ASR=80%
  [dog-bird t9/10 idx=8219] fc craft_obj=0.0778 linf=0.0314
    [standard] victims: v1 done, v2 done, v3 done, v4 done, v5 done
    [standard | dog-bird t9/10 idx=8219] poison_CTA=0.8419 poison_ASR=80%
  [dog-bird t10/10 idx=4547] fc craft_obj=0.0811 linf=0.0314
    [standard] victims: v1 done, v2 done, v3 done, v4 done, v5 done
    [standard | dog-bird t10/10 idx=4547] poison_CTA=0.8529 poison_ASR=40%

  ==== pair dog-bird (fc) summary over 10 targets x 5 victims = 50 votes ====
    [standard                    ] poison CTA = 0.8476 +/- 0.0082   poison ASR = 62.0% +/- 48.5%
      tally (['airplane', 'automobile', 'bird', 'cat', 'deer', 'dog', 'frog', 'horse', 'ship', 'truck']): [0, 0, 3, 6, 6, 31, 2, 2, 0, 0]

[2026-07-01 18:56:11] wrote results_


=== main_FC.sh started 2026-07-01 17:31:31 — logging to logs/main_FC_20260701_173131.log ===
=== [2026-07-01 17:31:31] budget=0.05 ===
[2026-07-01 17:31:36] device=cuda
[2026-07-01 17:31:36] hyperparams: {'dataset': 'CIFAR10', 'data_path': '/home/mmoslem3/scratch/data', 'model': 'VGG13BN', 'out_dir': 'result/standard_nodistill', 'seed': 0, 'target_idx_file': None, 'dsa_strategy': 'color_crop_cutout_flip_scale_rotate', 'syn_data_path': 'result/res_DM_CIFAR10_ConvNet_50ipc.pt', 'surrogate_model': 'VGG13BN', 'num_surrogates': 4, 'surrogate_epochs': 80, 'surrogate_lr': 0.01, 'surrogate_bs': 256, 'attack': 'fc', 'class_pairs': ['dog-bird'], 'budget': 0.05, 'epsilon': 0.0313725, 'pgd_steps': 100, 'pgd_alpha': 0.0039216, 'restarts': 1, 'lambda_margin': 1.0, 'num_targets': 10, 'num_victims': 5, 'target_select': 'random', 'easy_targets': True, 'target_cache_dir': 'result/target_cache', 'parallel_victims': False, 'victim_epochs': 40, 'victim_lr': 0.1, 'victim_bs': 256, 'victim_decay': [35], 'victim_aug': False, 'clean_baseline': False, 'num_clean_victims': None, 'cache_dir': '', 'precompute_only': False, 'base_dist': 'l2', 'random_select': False, 'multilayer': True, 'curv_select': False, 'lambda_curv': 1.0, 'curv_damping': 1.0, 'curv_cg_iters': 10, 'curv_hessian_bs': 512, 'curv_cand_bs': 128, 'exact_select': True, 'if_damping': 0.01, 'if_cg_iters': 100, 'if_cg_tol': 0.0001, 'if_fd_h': 0.01, 'if_last_layer': False, 'if_hess_source': 'syn', 'if_hess_size': 512, 'if_max_surrogates': 1, 'verbose': True, 'single_surrogate': True, 'fast_gradmatch': False, 'surrogate_on_full_data': True, 'victim_pipelines': ['standard'], 'poison_cache_dir': '', 'log_file': ''}
[2026-07-01 17:31:36] victim pipelines (ablations): ['standard']
[2026-07-01 17:31:49] N_total=50000  budget=0.0500 -> N_p=2500 poisons (all in y_adv class)

[2026-07-01 17:31:49] === training 4 surrogates (VGG13BN) on FULL real data (80 ep each) ===
[2026-07-01 17:34:47] Evaluate_00: epoch = 0080 train time = 176 s train loss = 0.000005 train acc = 1.0000, test acc = 0.8581
[2026-07-01 17:37:44] Evaluate_01: epoch = 0080 train time = 175 s train loss = 0.000006 train acc = 1.0000, test acc = 0.8580
[2026-07-01 17:40:41] Evaluate_02: epoch = 0080 train time = 175 s train loss = 0.000006 train acc = 1.0000, test acc = 0.8578
[2026-07-01 17:43:37] Evaluate_03: epoch = 0080 train time = 175 s train loss = 0.000005 train acc = 1.0000, test acc = 0.8577
[2026-07-01 17:43:37] exact-IF Hessian set = 512 real train images

[2026-07-01 17:43:37] ################ pair dog-bird : y_adv=5(dog)  target_class=2(bird) ################
  targets (easy, loaded cache result/target_cache/easy_targets_VGG13BN_dog-bird_n10_seed0.json): [(2632, 'cat'), (2804, 'cat'), (740, 'bird'), (9375, 'cat'), (1723, 'bird'), (9035, 'deer'), (3387, 'cat'), (5290, 'cat'), (8219, 'cat'), (4547, 'cat')]
      [exact] CG iters used per surrogate: [21]
  [dog-bird t1/10 idx=2632] fc craft_obj=0.0744 linf=0.0314
    [standard] victims: v1 done, v2 done, v3 done, v4 done, v5 done
    [standard | dog-bird t1/10 idx=2632] poison_CTA=0.8407 poison_ASR=100%
      [exact] CG iters used per surrogate: [22]
  [dog-bird t2/10 idx=2804] fc craft_obj=0.0850 linf=0.0314
    [standard] victims: v1 done, v2 done, v3 done, v4 done, v5 done
    [standard | dog-bird t2/10 idx=2804] poison_CTA=0.8390 poison_ASR=80%
      [exact] CG iters used per surrogate: [22]
  [dog-bird t3/10 idx=740] fc craft_obj=0.0854 linf=0.0314
    [standard] victims: v1 done, v2 done, v3 done, v4 done, v5 done
    [standard | dog-bird t3/10 idx=740] poison_CTA=0.8309 poison_ASR=0%
      [exact] CG iters used per surrogate: [21]
  [dog-bird t4/10 idx=9375] fc craft_obj=0.0740 linf=0.0314
    [standard] victims: v1 done, v2 done, v3 done, v4 done, v5 done
    [standard | dog-bird t4/10 idx=9375] poison_CTA=0.8338 poison_ASR=80%
      [exact] CG iters used per surrogate: [21]
  [dog-bird t5/10 idx=1723] fc craft_obj=0.0842 linf=0.0314
    [standard] victims: v1 done, v2 done, v3 done, v4 done, v5 done
    [standard | dog-bird t5/10 idx=1723] poison_CTA=0.8417 poison_ASR=60%
      [exact] CG iters used per surrogate: [22]
  [dog-bird t6/10 idx=9035] fc craft_obj=0.0738 linf=0.0314
    [standard] victims: v1 done, v2 done, v3 done, v4 done, v5 done
    [standard | dog-bird t6/10 idx=9035] poison_CTA=0.8408 poison_ASR=100%
      [exact] CG iters used per surrogate: [21]
  [dog-bird t7/10 idx=3387] fc craft_obj=0.0754 linf=0.0314
    [standard] victims: v1 done, v2 done, v3 done, v4 done, v5 done
    [standard | dog-bird t7/10 idx=3387] poison_CTA=0.8424 poison_ASR=100%
      [exact] CG iters used per surrogate: [21]
  [dog-bird t8/10 idx=5290] fc craft_obj=0.0801 linf=0.0314
    [standard] victims: v1 done, v2 done, v3 done, v4 done, v5 done
    [standard | dog-bird t8/10 idx=5290] poison_CTA=0.8388 poison_ASR=100%
      [exact] CG iters used per surrogate: [22]
  [dog-bird t9/10 idx=8219] fc craft_obj=0.0849 linf=0.0314
    [standard] victims: v1 done, v2 done, v3 done, v4 done, v5 done
    [standard | dog-bird t9/10 idx=8219] poison_CTA=0.8471 poison_ASR=100%
      [exact] CG iters used per surrogate: [22]
  [dog-bird t10/10 idx=4547] fc craft_obj=0.0824 linf=0.0314
    [standard] victims: v1 done, v2 done, v3 done, v4 done, v5 done
    [standard | dog-bird t10/10 idx=4547] poison_CTA=0.8441 poison_ASR=80%

  ==== pair dog-bird (fc) summary over 10 targets x 5 victims = 50 votes ====
    [standard                    ] poison CTA = 0.8399 +/- 0.0099   poison ASR = 80.0% +/- 40.0%
      tally (['airplane', 'automobile', 'bird', 'cat', 'deer', 'dog', 'frog', 'horse', 'ship', 'truck']): [0, 0, 4, 4, 1, 40, 0, 1, 0, 0]

[2026-07-01 18:58:58] wrote results_standard_nodistill_fc_VGG13BN_b500_eps8.{json,csv} to result/standard_nodistill



@@@@@@@@@@@

=== main_FC.sh started 2026-07-01 23:46:09 — logging to logs/main_FC_20260701_234609.log ===
=== [2026-07-01 23:46:09] budget=0.001 ===
[2026-07-01 23:46:12] device=cuda
[2026-07-01 23:46:12] hyperparams: {'dataset': 'CIFAR10', 'data_path': '/home/mmoslem3/scratch/data', 'model': 'VGG13BN', 'out_dir': 'result/standard_nodistill', 'seed': 0, 'target_idx_file': None, 'dsa_strategy': 'color_crop_cutout_flip_scale_rotate', 'syn_data_path': 'result/res_DM_CIFAR10_ConvNet_50ipc.pt', 'surrogate_model': 'VGG13BN', 'num_surrogates': 4, 'surrogate_epochs': 80, 'surrogate_lr': 0.01, 'surrogate_bs': 256, 'attack': 'gradmatch', 'class_pairs': ['dog-bird'], 'budget': 0.001, 'epsilon': 0.0313725, 'pgd_steps': 100, 'pgd_alpha': 0.0039216, 'restarts': 4, 'lambda_margin': 1.0, 'num_targets': 10, 'num_victims': 5, 'target_select': 'random', 'easy_targets': False, 'target_cache_dir': '', 'parallel_victims': False, 'victim_epochs': 40, 'victim_lr': 0.1, 'victim_bs': 256, 'victim_decay': [35], 'victim_aug': False, 'clean_baseline': False, 'num_clean_victims': None, 'cache_dir': '', 'precompute_only': False, 'base_dist': 'l2', 'random_select': False, 'multilayer': True, 'curv_select': False, 'lambda_curv': 1.0, 'curv_damping': 1.0, 'curv_cg_iters': 10, 'curv_hessian_bs': 512, 'curv_cand_bs': 128, 'exact_select': True, 'if_damping': 0.01, 'if_cg_iters': 100, 'if_cg_tol': 0.0001, 'if_fd_h': 0.01, 'if_last_layer': False, 'if_hess_source': 'syn', 'if_hess_size': 512, 'if_max_surrogates': 1, 'verbose': True, 'single_surrogate': True, 'fast_gradmatch': False, 'surrogate_on_full_data': True, 'victim_pipelines': ['standard'], 'poison_cache_dir': '', 'log_file': ''}
[2026-07-01 23:46:12] victim pipelines (ablations): ['standard']
[2026-07-01 23:46:24] N_total=50000  budget=0.0010 -> N_p=50 poisons (all in y_adv class)

[2026-07-01 23:46:24] === training 4 surrogates (VGG13BN) on FULL real data (80 ep each) ===
[2026-07-01 23:49:22] Evaluate_00: epoch = 0080 train time = 176 s train loss = 0.000005 train acc = 1.0000, test acc = 0.8556
[2026-07-01 23:52:20] Evaluate_01: epoch = 0080 train time = 176 s train loss = 0.000005 train acc = 1.0000, test acc = 0.8573
[2026-07-01 23:55:18] Evaluate_02: epoch = 0080 train time = 177 s train loss = 0.000007 train acc = 1.0000, test acc = 0.8578
[2026-07-01 23:58:16] Evaluate_03: epoch = 0080 train time = 177 s train loss = 0.000006 train acc = 1.0000, test acc = 0.8578
[2026-07-01 23:58:16] exact-IF Hessian set = 512 real train images

[2026-07-01 23:58:16] ################ pair dog-bird : y_adv=5(dog)  target_class=2(bird) ################
  targets (random): [430, 387, 6715, 7670, 9467, 2100, 7171, 4833, 5599, 2544]
      [exact] CG iters used per surrogate: [22]
  [dog-bird t1/10 idx=430] gradmatch craft_obj=0.2693 linf=0.0314
    [standard] victims: v1 done, v2 done, v3 done, v4 done, v5 done
    [standard | dog-bird t1/10 idx=430] poison_CTA=0.8382 poison_ASR=0%
      [exact] CG iters used per surrogate: [21]
  [dog-bird t2/10 idx=387] gradmatch craft_obj=0.2932 linf=0.0314
    [standard] victims: v1 done, v2 done, v3 done, v4 done, v5 done
    [standard | dog-bird t2/10 idx=387] poison_CTA=0.8455 poison_ASR=100%
      [exact] CG iters used per surrogate: [21]
  [dog-bird t3/10 idx=6715] gradmatch craft_obj=0.2352 linf=0.0314
    [standard] victims: v1 done, v2 done, v3 done, v4 done, v5 done
    [standard | dog-bird t3/10 idx=6715] poison_CTA=0.8481 poison_ASR=100%
      [exact] CG iters used per surrogate: [21]
  [dog-bird t4/10 idx=7670] gradmatch craft_obj=0.2962 linf=0.0314
    [standard] victims: v1 done, v2 done, v3 done, v4 done, v5 done
    [standard | dog-bird t4/10 idx=7670] poison_CTA=0.8436 poison_ASR=40%
      [exact] CG iters used per surrogate: [21]
  [dog-bird t5/10 idx=9467] gradmatch craft_obj=0.2930 linf=0.0314
    [standard] victims: v1 done, v2 done, v3 done, v4 done, v5 done
    [standard | dog-bird t5/10 idx=9467] poison_CTA=0.8420 poison_ASR=60%
      [exact] CG iters used per surrogate: [21]
  [dog-bird t6/10 idx=2100] gradmatch craft_obj=0.3012 linf=0.0314
    [standard] victims: v1 done, v2 done, v3 done, v4 done, v5 done
    [standard | dog-bird t6/10 idx=2100] poison_CTA=0.8486 poison_ASR=0%
      [exact] CG iters used per surrogate: [21]
  [dog-bird t7/10 idx=7171] gradmatch craft_obj=0.2141 linf=0.0314
    [standard] victims: v1 done, v2 done, v3 done, v4 done, v5 done
    [standard | dog-bird t7/10 idx=7171] poison_CTA=0.8443 poison_ASR=80%
      [exact] CG iters used per surrogate: [21]
  [dog-bird t8/10 idx=4833] gradmatch craft_obj=0.2444 linf=0.0314
    [standard] victims: v1 done, v2 done, v3 done, v4 done, v5 done
    [standard | dog-bird t8/10 idx=4833] poison_CTA=0.8514 poison_ASR=80%
      [exact] CG iters used per surrogate: [21]
  [dog-bird t9/10 idx=5599] gradmatch craft_obj=0.2431 linf=0.0314
    [standard] victims: v1 done, v2 done, v3 done, v4 done, v5 done
    [standard | dog-bird t9/10 idx=5599] poison_CTA=0.8457 poison_ASR=0%
      [exact] CG iters used per surrogate: [20]
  [dog-bird t10/10 idx=2544] gradmatch craft_obj=0.2131 linf=0.0314
    [standard] victims: v1 done, v2 done, v3 done, v4 done, v5 done
    [standard | dog-bird t10/10 idx=2544] poison_CTA=0.8467 poison_ASR=0%

  ==== pair dog-bird (gradmatch) summary over 10 targets x 5 victims = 50 votes ====
    [standard                    ] poison CTA = 0.8454 +/- 0.0117   poison ASR = 46.0% +/- 49.8%
      tally (['airplane', 'automobile', 'bird', 'cat', 'deer', 'dog', 'frog', 'horse', 'ship', 'truck']): [0, 0, 21, 1, 4, 23, 0, 1, 0, 0]

[2026-07-02 01:13:29] wrote results_standard_nodistill_gradmatch_VGG13BN_b10_eps8.{json,csv} to result/standard_nodistill
=== main_FC.sh finished 2026-07-02 01:13:30 — log


(ENV) mmoslem3@rack06-13:~/scratch/DD-attack$ sh main_FC.sh 
=== main_FC.sh started 2026-07-01 23:21:43 — logging to logs/main_FC_20260701_232143.log ===
=== [2026-07-01 23:21:43] budget=0.02 ===
[2026-07-01 23:21:46] device=cuda
[2026-07-01 23:21:46] hyperparams: {'dataset': 'CIFAR10', 'data_path': '/home/mmoslem3/scratch/data', 'model': 'ConvNetBN', 'out_dir': 'result/standard_nodistill', 'seed': 0, 'target_idx_file': None, 'dsa_strategy': 'color_crop_cutout_flip_scale_rotate', 'syn_data_path': 'result/res_DM_CIFAR10_ConvNet_50ipc.pt', 'surrogate_model': 'ConvNetBN', 'num_surrogates': 4, 'surrogate_epochs': 80, 'surrogate_lr': 0.01, 'surrogate_bs': 256, 'attack': 'fc', 'class_pairs': ['frog-airplane'], 'budget': 0.02, 'epsilon': 0.0313725, 'pgd_steps': 100, 'pgd_alpha': 0.0039216, 'restarts': 1, 'lambda_margin': 1.0, 'num_targets': 10, 'num_victims': 5, 'target_select': 'random', 'easy_targets': True, 'target_cache_dir': 'result/target_cache', 'parallel_victims': False, 'victim_epochs': 40, 'victim_lr': 0.1, 'victim_bs': 256, 'victim_decay': [35], 'victim_aug': False, 'clean_baseline': False, 'num_clean_victims': None, 'cache_dir': '', 'precompute_only': False, 'base_dist': 'l2', 'random_select': False, 'multilayer': True, 'curv_select': False, 'lambda_curv': 1.0, 'curv_damping': 1.0, 'curv_cg_iters': 10, 'curv_hessian_bs': 512, 'curv_cand_bs': 128, 'exact_select': True, 'if_damping': 0.01, 'if_cg_iters': 100, 'if_cg_tol': 0.0001, 'if_fd_h': 0.01, 'if_last_layer': False, 'if_hess_source': 'syn', 'if_hess_size': 512, 'if_max_surrogates': 1, 'verbose': True, 'single_surrogate': True, 'fast_gradmatch': False, 'surrogate_on_full_data': True, 'victim_pipelines': ['standard'], 'poison_cache_dir': '', 'log_file': ''}
[2026-07-01 23:21:46] victim pipelines (ablations): ['standard']
[2026-07-01 23:21:59] N_total=50000  budget=0.0200 -> N_p=1000 poisons (all in y_adv class)

[2026-07-01 23:21:59] === training 4 surrogates (ConvNetBN) on FULL real data (80 ep each) ===
[2026-07-01 23:23:41] Evaluate_00: epoch = 0080 train time = 101 s train loss = 0.002303 train acc = 1.0000, test acc = 0.8333
[2026-07-01 23:25:23] Evaluate_01: epoch = 0080 train time = 101 s train loss = 0.002244 train acc = 1.0000, test acc = 0.8312
[2026-07-01 23:27:04] Evaluate_02: epoch = 0080 train time = 101 s train loss = 0.002315 train acc = 1.0000, test acc = 0.8316
[2026-07-01 23:28:46] Evaluate_03: epoch = 0080 train time = 101 s train loss = 0.002251 train acc = 1.0000, test acc = 0.8298
[2026-07-01 23:28:46] exact-IF Hessian set = 512 real train images

[2026-07-01 23:28:46] ################ pair frog-airplane : y_adv=6(frog)  target_class=0(airplane) ################
  targets (easy, label!=frog, saved cache result/target_cache/easy_targets_ConvNetBN_frog-airplane_n10_seed0.json): [(2442, 'deer'), (4903, 'bird'), (2533, 'ship'), (2130, 'airplane'), (5458, 'cat'), (1644, 'bird'), (7344, 'deer'), (7446, 'dog'), (5411, 'bird'), (8542, 'bird')]
      [exact] CG iters used per surrogate: [100]
  [frog-airplane t1/10 idx=2442] fc craft_obj=0.3448 linf=0.0314
    [standard] victims: v1 done, v2 done, v3 done, v4 done, v5 done
    [standard | frog-airplane t1/10 idx=2442] poison_CTA=0.8102 poison_ASR=100%
      [exact] CG iters used per surrogate: [100]
  [frog-airplane t2/10 idx=4903] fc craft_obj=0.3346 linf=0.0314
    [standard] victims: v1 done, v2 done, v3 done, v4 done, v5 done
    [standard | frog-airplane t2/10 idx=4903] poison_CTA=0.8085 poison_ASR=100%
      [exact] CG iters used per surrogate: [100]
  [frog-airplane t3/10 idx=2533] fc craft_obj=0.3402 linf=0.0314
    [standard] victims: v1 done, v2 done, v3 done, v4 done, v5 done
    [standard | frog-airplane t3/10 idx=2533] poison_CTA=0.8091 poison_ASR=100%
      [exact] CG iters used per surrogate: [100]
  [frog-airplane t4/10 idx=2130] fc craft_obj=0.6342 linf=0.0314
    [standard] victims: v1 done, v2 done, v3 done, v4 done, v5 done
    [standard | frog-airplane t4/10 idx=2130] poison_CTA=0.8059 poison_ASR=100%
      [exact] CG iters used per surrogate: [100]
  [frog-airplane t5/10 idx=5458] fc craft_obj=0.3565 linf=0.0314
    [standard] victims: v1 done, v2 done, v3 done, v4 done, v5 done
    [standard | frog-airplane t5/10 idx=5458] poison_CTA=0.8038 poison_ASR=100%
      [exact] CG iters used per surrogate: [100]
  [frog-airplane t6/10 idx=1644] fc craft_obj=0.3755 linf=0.0314
    [standard] victims: v1 done, v2 done, v3 done, v4 done, v5 done
    [standard | frog-airplane t6/10 idx=1644] poison_CTA=0.8055 poison_ASR=100%
      [exact] CG iters used per surrogate: [100]
  [frog-airplane t7/10 idx=7344] fc craft_obj=0.3142 linf=0.0314
    [standard] victims: v1 done, v2 done, v3 done, v4 done, v5 done
    [standard | frog-airplane t7/10 idx=7344] poison_CTA=0.8063 poison_ASR=100%
      [exact] CG iters used per surrogate: [100]
  [frog-airplane t8/10 idx=7446] fc craft_obj=0.4264 linf=0.0314
    [standard] victims: v1 done, v2 done, v3 done, v4 done, v5 done
    [standard | frog-airplane t8/10 idx=7446] poison_CTA=0.8083 poison_ASR=80%
      [exact] CG iters used per surrogate: [100]
  [frog-airplane t9/10 idx=5411] fc craft_obj=0.3470 linf=0.0314
    [standard] victims: v1 done, v2 done, v3 done, v4 done, v5 done
    [standard | frog-airplane t9/10 idx=5411] poison_CTA=0.8097 poison_ASR=100%
      [exact] CG iters used per surrogate: [100]
  [frog-airplane t10/10 idx=8542] fc craft_obj=0.3449 linf=0.0314
    [standard] victims: v1 done, v2 done, v3 done, v4 done, v5 done
    [standard | frog-airplane t10/10 idx=8542] poison_CTA=0.6707 poison_ASR=80%

  ==== pair frog-airplane (fc) summary over 10 targets x 5 victims = 50 votes ====
    [standard                    ] poison CTA = 0.7938 +/- 0.0994   poison ASR = 96.0% +/- 19.6%
      tally (['airplane', 'automobile', 'bird', 'cat', 'deer', 'dog', 'frog', 'horse', 'ship', 'truck']): [0, 0, 0, 0, 0, 1, 48, 1, 0, 0]


=== main_FC.sh started 2026-07-01 23:19:33 — logging to logs/main_FC_20260701_231933.log ===
=== [2026-07-01 23:19:33] budget=0.001 ===
[2026-07-01 23:19:35] --parallel_victims set but <2 GPUs in CUDA_VISIBLE_DEVICES ('0'); running victims sequentially
[2026-07-01 23:19:35] device=cuda
[2026-07-01 23:19:35] hyperparams: {'dataset': 'CIFAR10', 'data_path': '/home/mmoslem3/scratch/data', 'model': 'ResNet20BN', 'out_dir': 'result/standard_nodistill', 'seed': 0, 'target_idx_file': None, 'dsa_strategy': 'color_crop_cutout_flip_scale_rotate', 'syn_data_path': 'result/res_DM_CIFAR10_ConvNet_50ipc.pt', 'surrogate_model': 'ResNet20BN', 'num_surrogates': 4, 'surrogate_epochs': 80, 'surrogate_lr': 0.01, 'surrogate_bs': 256, 'attack': 'gradmatch', 'class_pairs': ['dog-bird'], 'budget': 0.001, 'epsilon': 0.0313725, 'pgd_steps': 100, 'pgd_alpha': 0.0039216, 'restarts': 4, 'lambda_margin': 1.0, 'num_targets': 10, 'num_victims': 5, 'target_select': 'random', 'easy_targets': True, 'target_cache_dir': 'result/target_cache', 'parallel_victims': True, 'victim_epochs': 40, 'victim_lr': 0.1, 'victim_bs': 256, 'victim_decay': [35], 'victim_aug': False, 'clean_baseline': False, 'num_clean_victims': None, 'cache_dir': '', 'precompute_only': False, 'base_dist': 'l2', 'random_select': True, 'multilayer': True, 'curv_select': False, 'lambda_curv': 1.0, 'curv_damping': 1.0, 'curv_cg_iters': 10, 'curv_hessian_bs': 512, 'curv_cand_bs': 128, 'exact_select': False, 'if_damping': 0.01, 'if_cg_iters': 100, 'if_cg_tol': 0.0001, 'if_fd_h': 0.01, 'if_last_layer': False, 'if_hess_source': 'syn', 'if_hess_size': 0, 'if_max_surrogates': 0, 'verbose': False, 'single_surrogate': True, 'fast_gradmatch': False, 'surrogate_on_full_data': True, 'victim_pipelines': ['standard'], 'poison_cache_dir': '', 'log_file': ''}
[2026-07-01 23:19:35] victim pipelines (ablations): ['standard']
[2026-07-01 23:19:47] N_total=50000  budget=0.0010 -> N_p=50 poisons (all in y_adv class)

[2026-07-01 23:19:48] === training 4 surrogates (ResNet20BN) on FULL real data (80 ep each) ===
[2026-07-01 23:21:40] Evaluate_00: epoch = 0080 train time = 112 s train loss = 0.000122 train acc = 1.0000, test acc = 0.8086
[2026-07-01 23:23:33] Evaluate_01: epoch = 0080 train time = 112 s train loss = 0.000084 train acc = 1.0000, test acc = 0.8095
[2026-07-01 23:25:25] Evaluate_02: epoch = 0080 train time = 112 s train loss = 0.000085 train acc = 1.0000, test acc = 0.8162
[2026-07-01 23:27:18] Evaluate_03: epoch = 0080 train time = 112 s train loss = 0.000085 train acc = 1.0000, test acc = 0.8088

[2026-07-01 23:27:18] ################ pair dog-bird : y_adv=5(dog)  target_class=2(bird) ################
  targets (easy, loaded cache result/target_cache/easy_targets_ResNet20BN_dog-bird_n10_seed0.json): [(1503, 'deer'), (4421, 'bird'), (2391, 'bird'), (1163, 'cat'), (9778, 'cat'), (6202, 'cat'), (3135, 'horse'), (8746, 'cat'), (3491, 'cat'), (4563, 'horse')]
  [dog-bird t1/10 idx=1503] gradmatch craft_obj=0.1449 linf=0.0314
    [standard] victims: v1 done, v2 done, v3 done, v4 done, v5 done
    [standard | dog-bird t1/10 idx=1503] poison_CTA=0.8298 poison_ASR=20%
  [dog-bird t2/10 idx=4421] gradmatch craft_obj=0.2025 linf=0.0314
    [standard] victims: v1 done, v2 done, v3 done, v4 done, v5 done
    [standard | dog-bird t2/10 idx=4421] poison_CTA=0.8320 poison_ASR=20%
  [dog-bird t3/10 idx=2391] gradmatch craft_obj=0.1349 linf=0.0314
    [standard] victims: v1 done, v2 done, v3 done, v4 done, v5 done
    [standard | dog-bird t3/10 idx=2391] poison_CTA=0.8328 poison_ASR=60%
  [dog-bird t4/10 idx=1163] gradmatch craft_obj=0.1335 linf=0.0314
    [standard] victims: v1 done, v2 done, v3 done, v4 done, v5 done
    [standard | dog-bird t4/10 idx=1163] poison_CTA=0.8311 poison_ASR=80%
  [dog-bird t5/10 idx=9778] gradmatch craft_obj=0.1283 linf=0.0314
    [standard] victims: v1 done, v2 done, v3 done, v4 done, v5 done
    [standard | dog-bird t5/10 idx=9778] poison_CTA=0.8292 poison_ASR=40%
  [dog-bird t6/10 idx=6202] gradmatch craft_obj=0.1496 linf=0.0314
    [standard] victims: v1 done, v2 done, v3 done, v4 done, v5 done
    [standard | dog-bird t6/10 idx=6202] poison_CTA=0.8316 poison_ASR=40%
  [dog-bird t7/10 idx=3135] gradmatch craft_obj=0.1244 linf=0.0314
    [standard] victims: v1 done, v2 done, v3 done, v4 done, v5 done
    [standard | dog-bird t7/10 idx=3135] poison_CTA=0.8308 poison_ASR=40%
  [dog-bird t8/10 idx=8746] gradmatch craft_obj=0.1666 linf=0.0314
    [standard] victims: v1 done, v2 done, v3 done, v4 done, v5 done
    [standard | dog-bird t8/10 idx=8746] poison_CTA=0.8284 poison_ASR=20%
  [dog-bird t9/10 idx=3491] gradmatch craft_obj=0.1330 linf=0.0314
    [standard] victims: v1 done, v2 done, v3 done, v4 done, v5 done
    [standard | dog-bird t9/10 idx=3491] poison_CTA=0.8335 poison_ASR=40%
  [dog-bird t10/10 idx=4563] gradmatch craft_obj=0.1541 linf=0.0314
    [standard] victims: v1 done, v2 done, v3 done, v4 done, v5 done
    [standard | dog-bird t10/10 idx=4563] poison_CTA=0.8314 poison_ASR=20%

  ==== pair dog-bird (gradmatch) summary over 10 targets x 5 victims = 50 votes ====
    [standard                    ] poison CTA = 0.8310 +/- 0.0042   poison ASR = 38.0% +/- 48.5%
      tally (['airplane', 'automobile', 'bird', 'cat', 'deer', 'dog', 'frog', 'horse', 'ship', 'truck']): [0, 0, 6, 12, 4, 19, 2, 7, 0, 0]

=== main_FC.sh started 2026-07-01 23:46:04 — logging to logs/main_FC_20260701_234604.log ===
=== [2026-07-01 23:46:04] budget=0.002 ===
[2026-07-01 23:46:07] device=cuda
[2026-07-01 23:46:07] hyperparams: {'dataset': 'CIFAR10', 'data_path': '/home/mmoslem3/scratch/data', 'model': 'VGG13BN', 'out_dir': 'result/standard_nodistill', 'seed': 0, 'target_idx_file': None, 'dsa_strategy': 'color_crop_cutout_flip_scale_rotate', 'syn_data_path': 'result/res_DM_CIFAR10_ConvNet_50ipc.pt', 'surrogate_model': 'VGG13BN', 'num_surrogates': 4, 'surrogate_epochs': 80, 'surrogate_lr': 0.01, 'surrogate_bs': 256, 'attack': 'gradmatch', 'class_pairs': ['dog-bird'], 'budget': 0.002, 'epsilon': 0.0313725, 'pgd_steps': 100, 'pgd_alpha': 0.0039216, 'restarts': 4, 'lambda_margin': 1.0, 'num_targets': 10, 'num_victims': 5, 'target_select': 'random', 'easy_targets': False, 'target_cache_dir': '', 'parallel_victims': False, 'victim_epochs': 40, 'victim_lr': 0.1, 'victim_bs': 256, 'victim_decay': [35], 'victim_aug': False, 'clean_baseline': False, 'num_clean_victims': None, 'cache_dir': '', 'precompute_only': False, 'base_dist': 'l2', 'random_select': False, 'multilayer': True, 'curv_select': False, 'lambda_curv': 1.0, 'curv_damping': 1.0, 'curv_cg_iters': 10, 'curv_hessian_bs': 512, 'curv_cand_bs': 128, 'exact_select': True, 'if_damping': 0.01, 'if_cg_iters': 100, 'if_cg_tol': 0.0001, 'if_fd_h': 0.01, 'if_last_layer': False, 'if_hess_source': 'syn', 'if_hess_size': 512, 'if_max_surrogates': 1, 'verbose': True, 'single_surrogate': True, 'fast_gradmatch': False, 'surrogate_on_full_data': True, 'victim_pipelines': ['standard'], 'poison_cache_dir': '', 'log_file': ''}
[2026-07-01 23:46:07] victim pipelines (ablations): ['standard']
[2026-07-01 23:46:19] N_total=50000  budget=0.0020 -> N_p=100 poisons (all in y_adv class)

[2026-07-01 23:46:19] === training 4 surrogates (VGG13BN) on FULL real data (80 ep each) ===
[2026-07-01 23:49:17] Evaluate_00: epoch = 0080 train time = 177 s train loss = 0.000006 train acc = 1.0000, test acc = 0.8596
[2026-07-01 23:52:16] Evaluate_01: epoch = 0080 train time = 177 s train loss = 0.000005 train acc = 1.0000, test acc = 0.8564
[2026-07-01 23:55:14] Evaluate_02: epoch = 0080 train time = 177 s train loss = 0.000004 train acc = 1.0000, test acc = 0.8594
[2026-07-01 23:58:13] Evaluate_03: epoch = 0080 train time = 177 s train loss = 0.000006 train acc = 1.0000, test acc = 0.8496
[2026-07-01 23:58:13] exact-IF Hessian set = 512 real train images

[2026-07-01 23:58:13] ################ pair dog-bird : y_adv=5(dog)  target_class=2(bird) ################
  targets (random): [430, 387, 6715, 7670, 9467, 2100, 7171, 4833, 5599, 2544]
      [exact] CG iters used per surrogate: [21]
  [dog-bird t1/10 idx=430] gradmatch craft_obj=0.2503 linf=0.0314
    [standard] victims: v1 done, v2 done, v3 done, v4 done, v5 done
    [standard | dog-bird t1/10 idx=430] poison_CTA=0.8457 poison_ASR=100%
      [exact] CG iters used per surrogate: [21]
  [dog-bird t2/10 idx=387] gradmatch craft_obj=0.2482 linf=0.0314
    [standard] victims: v1 done, v2 done, v3 done, v4 done, v5 done
    [standard | dog-bird t2/10 idx=387] poison_CTA=0.8387 poison_ASR=80%
      [exact] CG iters used per surrogate: [21]
  [dog-bird t3/10 idx=6715] gradmatch craft_obj=0.2277 linf=0.0314
    [standard] victims: v1 done, v2 done, v3 done, v4 done, v5 done
    [standard | dog-bird t3/10 idx=6715] poison_CTA=0.8473 poison_ASR=100%
      [exact] CG iters used per surrogate: [21]
  [dog-bird t4/10 idx=7670] gradmatch craft_obj=0.2484 linf=0.0314
    [standard] victims: v1 done, v2 done, v3 done, v4 done, v5 done
    [standard | dog-bird t4/10 idx=7670] poison_CTA=0.8418 poison_ASR=60%
      [exact] CG iters used per surrogate: [21]
  [dog-bird t5/10 idx=9467] gradmatch craft_obj=0.2959 linf=0.0314
    [standard] victims: v1 done, v2 done, v3 done, v4 done, v5 done
    [standard | dog-bird t5/10 idx=9467] poison_CTA=0.8439 poison_ASR=20%
      [exact] CG iters used per surrogate: [22]
  [dog-bird t6/10 idx=2100] gradmatch craft_obj=0.2573 linf=0.0314
    [standard] victims: v1 done, v2 done, v3 done, v4 done, v5 done
    [standard | dog-bird t6/10 idx=2100] poison_CTA=0.8453 poison_ASR=0%
      [exact] CG iters used per surrogate: [21]
  [dog-bird t7/10 idx=7171] gradmatch craft_obj=0.2566 linf=0.0314
    [standard] victims: v1 done, v2 done, v3 done, v4 done, v5 done
    [standard | dog-bird t7/10 idx=7171] poison_CTA=0.8524 poison_ASR=100%
      [exact] CG iters used per surrogate: [21]
  [dog-bird t8/10 idx=4833] gradmatch craft_obj=0.2252 linf=0.0314
    [standard] victims: v1 done, v2 done, v3 done, v4 done, v5 done
    [standard | dog-bird t8/10 idx=4833] poison_CTA=0.8451 poison_ASR=100%
      [exact] CG iters used per surrogate: [21]
  [dog-bird t9/10 idx=5599] gradmatch craft_obj=0.2445 linf=0.0314
    [standard] victims: v1 done, v2 done, v3 done, v4 done, v5 done
    [standard | dog-bird t9/10 idx=5599] poison_CTA=0.8555 poison_ASR=20%
      [exact] CG iters used per surrogate: [21]
  [dog-bird t10/10 idx=2544] gradmatch craft_obj=0.2119 linf=0.0314
    [standard] victims: v1 done, v2 done, v3 done, v4 done, v5 done
    [standard | dog-bird t10/10 idx=2544] poison_CTA=0.8412 poison_ASR=20%

  ==== pair dog-bird (gradmatch) summary over 10 targets x 5 victims = 50 votes ====
    [standard                    ] poison CTA = 0.8457 +/- 0.0089   poison ASR = 60.0% +/- 49.0%
      tally (['airplane', 'automobile', 'bird', 'cat', 'deer', 'dog', 'frog', 'horse', 'ship', 'truck']): [0, 0, 15, 0, 0, 30, 1, 4, 0, 0]

[2026-07-02 01:13:57] 

=== [2026-07-01 23:45:58] budget=0.005 ===
[2026-07-01 23:46:01] device=cuda
[2026-07-01 23:46:01] hyperparams: {'dataset': 'CIFAR10', 'data_path': '/home/mmoslem3/scratch/data', 'model': 'VGG13BN', 'out_dir': 'result/standard_nodistill', 'seed': 0, 'target_idx_file': None, 'dsa_strategy': 'color_crop_cutout_flip_scale_rotate', 'syn_data_path': 'result/res_DM_CIFAR10_ConvNet_50ipc.pt', 'surrogate_model': 'VGG13BN', 'num_surrogates': 4, 'surrogate_epochs': 80, 'surrogate_lr': 0.01, 'surrogate_bs': 256, 'attack': 'gradmatch', 'class_pairs': ['dog-bird'], 'budget': 0.005, 'epsilon': 0.0313725, 'pgd_steps': 100, 'pgd_alpha': 0.0039216, 'restarts': 4, 'lambda_margin': 1.0, 'num_targets': 10, 'num_victims': 5, 'target_select': 'random', 'easy_targets': False, 'target_cache_dir': '', 'parallel_victims': False, 'victim_epochs': 40, 'victim_lr': 0.1, 'victim_bs': 256, 'victim_decay': [35], 'victim_aug': False, 'clean_baseline': False, 'num_clean_victims': None, 'cache_dir': '', 'precompute_only': False, 'base_dist': 'l2', 'random_select': False, 'multilayer': True, 'curv_select': False, 'lambda_curv': 1.0, 'curv_damping': 1.0, 'curv_cg_iters': 10, 'curv_hessian_bs': 512, 'curv_cand_bs': 128, 'exact_select': True, 'if_damping': 0.01, 'if_cg_iters': 100, 'if_cg_tol': 0.0001, 'if_fd_h': 0.01, 'if_last_layer': False, 'if_hess_source': 'syn', 'if_hess_size': 512, 'if_max_surrogates': 1, 'verbose': True, 'single_surrogate': True, 'fast_gradmatch': False, 'surrogate_on_full_data': True, 'victim_pipelines': ['standard'], 'poison_cache_dir': '', 'log_file': ''}
[2026-07-01 23:46:01] victim pipelines (ablations): ['standard']
[2026-07-01 23:46:13] N_total=50000  budget=0.0050 -> N_p=250 poisons (all in y_adv class)

[2026-07-01 23:46:13] === training 4 surrogates (VGG13BN) on FULL real data (80 ep each) ===
[2026-07-01 23:49:08] Evaluate_00: epoch = 0080 train time = 174 s train loss = 0.000006 train acc = 1.0000, test acc = 0.8543
[2026-07-01 23:52:04] Evaluate_01: epoch = 0080 train time = 174 s train loss = 0.000005 train acc = 1.0000, test acc = 0.8587
[2026-07-01 23:54:59] Evaluate_02: epoch = 0080 train time = 174 s train loss = 0.000006 train acc = 1.0000, test acc = 0.8559
[2026-07-01 23:57:55] Evaluate_03: epoch = 0080 train time = 174 s train loss = 0.000005 train acc = 1.0000, test acc = 0.8582
[2026-07-01 23:57:55] exact-IF Hessian set = 512 real train images

[2026-07-01 23:57:55] ################ pair dog-bird : y_adv=5(dog)  target_class=2(bird) ################
  targets (random): [430, 387, 6715, 7670, 9467, 2100, 7171, 4833, 5599, 2544]
      [exact] CG iters used per surrogate: [23]
  [dog-bird t1/10 idx=430] gradmatch craft_obj=0.2588 linf=0.0314
    [standard] victims: v1 done, v2 done, v3 done, v4 done, v5 done
    [standard | dog-bird t1/10 idx=430] poison_CTA=0.8463 poison_ASR=100%
      [exact] CG iters used per surrogate: [23]
  [dog-bird t2/10 idx=387] gradmatch craft_obj=0.2609 linf=0.0314
    [standard] victims: v1 done, v2 done, v3 done, v4 done, v5 done
    [standard | dog-bird t2/10 idx=387] poison_CTA=0.8507 poison_ASR=100%
      [exact] CG iters used per surrogate: [23]
  [dog-bird t3/10 idx=6715] gradmatch craft_obj=0.2404 linf=0.0314
    [standard] victims: v1 done, v2 done, v3 done, v4 done, v5 done
    [standard | dog-bird t3/10 idx=6715] poison_CTA=0.8432 poison_ASR=100%
      [exact] CG iters used per surrogate: [22]
  [dog-bird t4/10 idx=7670] gradmatch craft_obj=0.2614 linf=0.0314
    [standard] victims: v1 done, v2 done, v3 done, v4 done, v5 done
    [standard | dog-bird t4/10 idx=7670] poison_CTA=0.8482 poison_ASR=100%
      [exact] CG iters used per surrogate: [24]
  [dog-bird t5/10 idx=9467] gradmatch craft_obj=0.2679 linf=0.0314
    [standard] victims: v1 done, v2 done, v3 done, v4 done, v5 done
    [standard | dog-bird t5/10 idx=9467] poison_CTA=0.8453 poison_ASR=100%
      [exact] CG iters used per surrogate: [23]
  [dog-bird t6/10 idx=2100] gradmatch craft_obj=0.2692 linf=0.0314
    [standard] victims: v1 done, v2 done, v3 done, v4 done, v5 done
    [standard | dog-bird t6/10 idx=2100] poison_CTA=0.8493 poison_ASR=80%
      [exact] CG iters used per surrogate: [23]
  [dog-bird t7/10 idx=7171] gradmatch craft_obj=0.2371 linf=0.0314
    [standard] victims: v1 done, v2 done, v3 done, v4 done, v5 done
    [standard | dog-bird t7/10 idx=7171] poison_CTA=0.8395 poison_ASR=100%
      [exact] CG iters used per surrogate: [24]
  [dog-bird t8/10 idx=4833] gradmatch craft_obj=0.2593 linf=0.0314
    [standard] victims: v1 done, v2 done, v3 done, v4 done, v5 done
    [standard | dog-bird t8/10 idx=4833] poison_CTA=0.8474 poison_ASR=100%
      [exact] CG iters used per surrogate: [23]
  [dog-bird t9/10 idx=5599] gradmatch craft_obj=0.2333 linf=0.0314
    [standard] victims: v1 done, v2 done, v3 done, v4 done, v5 done
    [standard | dog-bird t9/10 idx=5599] poison_CTA=0.8470 poison_ASR=100%
      [exact] CG iters used per surrogate: [23]
  [dog-bird t10/10 idx=2544] gradmatch craft_obj=0.2251 linf=0.0314
    [standard] victims: v1 done, v2 done, v3 done, v4 done, v5 done
    [standard | dog-bird t10/10 idx=2544] poison_CTA=0.8454 poison_ASR=40%

  ==== pair dog-bird (gradmatch) summary over 10 targets x 5 victims = 50 votes ====
    [standard                    ] poison CTA = 0.8462 +/- 0.0095   poison ASR = 92.0% +/- 27.1%
      tally (['airplane', 'automobile', 'bird', 'cat', 'deer', 'dog', 'frog', 'horse', 'ship', 'truck']): [0, 0, 4, 0, 0, 46, 0, 0, 0, 0]


=== main_FC.sh started 2026-07-01 23:45:51 — logging to logs/main_FC_20260701_234551.log ===
=== [2026-07-01 23:45:51] budget=0.01 ===
[2026-07-01 23:45:54] device=cuda
[2026-07-01 23:45:54] hyperparams: {'dataset': 'CIFAR10', 'data_path': '/home/mmoslem3/scratch/data', 'model': 'VGG13BN', 'out_dir': 'result/standard_nodistill', 'seed': 0, 'target_idx_file': None, 'dsa_strategy': 'color_crop_cutout_flip_scale_rotate', 'syn_data_path': 'result/res_DM_CIFAR10_ConvNet_50ipc.pt', 'surrogate_model': 'VGG13BN', 'num_surrogates': 4, 'surrogate_epochs': 80, 'surrogate_lr': 0.01, 'surrogate_bs': 256, 'attack': 'gradmatch', 'class_pairs': ['dog-bird'], 'budget': 0.01, 'epsilon': 0.0313725, 'pgd_steps': 100, 'pgd_alpha': 0.0039216, 'restarts': 4, 'lambda_margin': 1.0, 'num_targets': 10, 'num_victims': 5, 'target_select': 'random', 'easy_targets': False, 'target_cache_dir': '', 'parallel_victims': False, 'victim_epochs': 40, 'victim_lr': 0.1, 'victim_bs': 256, 'victim_decay': [35], 'victim_aug': False, 'clean_baseline': False, 'num_clean_victims': None, 'cache_dir': '', 'precompute_only': False, 'base_dist': 'l2', 'random_select': False, 'multilayer': True, 'curv_select': False, 'lambda_curv': 1.0, 'curv_damping': 1.0, 'curv_cg_iters': 10, 'curv_hessian_bs': 512, 'curv_cand_bs': 128, 'exact_select': True, 'if_damping': 0.01, 'if_cg_iters': 100, 'if_cg_tol': 0.0001, 'if_fd_h': 0.01, 'if_last_layer': False, 'if_hess_source': 'syn', 'if_hess_size': 512, 'if_max_surrogates': 1, 'verbose': True, 'single_surrogate': True, 'fast_gradmatch': False, 'surrogate_on_full_data': True, 'victim_pipelines': ['standard'], 'poison_cache_dir': '', 'log_file': ''}
[2026-07-01 23:45:54] victim pipelines (ablations): ['standard']
[2026-07-01 23:46:06] N_total=50000  budget=0.0100 -> N_p=500 poisons (all in y_adv class)

[2026-07-01 23:46:06] === training 4 surrogates (VGG13BN) on FULL real data (80 ep each) ===
[2026-07-01 23:49:05] Evaluate_00: epoch = 0080 train time = 177 s train loss = 0.000005 train acc = 1.0000, test acc = 0.8590
[2026-07-01 23:52:04] Evaluate_01: epoch = 0080 train time = 178 s train loss = 0.000005 train acc = 1.0000, test acc = 0.8532
[2026-07-01 23:55:04] Evaluate_02: epoch = 0080 train time = 178 s train loss = 0.000005 train acc = 1.0000, test acc = 0.8613
[2026-07-01 23:58:03] Evaluate_03: epoch = 0080 train time = 178 s train loss = 0.000005 train acc = 1.0000, test acc = 0.8606
[2026-07-01 23:58:03] exact-IF Hessian set = 512 real train images

[2026-07-01 23:58:03] ################ pair dog-bird : y_adv=5(dog)  target_class=2(bird) ################
  targets (random): [430, 387, 6715, 7670, 9467, 2100, 7171, 4833, 5599, 2544]
      [exact] CG iters used per surrogate: [21]
  [dog-bird t1/10 idx=430] gradmatch craft_obj=0.2510 linf=0.0314
    [standard] victims: v1 done, v2 done, v3 done, v4 done, v5 done
    [standard | dog-bird t1/10 idx=430] poison_CTA=0.8520 poison_ASR=100%
      [exact] CG iters used per surrogate: [21]
  [dog-bird t2/10 idx=387] gradmatch craft_obj=0.2666 linf=0.0314
    [standard] victims: v1 done, v2 done, v3 done, v4 done, v5 done
    [standard | dog-bird t2/10 idx=387] poison_CTA=0.8444 poison_ASR=80%
      [exact] CG iters used per surrogate: [21]
  [dog-bird t3/10 idx=6715] gradmatch craft_obj=0.2373 linf=0.0314
    [standard] victims: v1 done, v2 done, v3 done, v4 done, v5 done
    [standard | dog-bird t3/10 idx=6715] poison_CTA=0.8438 poison_ASR=100%
      [exact] CG iters used per surrogate: [20]
  [dog-bird t4/10 idx=7670] gradmatch craft_obj=0.2849 linf=0.0314
    [standard] victims: v1 done, v2 done, v3 done, v4 done, v5 done
    [standard | dog-bird t4/10 idx=7670] poison_CTA=0.8441 poison_ASR=100%
      [exact] CG iters used per surrogate: [20]
  [dog-bird t5/10 idx=9467] gradmatch craft_obj=0.2765 linf=0.0314
    [standard] victims: v1 done, v2 done, v3 done, v4 done, v5 done
    [standard | dog-bird t5/10 idx=9467] poison_CTA=0.8420 poison_ASR=80%
      [exact] CG iters used per surrogate: [20]
  [dog-bird t6/10 idx=2100] gradmatch craft_obj=0.2654 linf=0.0314
    [standard] victims: v1 done, v2 done, v3 done, v4 done, v5 done
    [standard | dog-bird t6/10 idx=2100] poison_CTA=0.8499 poison_ASR=100%
      [exact] CG iters used per surrogate: [20]
  [dog-bird t7/10 idx=7171] gradmatch craft_obj=0.2606 linf=0.0314
    [standard] victims: v1 done, v2 done, v3 done, v4 done, v5 done
    [standard | dog-bird t7/10 idx=7171] poison_CTA=0.8439 poison_ASR=100%
      [exact] CG iters used per surrogate: [21]
  [dog-bird t8/10 idx=4833] gradmatch craft_obj=0.2726 linf=0.0314
    [standard] victims: v1 done, v2 done, v3 done, v4 done, v5 done
    [standard | dog-bird t8/10 idx=4833] poison_CTA=0.8438 poison_ASR=100%
      [exact] CG iters used per surrogate: [20]
  [dog-bird t9/10 idx=5599] gradmatch craft_obj=0.2558 linf=0.0314
    [standard] victims: v1 done, v2 done, v3 done, v4 done, v5 done
    [standard | dog-bird t9/10 idx=5599] poison_CTA=0.8416 poison_ASR=100%
      [exact] CG iters used per surrogate: [20]
  [dog-bird t10/10 idx=2544] gradmatch craft_obj=0.2254 linf=0.0314
    [standard] victims: v1 done, v2 done, v3 done, v4 done, v5 done
    [standard | dog-bird t10/10 idx=2544] poison_CTA=0.8513 poison_ASR=40%

  ==== pair dog-bird (gradmatch) summary over 10 targets x 5 victims = 50 votes ====
    [standard                    ] poison CTA = 0.8457 +/- 0.0085   poison ASR = 90.0% +/- 30.0%
      tally (['airplane', 'automobile', 'bird', 'cat', 'deer', 'dog', 'frog', 'horse', 'ship', 'truck']): [0, 0, 4, 0, 0, 45, 0, 1, 0, 0]


      (ENV) mmoslem3@rack06-08:~/scratch/DD-attack$ sh main_FC.sh 
=== main_FC.sh started 2026-07-01 23:45:45 — logging to logs/main_FC_20260701_234545.log ===
=== [2026-07-01 23:45:45] budget=0.02 ===
[2026-07-01 23:45:48] device=cuda
[2026-07-01 23:45:48] hyperparams: {'dataset': 'CIFAR10', 'data_path': '/home/mmoslem3/scratch/data', 'model': 'VGG13BN', 'out_dir': 'result/standard_nodistill', 'seed': 0, 'target_idx_file': None, 'dsa_strategy': 'color_crop_cutout_flip_scale_rotate', 'syn_data_path': 'result/res_DM_CIFAR10_ConvNet_50ipc.pt', 'surrogate_model': 'VGG13BN', 'num_surrogates': 4, 'surrogate_epochs': 80, 'surrogate_lr': 0.01, 'surrogate_bs': 256, 'attack': 'gradmatch', 'class_pairs': ['dog-bird'], 'budget': 0.02, 'epsilon': 0.0313725, 'pgd_steps': 100, 'pgd_alpha': 0.0039216, 'restarts': 4, 'lambda_margin': 1.0, 'num_targets': 10, 'num_victims': 5, 'target_select': 'random', 'easy_targets': False, 'target_cache_dir': '', 'parallel_victims': False, 'victim_epochs': 40, 'victim_lr': 0.1, 'victim_bs': 256, 'victim_decay': [35], 'victim_aug': False, 'clean_baseline': False, 'num_clean_victims': None, 'cache_dir': '', 'precompute_only': False, 'base_dist': 'l2', 'random_select': False, 'multilayer': True, 'curv_select': False, 'lambda_curv': 1.0, 'curv_damping': 1.0, 'curv_cg_iters': 10, 'curv_hessian_bs': 512, 'curv_cand_bs': 128, 'exact_select': True, 'if_damping': 0.01, 'if_cg_iters': 100, 'if_cg_tol': 0.0001, 'if_fd_h': 0.01, 'if_last_layer': False, 'if_hess_source': 'syn', 'if_hess_size': 512, 'if_max_surrogates': 1, 'verbose': True, 'single_surrogate': True, 'fast_gradmatch': False, 'surrogate_on_full_data': True, 'victim_pipelines': ['standard'], 'poison_cache_dir': '', 'log_file': ''}
[2026-07-01 23:45:48] victim pipelines (ablations): ['standard']
[2026-07-01 23:46:00] N_total=50000  budget=0.0200 -> N_p=1000 poisons (all in y_adv class)

[2026-07-01 23:46:00] === training 4 surrogates (VGG13BN) on FULL real data (80 ep each) ===
[2026-07-01 23:48:58] Evaluate_00: epoch = 0080 train time = 176 s train loss = 0.000006 train acc = 1.0000, test acc = 0.8580
[2026-07-01 23:51:56] Evaluate_01: epoch = 0080 train time = 177 s train loss = 0.000005 train acc = 1.0000, test acc = 0.8562
[2026-07-01 23:54:54] Evaluate_02: epoch = 0080 train time = 177 s train loss = 0.000005 train acc = 1.0000, test acc = 0.8546
[2026-07-01 23:57:53] Evaluate_03: epoch = 0080 train time = 177 s train loss = 0.000005 train acc = 1.0000, test acc = 0.8553
[2026-07-01 23:57:53] exact-IF Hessian set = 512 real train images

[2026-07-01 23:57:53] ################ pair dog-bird : y_adv=5(dog)  target_class=2(bird) ################
  targets (random): [430, 387, 6715, 7670, 9467, 2100, 7171, 4833, 5599, 2544]
      [exact] CG iters used per surrogate: [23]
  [dog-bird t1/10 idx=430] gradmatch craft_obj=0.2473 linf=0.0314
    [standard] victims: v1 done, v2 done, v3 done, v4 done, v5 done
    [standard | dog-bird t1/10 idx=430] poison_CTA=0.8480 poison_ASR=100%
      [exact] CG iters used per surrogate: [23]
  [dog-bird t2/10 idx=387] gradmatch craft_obj=0.2442 linf=0.0314
    [standard] victims: v1 done, v2 done, v3 done, v4 done, v5 done
    [standard | dog-bird t2/10 idx=387] poison_CTA=0.8487 poison_ASR=100%
      [exact] CG iters used per surrogate: [23]
  [dog-bird t3/10 idx=6715] gradmatch craft_obj=0.2463 linf=0.0314
    [standard] victims: v1 done, v2 done, v3 done, v4 done, v5 done
    [standard | dog-bird t3/10 idx=6715] poison_CTA=0.8430 poison_ASR=100%
      [exact] CG iters used per surrogate: [23]
  [dog-bird t4/10 idx=7670] gradmatch craft_obj=0.2691 linf=0.0314
    [standard] victims: v1 done, v2 done, v3 done, v4 done, v5 done
    [standard | dog-bird t4/10 idx=7670] poison_CTA=0.8472 poison_ASR=100%
      [exact] CG iters used per surrogate: [23]
  [dog-bird t5/10 idx=9467] gradmatch craft_obj=0.2808 linf=0.0314
    [standard] victims: v1 done, v2 done, v3 done, v4 done, v5 done
    [standard | dog-bird t5/10 idx=9467] poison_CTA=0.8433 poison_ASR=100%
      [exact] CG iters used per surrogate: [23]
  [dog-bird t6/10 idx=2100] gradmatch craft_obj=0.2937 linf=0.0314
    [standard] victims: v1 done, v2 done, v3 done, v4 done, v5 done
    [standard | dog-bird t6/10 idx=2100] poison_CTA=0.8449 poison_ASR=100%
      [exact] CG iters used per surrogate: [23]
  [dog-bird t7/10 idx=7171] gradmatch craft_obj=0.2486 linf=0.0314
    [standard] victims: v1 done, v2 done, v3 done, v4 done, v5 done
    [standard | dog-bird t7/10 idx=7171] poison_CTA=0.8510 poison_ASR=100%
      [exact] CG iters used per surrogate: [23]
  [dog-bird t8/10 idx=4833] gradmatch craft_obj=0.2235 linf=0.0314
    [standard] victims: v1 done, v2 done, v3 done, v4 done, v5 done
    [standard | dog-bird t8/10 idx=4833] poison_CTA=0.8497 poison_ASR=100%
      [exact] CG iters used per surrogate: [23]
  [dog-bird t9/10 idx=5599] gradmatch craft_obj=0.2360 linf=0.0314
    [standard] victims: v1 done, v2 done, v3 done, v4 done, v5 done
    [standard | dog-bird t9/10 idx=5599] poison_CTA=0.8432 poison_ASR=100%
      [exact] CG iters used per surrogate: [23]
  [dog-bird t10/10 idx=2544] gradmatch craft_obj=0.2200 linf=0.0314
    [standard] victims: v1 done, v2 done, v3 done, v4 done, v5 done
    [standard | dog-bird t10/10 idx=2544] poison_CTA=0.8474 poison_ASR=40%

  ==== pair dog-bird (gradmatch) summary over 10 targets x 5 victims = 50 votes ====
    [standard                    ] poison CTA = 0.8466 +/- 0.0085   poison ASR = 94.0% +/- 23.7%
      tally (['airplane', 'automobile', 'bird', 'cat', 'deer', 'dog', 'frog', 'horse', 'ship', 'truck']): [0, 0, 3, 0, 0, 47, 0, 0, 0, 0]



=== main_FC.sh started 2026-07-01 23:45:40 — logging to logs/main_FC_20260701_234540.log ===
=== [2026-07-01 23:45:40] budget=0.05 ===
[2026-07-01 23:45:43] device=cuda
[2026-07-01 23:45:43] hyperparams: {'dataset': 'CIFAR10', 'data_path': '/home/mmoslem3/scratch/data', 'model': 'VGG13BN', 'out_dir': 'result/standard_nodistill', 'seed': 0, 'target_idx_file': None, 'dsa_strategy': 'color_crop_cutout_flip_scale_rotate', 'syn_data_path': 'result/res_DM_CIFAR10_ConvNet_50ipc.pt', 'surrogate_model': 'VGG13BN', 'num_surrogates': 4, 'surrogate_epochs': 80, 'surrogate_lr': 0.01, 'surrogate_bs': 256, 'attack': 'gradmatch', 'class_pairs': ['dog-bird'], 'budget': 0.05, 'epsilon': 0.0313725, 'pgd_steps': 100, 'pgd_alpha': 0.0039216, 'restarts': 4, 'lambda_margin': 1.0, 'num_targets': 10, 'num_victims': 5, 'target_select': 'random', 'easy_targets': False, 'target_cache_dir': '', 'parallel_victims': False, 'victim_epochs': 40, 'victim_lr': 0.1, 'victim_bs': 256, 'victim_decay': [35], 'victim_aug': False, 'clean_baseline': False, 'num_clean_victims': None, 'cache_dir': '', 'precompute_only': False, 'base_dist': 'l2', 'random_select': False, 'multilayer': True, 'curv_select': False, 'lambda_curv': 1.0, 'curv_damping': 1.0, 'curv_cg_iters': 10, 'curv_hessian_bs': 512, 'curv_cand_bs': 128, 'exact_select': True, 'if_damping': 0.01, 'if_cg_iters': 100, 'if_cg_tol': 0.0001, 'if_fd_h': 0.01, 'if_last_layer': False, 'if_hess_source': 'syn', 'if_hess_size': 512, 'if_max_surrogates': 1, 'verbose': True, 'single_surrogate': True, 'fast_gradmatch': False, 'surrogate_on_full_data': True, 'victim_pipelines': ['standard'], 'poison_cache_dir': '', 'log_file': ''}
[2026-07-01 23:45:43] victim pipelines (ablations): ['standard']
[2026-07-01 23:45:55] N_total=50000  budget=0.0500 -> N_p=2500 poisons (all in y_adv class)

[2026-07-01 23:45:55] === training 4 surrogates (VGG13BN) on FULL real data (80 ep each) ===
[2026-07-01 23:48:53] Evaluate_00: epoch = 0080 train time = 177 s train loss = 0.000005 train acc = 1.0000, test acc = 0.8556
[2026-07-01 23:51:52] Evaluate_01: epoch = 0080 train time = 177 s train loss = 0.000005 train acc = 1.0000, test acc = 0.8560
[2026-07-01 23:54:51] Evaluate_02: epoch = 0080 train time = 177 s train loss = 0.000005 train acc = 1.0000, test acc = 0.8570
[2026-07-01 23:57:50] Evaluate_03: epoch = 0080 train time = 178 s train loss = 0.000005 train acc = 1.0000, test acc = 0.8572
[2026-07-01 23:57:50] exact-IF Hessian set = 512 real train images

[2026-07-01 23:57:50] ################ pair dog-bird : y_adv=5(dog)  target_class=2(bird) ################
  targets (random): [430, 387, 6715, 7670, 9467, 2100, 7171, 4833, 5599, 2544]
      [exact] CG iters used per surrogate: [22]
  [dog-bird t1/10 idx=430] gradmatch craft_obj=0.2654 linf=0.0314
    [standard] victims: v1 done, v2 done, v3 done, v4 done, v5 done
    [standard | dog-bird t1/10 idx=430] poison_CTA=0.8453 poison_ASR=100%
      [exact] CG iters used per surrogate: [21]
  [dog-bird t2/10 idx=387] gradmatch craft_obj=0.2603 linf=0.0314
    [standard] victims: v1 done, v2 done, v3 done, v4 done, v5 done
    [standard | dog-bird t2/10 idx=387] poison_CTA=0.8447 poison_ASR=100%
      [exact] CG iters used per surrogate: [22]
  [dog-bird t3/10 idx=6715] gradmatch craft_obj=0.2382 linf=0.0314
    [standard] victims: v1 done, v2 done, v3 done, v4 done, v5 done
    [standard | dog-bird t3/10 idx=6715] poison_CTA=0.8367 poison_ASR=100%
      [exact] CG iters used per surrogate: [22]
  [dog-bird t4/10 idx=7670] gradmatch craft_obj=0.2588 linf=0.0314
    [standard] victims: v1 done, v2 done, v3 done, v4 done, v5 done
    [standard | dog-bird t4/10 idx=7670] poison_CTA=0.8415 poison_ASR=100%
      [exact] CG iters used per surrogate: [22]
  [dog-bird t5/10 idx=9467] gradmatch craft_obj=0.2762 linf=0.0314
    [standard] victims: v1 done, v2 done, v3 done, v4 done, v5 done
    [standard | dog-bird t5/10 idx=9467] poison_CTA=0.8454 poison_ASR=100%
      [exact] CG iters used per surrogate: [22]
  [dog-bird t6/10 idx=2100] gradmatch craft_obj=0.2842 linf=0.0314
    [standard] victims: v1 done, v2 done, v3 done, v4 done, v5 done
    [standard | dog-bird t6/10 idx=2100] poison_CTA=0.8405 poison_ASR=100%
      [exact] CG iters used per surrogate: [22]
  [dog-bird t7/10 idx=7171] gradmatch craft_obj=0.2695 linf=0.0314
    [standard] victims: v1 done, v2 done, v3 done, v4 done, v5 done
    [standard | dog-bird t7/10 idx=7171] poison_CTA=0.8379 poison_ASR=100%
      [exact] CG iters used per surrogate: [22]
  [dog-bird t8/10 idx=4833] gradmatch craft_obj=0.2359 linf=0.0314
    [standard] victims: v1 done, v2 done, v3 done, v4 done, v5 done
    [standard | dog-bird t8/10 idx=4833] poison_CTA=0.8395 poison_ASR=100%
      [exact] CG iters used per surrogate: [22]
  [dog-bird t9/10 idx=5599] gradmatch craft_obj=0.2239 linf=0.0314
    [standard] victims: v1 done, v2 done, v3 done, v4 done, v5 done
    [standard | dog-bird t9/10 idx=5599] poison_CTA=0.8407 poison_ASR=100%
      [exact] CG iters used per surrogate: [22]
  [dog-bird t10/10 idx=2544] gradmatch craft_obj=0.2424 linf=0.0314
    [standard] victims: v1 done, v2 done, v3 done, v4 done, v5 done
    [standard | dog-bird t10/10 idx=2544] poison_CTA=0.8443 poison_ASR=100%

  ==== pair dog-bird (gradmatch) summary over 10 targets x 5 victims = 50 votes ====
    [standard                    ] poison CTA = 0.8416 +/- 0.0083   poison ASR = 100.0% +/- 0.0%
      tally (['airplane', 'automobile', 'bird', 'cat', 'deer', 'dog', 'frog', 'horse', 'ship', 'truck']): [0, 0, 0, 0, 0, 50, 0, 0, 0, 0]

[2026-07-02 01:52:38] wrote results_standard_nodistill_gradmatch_VGG13BN_b500_eps8.{json,csv} to result/standard_nodistill
=== main_FC.sh finished 2026-07-02 01:52:39 — log: logs/main_FC_2




=== [2026-07-02 11:13:43] budget=0.001 ===
[2026-07-02 11:13:48] device=cuda
[2026-07-02 11:13:48] hyperparams: {'dataset': 'CIFAR10', 'data_path': '/home/mmoslem3/scratch/data', 'model': 'ConvNetBN', 'out_dir': 'result/standard_nodistill', 'seed': 0, 'target_idx_file': None, 'dsa_strategy': 'color_crop_cutout_flip_scale_rotate', 'syn_data_path': 'result/res_DM_CIFAR10_ConvNet_50ipc.pt', 'surrogate_model': 'ConvNetBN', 'num_surrogates': 4, 'surrogate_epochs': 80, 'surrogate_lr': 0.01, 'surrogate_bs': 256, 'attack': 'fc', 'class_pairs': ['frog-airplane'], 'budget': 0.001, 'epsilon': 0.0313725, 'pgd_steps': 100, 'pgd_alpha': 0.0039216, 'restarts': 1, 'lambda_margin': 1.0, 'num_targets': 10, 'num_victims': 5, 'target_select': 'random', 'easy_targets': True, 'target_cache_dir': 'result/target_cache', 'parallel_victims': False, 'victim_epochs': 40, 'victim_lr': 0.1, 'victim_bs': 256, 'victim_decay': [35], 'victim_aug': False, 'clean_baseline': False, 'num_clean_victims': None, 'cache_dir': '', 'precompute_only': False, 'base_dist': 'l2', 'random_select': False, 'multilayer': True, 'curv_select': False, 'lambda_curv': 1.0, 'curv_damping': 1.0, 'curv_cg_iters': 10, 'curv_hessian_bs': 512, 'curv_cand_bs': 128, 'exact_select': True, 'if_damping': 0.01, 'if_cg_iters': 100, 'if_cg_tol': 0.0001, 'if_fd_h': 0.01, 'if_last_layer': False, 'if_hess_source': 'syn', 'if_hess_size': 512, 'if_max_surrogates': 1, 'verbose': True, 'single_surrogate': True, 'fast_gradmatch': False, 'surrogate_on_full_data': True, 'victim_pipelines': ['standard'], 'poison_cache_dir': '', 'log_file': ''}
[2026-07-02 11:13:48] victim pipelines (ablations): ['standard']
[2026-07-02 11:14:01] N_total=50000  budget=0.0010 -> N_p=50 poisons (all in y_adv class)

[2026-07-02 11:14:01] === training 4 surrogates (ConvNetBN) on FULL real data (80 ep each) ===
[2026-07-02 11:15:44] Evaluate_00: epoch = 0080 train time = 102 s train loss = 0.002412 train acc = 1.0000, test acc = 0.8356
[2026-07-02 11:17:26] Evaluate_01: epoch = 0080 train time = 101 s train loss = 0.002455 train acc = 1.0000, test acc = 0.8241
[2026-07-02 11:19:08] Evaluate_02: epoch = 0080 train time = 101 s train loss = 0.002273 train acc = 1.0000, test acc = 0.8314
[2026-07-02 11:20:50] Evaluate_03: epoch = 0080 train time = 101 s train loss = 0.002419 train acc = 1.0000, test acc = 0.8287
[2026-07-02 11:20:50] exact-IF Hessian set = 512 real train images

[2026-07-02 11:20:50] ################ pair frog-airplane : y_adv=6(frog)  target_class=0(airplane) ################
  targets (easy, loaded cache result/target_cache/easy_targets_ConvNetBN_frog-airplane_n10_seed0.json): [(2442, 'deer'), (4903, 'bird'), (2533, 'ship'), (2130, 'airplane'), (5458, 'cat'), (1644, 'bird'), (7344, 'deer'), (7446, 'dog'), (5411, 'bird'), (8542, 'bird')]
      [exact] CG iters used per surrogate: [100]
  [frog-airplane t1/10 idx=2442] fc craft_obj=0.2865 linf=0.0314
    [standard] victims: v1 done, v2 done, v3 done, v4 done, v5 done
    [standard | frog-airplane t1/10 idx=2442] poison_CTA=0.8129 poison_ASR=80%
      [exact] CG iters used per surrogate: [100]
  [frog-airplane t2/10 idx=4903] fc craft_obj=0.2778 linf=0.0314
    [standard] victims: v1 done, v2 done, v3 done, v4 done, v5 done
    [standard | frog-airplane t2/10 idx=4903] poison_CTA=0.8151 poison_ASR=100%
      [exact] CG iters used per surrogate: [100]
  [frog-airplane t3/10 idx=2533] fc craft_obj=0.3670 linf=0.0314
    [standard] victims: v1 done, v2 done, v3 done, v4 done, v5 done
    [standard | frog-airplane t3/10 idx=2533] poison_CTA=0.8064 poison_ASR=100%
      [exact] CG iters used per surrogate: [100]
  [frog-airplane t4/10 idx=2130] fc craft_obj=0.7006 linf=0.0314
    [standard] victims: v1 done, v2 done, v3 done, v4 done, v5 done
    [standard | frog-airplane t4/10 idx=2130] poison_CTA=0.8122 poison_ASR=20%
      [exact] CG iters used per surrogate: [100]
  [frog-airplane t5/10 idx=5458] fc craft_obj=0.3328 linf=0.0314
    [standard] victims: v1 done, v2 done, v3 done, v4 done, v5 done
    [standard | frog-airplane t5/10 idx=5458] poison_CTA=0.8003 poison_ASR=100%
      [exact] CG iters used per surrogate: [100]
  [frog-airplane t6/10 idx=1644] fc craft_obj=0.2961 linf=0.0314
    [standard] victims: v1 done, v2 done, v3 done, v4 done, v5 done
    [standard | frog-airplane t6/10 idx=1644] poison_CTA=0.8107 poison_ASR=100%
      [exact] CG iters used per surrogate: [100]
  [frog-airplane t7/10 idx=7344] fc craft_obj=0.2697 linf=0.0314
    [standard] victims: v1 done, v2 done, v3 done, v4 done, v5 done
    [standard | frog-airplane t7/10 idx=7344] poison_CTA=0.8106 poison_ASR=100%
      [exact] CG iters used per surrogate: [100]
  [frog-airplane t8/10 idx=7446] fc craft_obj=0.3764 linf=0.0314
    [standard] victims: v1 done, v2 done, v3 done, v4 done, v5 done
    [standard | frog-airplane t8/10 idx=7446] poison_CTA=0.8075 poison_ASR=20%
      [exact] CG iters used per surrogate: [100]
  [frog-airplane t9/10 idx=5411] fc craft_obj=0.4077 linf=0.0314
    [standard] victims: v1 done, v2 done, v3 done, v4 done, v5 done
    [standard | frog-airplane t9/10 idx=5411] poison_CTA=0.8104 poison_ASR=60%
      [exact] CG iters used per surrogate: [100]
  [frog-airplane t10/10 idx=8542] fc craft_obj=0.2959 linf=0.0314
    [standard] victims: v1 done, v2 done, v3 done, v4 done, v5 done
    [standard | frog-airplane t10/10 idx=8542] poison_CTA=0.8087 poison_ASR=100%

  ==== pair frog-airplane (fc) summary over 10 targets x 5 victims = 50 votes ====
    [standard                    ] poison CTA = 0.8095 +/- 0.0083   poison ASR = 78.0% +/- 41.4%
      tally (['airplane', 'automobile', 'bird', 'cat', 'deer', 'dog', 'frog', 'horse', 'ship', 'truck']): [3, 0, 3, 2, 0, 2, 39, 0, 0, 1]


    === main_FC.sh started 2026-07-02 11:13:12 — logging to logs/main_FC_20260702_111312.log ===
=== [2026-07-02 11:13:12] budget=0.002 ===
[2026-07-02 11:13:17] device=cuda
[2026-07-02 11:13:17] hyperparams: {'dataset': 'CIFAR10', 'data_path': '/home/mmoslem3/scratch/data', 'model': 'ConvNetBN', 'out_dir': 'result/standard_nodistill', 'seed': 0, 'target_idx_file': None, 'dsa_strategy': 'color_crop_cutout_flip_scale_rotate', 'syn_data_path': 'result/res_DM_CIFAR10_ConvNet_50ipc.pt', 'surrogate_model': 'ConvNetBN', 'num_surrogates': 4, 'surrogate_epochs': 80, 'surrogate_lr': 0.01, 'surrogate_bs': 256, 'attack': 'fc', 'class_pairs': ['frog-airplane'], 'budget': 0.002, 'epsilon': 0.0313725, 'pgd_steps': 100, 'pgd_alpha': 0.0039216, 'restarts': 1, 'lambda_margin': 1.0, 'num_targets': 10, 'num_victims': 5, 'target_select': 'random', 'easy_targets': True, 'target_cache_dir': 'result/target_cache', 'parallel_victims': False, 'victim_epochs': 40, 'victim_lr': 0.1, 'victim_bs': 256, 'victim_decay': [35], 'victim_aug': False, 'clean_baseline': False, 'num_clean_victims': None, 'cache_dir': '', 'precompute_only': False, 'base_dist': 'l2', 'random_select': False, 'multilayer': True, 'curv_select': False, 'lambda_curv': 1.0, 'curv_damping': 1.0, 'curv_cg_iters': 10, 'curv_hessian_bs': 512, 'curv_cand_bs': 128, 'exact_select': True, 'if_damping': 0.01, 'if_cg_iters': 100, 'if_cg_tol': 0.0001, 'if_fd_h': 0.01, 'if_last_layer': False, 'if_hess_source': 'syn', 'if_hess_size': 512, 'if_max_surrogates': 1, 'verbose': True, 'single_surrogate': True, 'fast_gradmatch': False, 'surrogate_on_full_data': True, 'victim_pipelines': ['standard'], 'poison_cache_dir': '', 'log_file': ''}
[2026-07-02 11:13:17] victim pipelines (ablations): ['standard']
[2026-07-02 11:13:29] N_total=50000  budget=0.0020 -> N_p=100 poisons (all in y_adv class)

[2026-07-02 11:13:29] === training 4 surrogates (ConvNetBN) on FULL real data (80 ep each) ===
[2026-07-02 11:15:11] Evaluate_00: epoch = 0080 train time = 101 s train loss = 0.002334 train acc = 1.0000, test acc = 0.8300
[2026-07-02 11:16:53] Evaluate_01: epoch = 0080 train time = 101 s train loss = 0.002381 train acc = 1.0000, test acc = 0.8301
[2026-07-02 11:18:35] Evaluate_02: epoch = 0080 train time = 101 s train loss = 0.002235 train acc = 1.0000, test acc = 0.8338
[2026-07-02 11:20:17] Evaluate_03: epoch = 0080 train time = 101 s train loss = 0.002370 train acc = 1.0000, test acc = 0.8335
[2026-07-02 11:20:17] exact-IF Hessian set = 512 real train images

[2026-07-02 11:20:17] ################ pair frog-airplane : y_adv=6(frog)  target_class=0(airplane) ################
  targets (easy, loaded cache result/target_cache/easy_targets_ConvNetBN_frog-airplane_n10_seed0.json): [(2442, 'deer'), (4903, 'bird'), (2533, 'ship'), (2130, 'airplane'), (5458, 'cat'), (1644, 'bird'), (7344, 'deer'), (7446, 'dog'), (5411, 'bird'), (8542, 'bird')]
      [exact] CG iters used per surrogate: [100]
  [frog-airplane t1/10 idx=2442] fc craft_obj=0.2937 linf=0.0314
    [standard] victims: v1 done, v2 done, v3 done, v4 done, v5 done
    [standard | frog-airplane t1/10 idx=2442] poison_CTA=0.8143 poison_ASR=100%
      [exact] CG iters used per surrogate: [100]
  [frog-airplane t2/10 idx=4903] fc craft_obj=0.3155 linf=0.0314
    [standard] victims: v1 done, v2 done, v3 done, v4 done, v5 done
    [standard | frog-airplane t2/10 idx=4903] poison_CTA=0.8072 poison_ASR=100%
      [exact] CG iters used per surrogate: [100]
  [frog-airplane t3/10 idx=2533] fc craft_obj=0.3220 linf=0.0314
    [standard] victims: v1 done, v2 done, v3 done, v4 done, v5 done
    [standard | frog-airplane t3/10 idx=2533] poison_CTA=0.7955 poison_ASR=80%
      [exact] CG iters used per surrogate: [100]
  [frog-airplane t4/10 idx=2130] fc craft_obj=0.6200 linf=0.0314
    [standard] victims: v1 done, v2 done, v3 done, v4 done, v5 done
    [standard | frog-airplane t4/10 idx=2130] poison_CTA=0.8130 poison_ASR=20%
      [exact] CG iters used per surrogate: [100]
  [frog-airplane t5/10 idx=5458] fc craft_obj=0.3049 linf=0.0314
    [standard] victims: v1 done, v2 done, v3 done, v4 done, v5 done
    [standard | frog-airplane t5/10 idx=5458] poison_CTA=0.8172 poison_ASR=100%
      [exact] CG iters used per surrogate: [100]
  [frog-airplane t6/10 idx=1644] fc craft_obj=0.3671 linf=0.0314
    [standard] victims: v1 done, v2 done, v3 done, v4 done, v5 done
    [standard | frog-airplane t6/10 idx=1644] poison_CTA=0.8097 poison_ASR=60%
      [exact] CG iters used per surrogate: [100]
  [frog-airplane t7/10 idx=7344] fc craft_obj=0.2793 linf=0.0314
    [standard] victims: v1 done, v2 done, v3 done, v4 done, v5 done
    [standard | frog-airplane t7/10 idx=7344] poison_CTA=0.8121 poison_ASR=100%
      [exact] CG iters used per surrogate: [100]
  [frog-airplane t8/10 idx=7446] fc craft_obj=0.3797 linf=0.0314
    [standard] victims: v1 done, v2 done, v3 done, v4 done, v5 done
    [standard | frog-airplane t8/10 idx=7446] poison_CTA=0.8116 poison_ASR=100%
      [exact] CG iters used per surrogate: [100]
  [frog-airplane t9/10 idx=5411] fc craft_obj=0.2797 linf=0.0314
    [standard] victims: v1 done, v2 done, v3 done, v4 done, v5 done
    [standard | frog-airplane t9/10 idx=5411] poison_CTA=0.8065 poison_ASR=100%
      [exact] CG iters used per surrogate: [100]
  [frog-airplane t10/10 idx=8542] fc craft_obj=0.2970 linf=0.0314
    [standard] victims: v1 done, v2 done, v3 done, v4 done, v5 done
    [standard | frog-airplane t10/10 idx=8542] poison_CTA=0.8088 poison_ASR=80%

  ==== pair frog-airplane (fc) summary over 10 targets x 5 victims = 50 votes ====
    [standard                    ] poison CTA = 0.8096 +/- 0.0113   poison ASR = 84.0% +/- 36.7%
    tally (['airplane', 'automobile', 'bird', 'cat', 'deer', 'dog', 'frog', 'horse', 'ship', 'truck']): [2, 0, 4, 1, 0, 0, 42, 1, 0, 0]


  === [2026-07-02 11:13:07] budget=0.005 ===
[2026-07-02 11:13:09] device=cuda
[2026-07-02 11:13:09] hyperparams: {'dataset': 'CIFAR10', 'data_path': '/home/mmoslem3/scratch/data', 'model': 'ConvNetBN', 'out_dir': 'result/standard_nodistill', 'seed': 0, 'target_idx_file': None, 'dsa_strategy': 'color_crop_cutout_flip_scale_rotate', 'syn_data_path': 'result/res_DM_CIFAR10_ConvNet_50ipc.pt', 'surrogate_model': 'ConvNetBN', 'num_surrogates': 4, 'surrogate_epochs': 80, 'surrogate_lr': 0.01, 'surrogate_bs': 256, 'attack': 'fc', 'class_pairs': ['frog-airplane'], 'budget': 0.005, 'epsilon': 0.0313725, 'pgd_steps': 100, 'pgd_alpha': 0.0039216, 'restarts': 1, 'lambda_margin': 1.0, 'num_targets': 10, 'num_victims': 5, 'target_select': 'random', 'easy_targets': True, 'target_cache_dir': 'result/target_cache', 'parallel_victims': False, 'victim_epochs': 40, 'victim_lr': 0.1, 'victim_bs': 256, 'victim_decay': [35], 'victim_aug': False, 'clean_baseline': False, 'num_clean_victims': None, 'cache_dir': '', 'precompute_only': False, 'base_dist': 'l2', 'random_select': False, 'multilayer': True, 'curv_select': False, 'lambda_curv': 1.0, 'curv_damping': 1.0, 'curv_cg_iters': 10, 'curv_hessian_bs': 512, 'curv_cand_bs': 128, 'exact_select': True, 'if_damping': 0.01, 'if_cg_iters': 100, 'if_cg_tol': 0.0001, 'if_fd_h': 0.01, 'if_last_layer': False, 'if_hess_source': 'syn', 'if_hess_size': 512, 'if_max_surrogates': 1, 'verbose': True, 'single_surrogate': True, 'fast_gradmatch': False, 'surrogate_on_full_data': True, 'victim_pipelines': ['standard'], 'poison_cache_dir': '', 'log_file': ''}
[2026-07-02 11:13:09] victim pipelines (ablations): ['standard']
[2026-07-02 11:13:21] N_total=50000  budget=0.0050 -> N_p=250 poisons (all in y_adv class)

[2026-07-02 11:13:21] === training 4 surrogates (ConvNetBN) on FULL real data (80 ep each) ===
[2026-07-02 11:15:03] Evaluate_00: epoch = 0080 train time = 101 s train loss = 0.002465 train acc = 1.0000, test acc = 0.8311
[2026-07-02 11:16:45] Evaluate_01: epoch = 0080 train time = 101 s train loss = 0.002388 train acc = 1.0000, test acc = 0.8312
[2026-07-02 11:18:27] Evaluate_02: epoch = 0080 train time = 101 s train loss = 0.002389 train acc = 1.0000, test acc = 0.8289
[2026-07-02 11:20:08] Evaluate_03: epoch = 0080 train time = 101 s train loss = 0.002613 train acc = 1.0000, test acc = 0.8290
[2026-07-02 11:20:08] exact-IF Hessian set = 512 real train images

[2026-07-02 11:20:08] ################ pair frog-airplane : y_adv=6(frog)  target_class=0(airplane) ################
  targets (easy, loaded cache result/target_cache/easy_targets_ConvNetBN_frog-airplane_n10_seed0.json): [(2442, 'deer'), (4903, 'bird'), (2533, 'ship'), (2130, 'airplane'), (5458, 'cat'), (1644, 'bird'), (7344, 'deer'), (7446, 'dog'), (5411, 'bird'), (8542, 'bird')]
      [exact] CG iters used per surrogate: [100]
  [frog-airplane t1/10 idx=2442] fc craft_obj=0.3365 linf=0.0314
    [standard] victims: v1 done, v2 done, v3 done, v4 done, v5 done
    [standard | frog-airplane t1/10 idx=2442] poison_CTA=0.8153 poison_ASR=100%
      [exact] CG iters used per surrogate: [100]
  [frog-airplane t2/10 idx=4903] fc craft_obj=0.3735 linf=0.0314
    [standard] victims: v1 done, v2 done, v3 done, v4 done, v5 done
    [standard | frog-airplane t2/10 idx=4903] poison_CTA=0.8084 poison_ASR=100%
      [exact] CG iters used per surrogate: [100]
  [frog-airplane t3/10 idx=2533] fc craft_obj=0.3385 linf=0.0314
    [standard] victims: v1 done, v2 done, v3 done, v4 done, v5 done
    [standard | frog-airplane t3/10 idx=2533] poison_CTA=0.8164 poison_ASR=100%
      [exact] CG iters used per surrogate: [100]
  [frog-airplane t4/10 idx=2130] fc craft_obj=0.6722 linf=0.0314
    [standard] victims: v1 done, v2 done, v3 done, v4 done, v5 done
    [standard | frog-airplane t4/10 idx=2130] poison_CTA=0.8101 poison_ASR=80%
      [exact] CG iters used per surrogate: [100]
  [frog-airplane t5/10 idx=5458] fc craft_obj=0.3155 linf=0.0314
    [standard] victims: v1 done, v2 done, v3 done, v4 done, v5 done
    [standard | frog-airplane t5/10 idx=5458] poison_CTA=0.8037 poison_ASR=100%
      [exact] CG iters used per surrogate: [100]
  [frog-airplane t6/10 idx=1644] fc craft_obj=0.3576 linf=0.0314
    [standard] victims: v1 done, v2 done, v3 done, v4 done, v5 done
    [standard | frog-airplane t6/10 idx=1644] poison_CTA=0.8114 poison_ASR=100%
      [exact] CG iters used per surrogate: [100]
  [frog-airplane t7/10 idx=7344] fc craft_obj=0.2900 linf=0.0314
    [standard] victims: v1 done, v2 done, v3 done, v4 done, v5 done
    [standard | frog-airplane t7/10 idx=7344] poison_CTA=0.8108 poison_ASR=100%
      [exact] CG iters used per surrogate: [100]
  [frog-airplane t8/10 idx=7446] fc craft_obj=0.4155 linf=0.0314
    [standard] victims: v1 done, v2 done, v3 done, v4 done, v5 done
    [standard | frog-airplane t8/10 idx=7446] poison_CTA=0.8106 poison_ASR=100%
      [exact] CG iters used per surrogate: [100]
  [frog-airplane t9/10 idx=5411] fc craft_obj=0.3190 linf=0.0314
    [standard] victims: v1 done, v2 done, v3 done, v4 done, v5 done
    [standard | frog-airplane t9/10 idx=5411] poison_CTA=0.8175 poison_ASR=100%
      [exact] CG iters used per surrogate: [100]
  [frog-airplane t10/10 idx=8542] fc craft_obj=0.3244 linf=0.0314
    [standard] victims: v1 done, v2 done, v3 done, v4 done, v5 done
    [standard | frog-airplane t10/10 idx=8542] poison_CTA=0.8103 poison_ASR=100%

  ==== pair frog-airplane (fc) summary over 10 targets x 5 victims = 50 votes ====
    [standard                    ] poison CTA = 0.8114 +/- 0.0072   poison ASR = 98.0% +/- 14.0%
      tally (['airplane', 'automobile', 'bird', 'cat', 'deer', 'dog', 'frog', 'horse', 'ship', 'truck']): [1, 0, 0, 0, 0, 0, 49, 0, 0, 0]


    === main_FC.sh started 2026-07-02 11:13:00 — logging to logs/main_FC_20260702_111300.log ===
=== [2026-07-02 11:13:00] budget=0.01 ===
[2026-07-02 11:13:03] device=cuda
[2026-07-02 11:13:03] hyperparams: {'dataset': 'CIFAR10', 'data_path': '/home/mmoslem3/scratch/data', 'model': 'ConvNetBN', 'out_dir': 'result/standard_nodistill', 'seed': 0, 'target_idx_file': None, 'dsa_strategy': 'color_crop_cutout_flip_scale_rotate', 'syn_data_path': 'result/res_DM_CIFAR10_ConvNet_50ipc.pt', 'surrogate_model': 'ConvNetBN', 'num_surrogates': 4, 'surrogate_epochs': 80, 'surrogate_lr': 0.01, 'surrogate_bs': 256, 'attack': 'fc', 'class_pairs': ['frog-airplane'], 'budget': 0.01, 'epsilon': 0.0313725, 'pgd_steps': 100, 'pgd_alpha': 0.0039216, 'restarts': 1, 'lambda_margin': 1.0, 'num_targets': 10, 'num_victims': 5, 'target_select': 'random', 'easy_targets': True, 'target_cache_dir': 'result/target_cache', 'parallel_victims': False, 'victim_epochs': 40, 'victim_lr': 0.1, 'victim_bs': 256, 'victim_decay': [35], 'victim_aug': False, 'clean_baseline': False, 'num_clean_victims': None, 'cache_dir': '', 'precompute_only': False, 'base_dist': 'l2', 'random_select': False, 'multilayer': True, 'curv_select': False, 'lambda_curv': 1.0, 'curv_damping': 1.0, 'curv_cg_iters': 10, 'curv_hessian_bs': 512, 'curv_cand_bs': 128, 'exact_select': True, 'if_damping': 0.01, 'if_cg_iters': 100, 'if_cg_tol': 0.0001, 'if_fd_h': 0.01, 'if_last_layer': False, 'if_hess_source': 'syn', 'if_hess_size': 512, 'if_max_surrogates': 1, 'verbose': True, 'single_surrogate': True, 'fast_gradmatch': False, 'surrogate_on_full_data': True, 'victim_pipelines': ['standard'], 'poison_cache_dir': '', 'log_file': ''}
[2026-07-02 11:13:03] victim pipelines (ablations): ['standard']
[2026-07-02 11:13:15] N_total=50000  budget=0.0100 -> N_p=500 poisons (all in y_adv class)

[2026-07-02 11:13:15] === training 4 surrogates (ConvNetBN) on FULL real data (80 ep each) ===
[2026-07-02 11:14:57] Evaluate_00: epoch = 0080 train time = 101 s train loss = 0.002265 train acc = 1.0000, test acc = 0.8369
[2026-07-02 11:16:39] Evaluate_01: epoch = 0080 train time = 101 s train loss = 0.002377 train acc = 1.0000, test acc = 0.8271
[2026-07-02 11:18:21] Evaluate_02: epoch = 0080 train time = 101 s train loss = 0.002399 train acc = 1.0000, test acc = 0.8268
[2026-07-02 11:20:03] Evaluate_03: epoch = 0080 train time = 101 s train loss = 0.002334 train acc = 1.0000, test acc = 0.8265
[2026-07-02 11:20:03] exact-IF Hessian set = 512 real train images

[2026-07-02 11:20:03] ################ pair frog-airplane : y_adv=6(frog)  target_class=0(airplane) ################
  targets (easy, loaded cache result/target_cache/easy_targets_ConvNetBN_frog-airplane_n10_seed0.json): [(2442, 'deer'), (4903, 'bird'), (2533, 'ship'), (2130, 'airplane'), (5458, 'cat'), (1644, 'bird'), (7344, 'deer'), (7446, 'dog'), (5411, 'bird'), (8542, 'bird')]
      [exact] CG iters used per surrogate: [100]
  [frog-airplane t1/10 idx=2442] fc craft_obj=0.3427 linf=0.0314
    [standard] victims: v1 done, v2 done, v3 done, v4 done, v5 done
    [standard | frog-airplane t1/10 idx=2442] poison_CTA=0.8134 poison_ASR=100%
      [exact] CG iters used per surrogate: [100]
  [frog-airplane t2/10 idx=4903] fc craft_obj=0.3423 linf=0.0314
    [standard] victims: v1 done, v2 done, v3 done, v4 done, v5 done
    [standard | frog-airplane t2/10 idx=4903] poison_CTA=0.7999 poison_ASR=80%
      [exact] CG iters used per surrogate: [100]
  [frog-airplane t3/10 idx=2533] fc craft_obj=0.3375 linf=0.0314
    [standard] victims: v1 done, v2 done, v3 done, v4 done, v5 done
    [standard | frog-airplane t3/10 idx=2533] poison_CTA=0.8106 poison_ASR=100%
      [exact] CG iters used per surrogate: [100]
  [frog-airplane t4/10 idx=2130] fc craft_obj=0.6945 linf=0.0314
    [standard] victims: v1 done, v2 done, v3 done, v4 done, v5 done
    [standard | frog-airplane t4/10 idx=2130] poison_CTA=0.8074 poison_ASR=60%
      [exact] CG iters used per surrogate: [100]
  [frog-airplane t5/10 idx=5458] fc craft_obj=0.3348 linf=0.0314
    [standard] victims: v1 done, v2 done, v3 done, v4 done, v5 done
    [standard | frog-airplane t5/10 idx=5458] poison_CTA=0.8092 poison_ASR=100%
      [exact] CG iters used per surrogate: [100]
  [frog-airplane t6/10 idx=1644] fc craft_obj=0.4011 linf=0.0314
    [standard] victims: v1 done, v2 done, v3 done, v4 done, v5 done
    [standard | frog-airplane t6/10 idx=1644] poison_CTA=0.8131 poison_ASR=100%
      [exact] CG iters used per surrogate: [100]
  [frog-airplane t7/10 idx=7344] fc craft_obj=0.3139 linf=0.0314
    [standard] victims: v1 done, v2 done, v3 done, v4 done, v5 done
    [standard | frog-airplane t7/10 idx=7344] poison_CTA=0.8123 poison_ASR=100%
      [exact] CG iters used per surrogate: [100]
  [frog-airplane t8/10 idx=7446] fc craft_obj=0.4400 linf=0.0314
    [standard] victims: v1 done, v2 done, v3 done, v4 done, v5 done
    [standard | frog-airplane t8/10 idx=7446] poison_CTA=0.8135 poison_ASR=100%
      [exact] CG iters used per surrogate: [100]
  [frog-airplane t9/10 idx=5411] fc craft_obj=0.3286 linf=0.0314
    [standard] victims: v1 done, v2 done, v3 done, v4 done, v5 done
    [standard | frog-airplane t9/10 idx=5411] poison_CTA=0.8123 poison_ASR=100%
      [exact] CG iters used per surrogate: [100]
  [frog-airplane t10/10 idx=8542] fc craft_obj=0.3082 linf=0.0314
    [standard] victims: v1 done, v2 done, v3 done, v4 done, v5 done
    [standard | frog-airplane t10/10 idx=8542] poison_CTA=0.8091 poison_ASR=100%

  ==== pair frog-airplane (fc) summary over 10 targets x 5 victims = 50 votes ====
    [standard                    ] poison CTA = 0.8101 +/- 0.0095   poison ASR = 94.0% +/- 23.7%
      tally (['airplane', 'automobile', 'bird', 'cat', 'deer', 'dog', 'frog', 'horse', 'ship', 'truck']): [0, 0, 1, 0, 0, 0, 47, 0, 2, 0]


=== main_FC.sh started 2026-07-02 11:12:51 — logging to logs/main_FC_20260702_111251.log ===
=== [2026-07-02 11:12:51] budget=0.05 ===
[2026-07-02 11:12:58] device=cuda
[2026-07-02 11:12:58] hyperparams: {'dataset': 'CIFAR10', 'data_path': '/home/mmoslem3/scratch/data', 'model': 'ConvNetBN', 'out_dir': 'result/standard_nodistill', 'seed': 0, 'target_idx_file': None, 'dsa_strategy': 'color_crop_cutout_flip_scale_rotate', 'syn_data_path': 'result/res_DM_CIFAR10_ConvNet_50ipc.pt', 'surrogate_model': 'ConvNetBN', 'num_surrogates': 4, 'surrogate_epochs': 80, 'surrogate_lr': 0.01, 'surrogate_bs': 256, 'attack': 'fc', 'class_pairs': ['frog-airplane'], 'budget': 0.05, 'epsilon': 0.0313725, 'pgd_steps': 100, 'pgd_alpha': 0.0039216, 'restarts': 1, 'lambda_margin': 1.0, 'num_targets': 10, 'num_victims': 5, 'target_select': 'random', 'easy_targets': True, 'target_cache_dir': 'result/target_cache', 'parallel_victims': False, 'victim_epochs': 40, 'victim_lr': 0.1, 'victim_bs': 256, 'victim_decay': [35], 'victim_aug': False, 'clean_baseline': False, 'num_clean_victims': None, 'cache_dir': '', 'precompute_only': False, 'base_dist': 'l2', 'random_select': False, 'multilayer': True, 'curv_select': False, 'lambda_curv': 1.0, 'curv_damping': 1.0, 'curv_cg_iters': 10, 'curv_hessian_bs': 512, 'curv_cand_bs': 128, 'exact_select': True, 'if_damping': 0.01, 'if_cg_iters': 100, 'if_cg_tol': 0.0001, 'if_fd_h': 0.01, 'if_last_layer': False, 'if_hess_source': 'syn', 'if_hess_size': 512, 'if_max_surrogates': 1, 'verbose': True, 'single_surrogate': True, 'fast_gradmatch': False, 'surrogate_on_full_data': True, 'victim_pipelines': ['standard'], 'poison_cache_dir': '', 'log_file': ''}
[2026-07-02 11:12:58] victim pipelines (ablations): ['standard']
[2026-07-02 11:13:11] N_total=50000  budget=0.0500 -> N_p=2500 poisons (all in y_adv class)

[2026-07-02 11:13:11] === training 4 surrogates (ConvNetBN) on FULL real data (80 ep each) ===
[2026-07-02 11:14:53] Evaluate_00: epoch = 0080 train time = 101 s train loss = 0.002348 train acc = 1.0000, test acc = 0.8316
[2026-07-02 11:16:35] Evaluate_01: epoch = 0080 train time = 101 s train loss = 0.002234 train acc = 1.0000, test acc = 0.8301
[2026-07-02 11:18:17] Evaluate_02: epoch = 0080 train time = 101 s train loss = 0.002198 train acc = 1.0000, test acc = 0.8359
[2026-07-02 11:20:00] Evaluate_03: epoch = 0080 train time = 101 s train loss = 0.002383 train acc = 1.0000, test acc = 0.8340
[2026-07-02 11:20:00] exact-IF Hessian set = 512 real train images

[2026-07-02 11:20:00] ################ pair frog-airplane : y_adv=6(frog)  target_class=0(airplane) ################
  targets (easy, loaded cache result/target_cache/easy_targets_ConvNetBN_frog-airplane_n10_seed0.json): [(2442, 'deer'), (4903, 'bird'), (2533, 'ship'), (2130, 'airplane'), (5458, 'cat'), (1644, 'bird'), (7344, 'deer'), (7446, 'dog'), (5411, 'bird'), (8542, 'bird')]
      [exact] CG iters used per surrogate: [100]
  [frog-airplane t1/10 idx=2442] fc craft_obj=0.3601 linf=0.0314
    [standard] victims: v1 done, v2 done, v3 done, v4 done, v5 done
    [standard | frog-airplane t1/10 idx=2442] poison_CTA=0.8092 poison_ASR=100%
      [exact] CG iters used per surrogate: [100]
  [frog-airplane t2/10 idx=4903] fc craft_obj=0.3522 linf=0.0314
    [standard] victims: v1 done, v2 done, v3 done, v4 done, v5 done
    [standard | frog-airplane t2/10 idx=4903] poison_CTA=0.8019 poison_ASR=100%
      [exact] CG iters used per surrogate: [100]
  [frog-airplane t3/10 idx=2533] fc craft_obj=0.3736 linf=0.0314
    [standard] victims: v1 done, v2 done, v3 done, v4 done, v5 done
    [standard | frog-airplane t3/10 idx=2533] poison_CTA=0.8056 poison_ASR=100%
      [exact] CG iters used per surrogate: [100]
  [frog-airplane t4/10 idx=2130] fc craft_obj=0.6777 linf=0.0314
    [standard] victims: v1 done, v2 done, v3 done, v4 done, v5 done
    [standard | frog-airplane t4/10 idx=2130] poison_CTA=0.8022 poison_ASR=100%
      [exact] CG iters used per surrogate: [100]
  [frog-airplane t5/10 idx=5458] fc craft_obj=0.3596 linf=0.0314
    [standard] victims: v1 done, v2 done, v3 done, v4 done, v5 done
    [standard | frog-airplane t5/10 idx=5458] poison_CTA=0.8092 poison_ASR=100%
      [exact] CG iters used per surrogate: [100]
  [frog-airplane t6/10 idx=1644] fc craft_obj=0.3382 linf=0.0314
    [standard] victims: v1 done, v2 done, v3 done, v4 done, v5 done
    [standard | frog-airplane t6/10 idx=1644] poison_CTA=0.8073 poison_ASR=100%
      [exact] CG iters used per surrogate: [100]
  [frog-airplane t7/10 idx=7344] fc craft_obj=0.3249 linf=0.0314
    [standard] victims: v1 done, v2 done, v3 done, v4 done, v5 done
    [standard | frog-airplane t7/10 idx=7344] poison_CTA=0.8054 poison_ASR=100%
      [exact] CG iters used per surrogate: [100]
  [frog-airplane t8/10 idx=7446] fc craft_obj=0.4365 linf=0.0314
    [standard] victims: v1 done, v2 done, v3 done, v4 done, v5 done
    [standard | frog-airplane t8/10 idx=7446] poison_CTA=0.8045 poison_ASR=100%
      [exact] CG iters used per surrogate: [100]
  [frog-airplane t9/10 idx=5411] fc craft_obj=0.3385 linf=0.0314
    [standard] victims: v1 done, v2 done, v3 done, v4 done, v5 done
    [standard | frog-airplane t9/10 idx=5411] poison_CTA=0.8065 poison_ASR=100%
      [exact] CG iters used per surrogate: [100]
  [frog-airplane t10/10 idx=8542] fc craft_obj=0.3329 linf=0.0314
    [standard] victims: v1 done, v2 done, v3 done, v4 done, v5 done
    [standard | frog-airplane t10/10 idx=8542] poison_CTA=0.8102 poison_ASR=100%

  ==== pair frog-airplane (fc) summary over 10 targets x 5 victims = 50 votes ====
    [standard                    ] poison CTA = 0.8062 +/- 0.0082   poison ASR = 100.0% +/- 0.0%
      tally (['airplane', 'automobile', 'bird', 'cat', 'deer', 'dog', 'frog', 'horse', 'ship', 'truck']): [0, 0, 0, 0, 0, 0, 50, 0, 0, 0]


ENV) mmoslem3@rack05-05:~/scratch/DD-attack$ sh main_FC.sh 
=== main_FC.sh started 2026-07-02 14:06:18 — logging to logs/main_FC_20260702_140618.log ===
=== [2026-07-02 14:06:18] budget=0.001 ===
[2026-07-02 14:06:24] --parallel_victims set but <2 GPUs in CUDA_VISIBLE_DEVICES ('0'); running victims sequentially
[2026-07-02 14:06:24] device=cuda
[2026-07-02 14:06:24] hyperparams: {'dataset': 'CIFAR10', 'data_path': '/home/mmoslem3/scratch/data', 'model': 'ConvNetBN', 'out_dir': 'result/standard_nodistill', 'seed': 0, 'target_idx_file': None, 'dsa_strategy': 'color_crop_cutout_flip_scale_rotate', 'syn_data_path': 'result/res_DM_CIFAR10_ConvNet_50ipc.pt', 'surrogate_model': 'ConvNetBN', 'num_surrogates': 4, 'surrogate_epochs': 80, 'surrogate_lr': 0.01, 'surrogate_bs': 256, 'attack': 'fc', 'class_pairs': ['frog-airplane'], 'budget': 0.001, 'epsilon': 0.0313725, 'pgd_steps': 100, 'pgd_alpha': 0.0039216, 'restarts': 1, 'lambda_margin': 1.0, 'num_targets': 10, 'num_victims': 5, 'target_select': 'random', 'easy_targets': True, 'target_cache_dir': 'result/target_cache', 'parallel_victims': True, 'victim_epochs': 40, 'victim_lr': 0.1, 'victim_bs': 256, 'victim_decay': [35], 'victim_aug': False, 'clean_baseline': False, 'num_clean_victims': None, 'cache_dir': '', 'precompute_only': False, 'base_dist': 'l2', 'random_select': True, 'multilayer': True, 'curv_select': False, 'lambda_curv': 1.0, 'curv_damping': 1.0, 'curv_cg_iters': 10, 'curv_hessian_bs': 512, 'curv_cand_bs': 128, 'exact_select': False, 'if_damping': 0.01, 'if_cg_iters': 100, 'if_cg_tol': 0.0001, 'if_fd_h': 0.01, 'if_last_layer': False, 'if_hess_source': 'syn', 'if_hess_size': 0, 'if_max_surrogates': 0, 'verbose': False, 'single_surrogate': True, 'fast_gradmatch': False, 'surrogate_on_full_data': True, 'victim_pipelines': ['standard'], 'poison_cache_dir': '', 'log_file': ''}
[2026-07-02 14:06:24] victim pipelines (ablations): ['standard']
[2026-07-02 14:06:37] N_total=50000  budget=0.0010 -> N_p=50 poisons (all in y_adv class)

[2026-07-02 14:06:37] === training 4 surrogates (ConvNetBN) on FULL real data (80 ep each) ===
[2026-07-02 14:08:20] Evaluate_00: epoch = 0080 train time = 102 s train loss = 0.002378 train acc = 1.0000, test acc = 0.8311
[2026-07-02 14:10:01] Evaluate_01: epoch = 0080 train time = 101 s train loss = 0.002343 train acc = 1.0000, test acc = 0.8388
[2026-07-02 14:11:43] Evaluate_02: epoch = 0080 train time = 101 s train loss = 0.002247 train acc = 1.0000, test acc = 0.8314
[2026-07-02 14:13:25] Evaluate_03: epoch = 0080 train time = 101 s train loss = 0.002474 train acc = 1.0000, test acc = 0.8297

[2026-07-02 14:13:25] ################ pair frog-airplane : y_adv=6(frog)  target_class=0(airplane) ################
  targets (easy, loaded cache result/target_cache/easy_targets_ConvNetBN_frog-airplane_n10_seed0.json): [(2442, 'deer'), (4903, 'bird'), (2533, 'ship'), (2130, 'airplane'), (5458, 'cat'), (1644, 'bird'), (7344, 'deer'), (7446, 'dog'), (5411, 'bird'), (8542, 'bird')]
  [frog-airplane t1/10 idx=2442] fc craft_obj=0.3754 linf=0.0314
    [standard] victims: v1 done, v2 done, v3 done, v4 done, v5 done
    [standard | frog-airplane t1/10 idx=2442] poison_CTA=0.8152 poison_ASR=60%
  [frog-airplane t2/10 idx=4903] fc craft_obj=0.3769 linf=0.0314
    [standard] victims: v1 done, v2 done, v3 done, v4 done, v5 done
    [standard | frog-airplane t2/10 idx=4903] poison_CTA=0.8174 poison_ASR=80%
  [frog-airplane t3/10 idx=2533] fc craft_obj=0.3840 linf=0.0314
    [standard] victims: v1 done, v2 done, v3 done, v4 done, v5 done
    [standard | frog-airplane t3/10 idx=2533] poison_CTA=0.8153 poison_ASR=100%
  [frog-airplane t4/10 idx=2130] fc craft_obj=0.6942 linf=0.0314
    [standard] victims: v1 done, v2 done, v3 done, v4 done, v5 done
    [standard | frog-airplane t4/10 idx=2130] poison_CTA=0.8107 poison_ASR=40%
  [frog-airplane t5/10 idx=5458] fc craft_obj=0.4436 linf=0.0314
    [standard] victims: v1 done, v2 done, v3 done, v4 done, v5 done
    [standard | frog-airplane t5/10 idx=5458] poison_CTA=0.8042 poison_ASR=40%
  [frog-airplane t6/10 idx=1644] fc craft_obj=0.3500 linf=0.0314
    [standard] victims: v1 done, v2 done, v3 done, v4 done, v5 done
    [standard | frog-airplane t6/10 idx=1644] poison_CTA=0.8148 poison_ASR=80%
  [frog-airplane t7/10 idx=7344] fc craft_obj=0.3470 linf=0.0314
    [standard] victims: v1 done, v2 done, v3 done, v4 done, v5 done
    [standard | frog-airplane t7/10 idx=7344] poison_CTA=0.8182 poison_ASR=60%
  [frog-airplane t8/10 idx=7446] fc craft_obj=0.4342 linf=0.0314
    [standard] victims: v1 done, v2 done, v3 done, v4 done, v5 done
    [standard | frog-airplane t8/10 idx=7446] poison_CTA=0.8106 poison_ASR=40%
  [frog-airplane t9/10 idx=5411] fc craft_obj=0.4065 linf=0.0314
    [standard] victims: v1 done, v2 done, v3 done, v4 done, v5 done
    [standard | frog-airplane t9/10 idx=5411] poison_CTA=0.8110 poison_ASR=100%
  [frog-airplane t10/10 idx=8542] fc craft_obj=0.3457 linf=0.0314
    [standard] victims: v1 done, v2 done, v3 done, v4 done, v5 done
    [standard | frog-airplane t10/10 idx=8542] poison_CTA=0.8075 poison_ASR=80%

  ==== pair frog-airplane (fc) summary over 10 targets x 5 victims = 50 votes ====
    [standard                    ] poison CTA = 0.8125 +/- 0.0085   poison ASR = 68.0% +/- 46.6%
      tally (['airplane', 'automobile', 'bird', 'cat', 'deer', 'dog', 'frog', 'horse', 'ship', 'truck']): [3, 0, 2, 5, 3, 3, 34, 0, 0, 0]


      === main_FC.sh started 2026-07-02 14:05:59 — logging to logs/main_FC_20260702_140559.log ===
=== [2026-07-02 14:05:59] budget=0.002 ===
[2026-07-02 14:06:04] --parallel_victims set but <2 GPUs in CUDA_VISIBLE_DEVICES ('0'); running victims sequentially
[2026-07-02 14:06:04] device=cuda
[2026-07-02 14:06:04] hyperparams: {'dataset': 'CIFAR10', 'data_path': '/home/mmoslem3/scratch/data', 'model': 'ConvNetBN', 'out_dir': 'result/standard_nodistill', 'seed': 0, 'target_idx_file': None, 'dsa_strategy': 'color_crop_cutout_flip_scale_rotate', 'syn_data_path': 'result/res_DM_CIFAR10_ConvNet_50ipc.pt', 'surrogate_model': 'ConvNetBN', 'num_surrogates': 4, 'surrogate_epochs': 80, 'surrogate_lr': 0.01, 'surrogate_bs': 256, 'attack': 'fc', 'class_pairs': ['frog-airplane'], 'budget': 0.002, 'epsilon': 0.0313725, 'pgd_steps': 100, 'pgd_alpha': 0.0039216, 'restarts': 1, 'lambda_margin': 1.0, 'num_targets': 10, 'num_victims': 5, 'target_select': 'random', 'easy_targets': True, 'target_cache_dir': 'result/target_cache', 'parallel_victims': True, 'victim_epochs': 40, 'victim_lr': 0.1, 'victim_bs': 256, 'victim_decay': [35], 'victim_aug': False, 'clean_baseline': False, 'num_clean_victims': None, 'cache_dir': '', 'precompute_only': False, 'base_dist': 'l2', 'random_select': True, 'multilayer': True, 'curv_select': False, 'lambda_curv': 1.0, 'curv_damping': 1.0, 'curv_cg_iters': 10, 'curv_hessian_bs': 512, 'curv_cand_bs': 128, 'exact_select': False, 'if_damping': 0.01, 'if_cg_iters': 100, 'if_cg_tol': 0.0001, 'if_fd_h': 0.01, 'if_last_layer': False, 'if_hess_source': 'syn', 'if_hess_size': 0, 'if_max_surrogates': 0, 'verbose': False, 'single_surrogate': True, 'fast_gradmatch': False, 'surrogate_on_full_data': True, 'victim_pipelines': ['standard'], 'poison_cache_dir': '', 'log_file': ''}
[2026-07-02 14:06:04] victim pipelines (ablations): ['standard']
[2026-07-02 14:06:17] N_total=50000  budget=0.0020 -> N_p=100 poisons (all in y_adv class)

[2026-07-02 14:06:17] === training 4 surrogates (ConvNetBN) on FULL real data (80 ep each) ===
[2026-07-02 14:07:59] Evaluate_00: epoch = 0080 train time = 101 s train loss = 0.002281 train acc = 1.0000, test acc = 0.8295
[2026-07-02 14:09:41] Evaluate_01: epoch = 0080 train time = 101 s train loss = 0.002126 train acc = 1.0000, test acc = 0.8386
[2026-07-02 14:11:22] Evaluate_02: epoch = 0080 train time = 101 s train loss = 0.002317 train acc = 1.0000, test acc = 0.8307
[2026-07-02 14:13:04] Evaluate_03: epoch = 0080 train time = 101 s train loss = 0.002210 train acc = 1.0000, test acc = 0.8301

[2026-07-02 14:13:04] ################ pair frog-airplane : y_adv=6(frog)  target_class=0(airplane) ################
  targets (easy, loaded cache result/target_cache/easy_targets_ConvNetBN_frog-airplane_n10_seed0.json): [(2442, 'deer'), (4903, 'bird'), (2533, 'ship'), (2130, 'airplane'), (5458, 'cat'), (1644, 'bird'), (7344, 'deer'), (7446, 'dog'), (5411, 'bird'), (8542, 'bird')]
  [frog-airplane t1/10 idx=2442] fc craft_obj=0.4020 linf=0.0314
    [standard] victims: v1 done, v2 done, v3 done, v4 done, v5 done
    [standard | frog-airplane t1/10 idx=2442] poison_CTA=0.8094 poison_ASR=100%
  [frog-airplane t2/10 idx=4903] fc craft_obj=0.3935 linf=0.0314
    [standard] victims: v1 done, v2 done, v3 done, v4 done, v5 done
    [standard | frog-airplane t2/10 idx=4903] poison_CTA=0.7995 poison_ASR=40%
  [frog-airplane t3/10 idx=2533] fc craft_obj=0.3934 linf=0.0314
    [standard] victims: v1 done, v2 done, v3 done, v4 done, v5 done
    [standard | frog-airplane t3/10 idx=2533] poison_CTA=0.8097 poison_ASR=60%
  [frog-airplane t4/10 idx=2130] fc craft_obj=0.7367 linf=0.0314
    [standard] victims: v1 done, v2 done, v3 done, v4 done, v5 done
    [standard | frog-airplane t4/10 idx=2130] poison_CTA=0.8016 poison_ASR=20%
  [frog-airplane t5/10 idx=5458] fc craft_obj=0.3769 linf=0.0314
    [standard] victims: v1 done, v2 done, v3 done, v4 done, v5 done
    [standard | frog-airplane t5/10 idx=5458] poison_CTA=0.8047 poison_ASR=80%
  [frog-airplane t6/10 idx=1644] fc craft_obj=0.3692 linf=0.0314
    [standard] victims: v1 done, v2 done, v3 done, v4 done, v5 done
    [standard | frog-airplane t6/10 idx=1644] poison_CTA=0.8139 poison_ASR=40%
  [frog-airplane t7/10 idx=7344] fc craft_obj=0.3619 linf=0.0314
    [standard] victims: v1 done, v2 done, v3 done, v4 done, v5 done
    [standard | frog-airplane t7/10 idx=7344] poison_CTA=0.8122 poison_ASR=100%
  [frog-airplane t8/10 idx=7446] fc craft_obj=0.4582 linf=0.0314
    [standard] victims: v1 done, v2 done, v3 done, v4 done, v5 done
    [standard | frog-airplane t8/10 idx=7446] poison_CTA=0.8120 poison_ASR=20%
  [frog-airplane t9/10 idx=5411] fc craft_obj=0.4123 linf=0.0314
    [standard] victims: v1 done, v2 done, v3 done, v4 done, v5 done
    [standard | frog-airplane t9/10 idx=5411] poison_CTA=0.8086 poison_ASR=80%
  [frog-airplane t10/10 idx=8542] fc craft_obj=0.3826 linf=0.0314
    [standard] victims: v1 done, v2 done, v3 done, v4 done, v5 done
    [standard | frog-airplane t10/10 idx=8542] poison_CTA=0.8118 poison_ASR=80%

  ==== pair frog-airplane (fc) summary over 10 targets x 5 victims = 50 votes ====
    [standard                    ] poison CTA = 0.8083 +/- 0.0118   poison ASR = 62.0% +/- 48.5%
      tally (['airplane', 'automobile', 'bird', 'cat', 'deer', 'dog', 'frog', 'horse', 'ship', 'truck']): [4, 1, 7, 2, 0, 4, 31, 1, 0, 0]

[2026-07-02 14:55:12] wrote results_standard_nod


(ENV) mmoslem3@rack11-13:~/scratch/DD-attack$ sh main_FC.sh 
=== main_FC.sh started 2026-07-02 14:05:39 — logging to logs/main_FC_20260702_140539.log ===
=== [2026-07-02 14:05:39] budget=0.005 ===
[2026-07-02 14:05:43] --parallel_victims set but <2 GPUs in CUDA_VISIBLE_DEVICES ('0'); running victims sequentially
[2026-07-02 14:05:43] device=cuda
[2026-07-02 14:05:43] hyperparams: {'dataset': 'CIFAR10', 'data_path': '/home/mmoslem3/scratch/data', 'model': 'ConvNetBN', 'out_dir': 'result/standard_nodistill', 'seed': 0, 'target_idx_file': None, 'dsa_strategy': 'color_crop_cutout_flip_scale_rotate', 'syn_data_path': 'result/res_DM_CIFAR10_ConvNet_50ipc.pt', 'surrogate_model': 'ConvNetBN', 'num_surrogates': 4, 'surrogate_epochs': 80, 'surrogate_lr': 0.01, 'surrogate_bs': 256, 'attack': 'fc', 'class_pairs': ['frog-airplane'], 'budget': 0.005, 'epsilon': 0.0313725, 'pgd_steps': 100, 'pgd_alpha': 0.0039216, 'restarts': 1, 'lambda_margin': 1.0, 'num_targets': 10, 'num_victims': 5, 'target_select': 'random', 'easy_targets': True, 'target_cache_dir': 'result/target_cache', 'parallel_victims': True, 'victim_epochs': 40, 'victim_lr': 0.1, 'victim_bs': 256, 'victim_decay': [35], 'victim_aug': False, 'clean_baseline': False, 'num_clean_victims': None, 'cache_dir': '', 'precompute_only': False, 'base_dist': 'l2', 'random_select': True, 'multilayer': True, 'curv_select': False, 'lambda_curv': 1.0, 'curv_damping': 1.0, 'curv_cg_iters': 10, 'curv_hessian_bs': 512, 'curv_cand_bs': 128, 'exact_select': False, 'if_damping': 0.01, 'if_cg_iters': 100, 'if_cg_tol': 0.0001, 'if_fd_h': 0.01, 'if_last_layer': False, 'if_hess_source': 'syn', 'if_hess_size': 0, 'if_max_surrogates': 0, 'verbose': False, 'single_surrogate': True, 'fast_gradmatch': False, 'surrogate_on_full_data': True, 'victim_pipelines': ['standard'], 'poison_cache_dir': '', 'log_file': ''}
[2026-07-02 14:05:43] victim pipelines (ablations): ['standard']
[2026-07-02 14:05:56] N_total=50000  budget=0.0050 -> N_p=250 poisons (all in y_adv class)

[2026-07-02 14:05:56] === training 4 surrogates (ConvNetBN) on FULL real data (80 ep each) ===
[2026-07-02 14:07:38] Evaluate_00: epoch = 0080 train time = 101 s train loss = 0.002214 train acc = 1.0000, test acc = 0.8279
[2026-07-02 14:09:20] Evaluate_01: epoch = 0080 train time = 101 s train loss = 0.002310 train acc = 1.0000, test acc = 0.8311
[2026-07-02 14:11:02] Evaluate_02: epoch = 0080 train time = 101 s train loss = 0.002230 train acc = 1.0000, test acc = 0.8359
[2026-07-02 14:12:44] Evaluate_03: epoch = 0080 train time = 101 s train loss = 0.002421 train acc = 1.0000, test acc = 0.8349

[2026-07-02 14:12:44] ################ pair frog-airplane : y_adv=6(frog)  target_class=0(airplane) ################
  targets (easy, loaded cache result/target_cache/easy_targets_ConvNetBN_frog-airplane_n10_seed0.json): [(2442, 'deer'), (4903, 'bird'), (2533, 'ship'), (2130, 'airplane'), (5458, 'cat'), (1644, 'bird'), (7344, 'deer'), (7446, 'dog'), (5411, 'bird'), (8542, 'bird')]
  [frog-airplane t1/10 idx=2442] fc craft_obj=0.3830 linf=0.0314
    [standard] victims: v1 done, v2 done, v3 done, v4 done, v5 done
    [standard | frog-airplane t1/10 idx=2442] poison_CTA=0.8059 poison_ASR=80%
  [frog-airplane t2/10 idx=4903] fc craft_obj=0.4074 linf=0.0314
    [standard] victims: v1 done, v2 done, v3 done, v4 done, v5 done
    [standard | frog-airplane t2/10 idx=4903] poison_CTA=0.8055 poison_ASR=100%
  [frog-airplane t3/10 idx=2533] fc craft_obj=0.3707 linf=0.0314
    [standard] victims: v1 done, v2 done, v3 done, v4 done, v5 done
    [standard | frog-airplane t3/10 idx=2533] poison_CTA=0.8094 poison_ASR=100%
  [frog-airplane t4/10 idx=2130] fc craft_obj=0.6876 linf=0.0314
    [standard] victims: v1 done, v2 done, v3 done, v4 done, v5 done
    [standard | frog-airplane t4/10 idx=2130] poison_CTA=0.8129 poison_ASR=40%
  [frog-airplane t5/10 idx=5458] fc craft_obj=0.3718 linf=0.0314
    [standard] victims: v1 done, v2 done, v3 done, v4 done, v5 done
    [standard | frog-airplane t5/10 idx=5458] poison_CTA=0.8146 poison_ASR=100%
  [frog-airplane t6/10 idx=1644] fc craft_obj=0.3793 linf=0.0314
    [standard] victims: v1 done, v2 done, v3 done, v4 done, v5 done
    [standard | frog-airplane t6/10 idx=1644] poison_CTA=0.8103 poison_ASR=80%
  [frog-airplane t7/10 idx=7344] fc craft_obj=0.3494 linf=0.0314
    [standard] victims: v1 done, v2 done, v3 done, v4 done, v5 done
    [standard | frog-airplane t7/10 idx=7344] poison_CTA=0.8120 poison_ASR=100%
  [frog-airplane t8/10 idx=7446] fc craft_obj=0.4574 linf=0.0314
    [standard] victims: v1 done, v2 done, v3 done, v4 done, v5 done
    [standard | frog-airplane t8/10 idx=7446] poison_CTA=0.8103 poison_ASR=40%
  [frog-airplane t9/10 idx=5411] fc craft_obj=0.4081 linf=0.0314
    [standard] victims: v1 done, v2 done, v3 done, v4 done, v5 done
    [standard | frog-airplane t9/10 idx=5411] poison_CTA=0.8056 poison_ASR=100%
  [frog-airplane t10/10 idx=8542] fc craft_obj=0.3681 linf=0.0314
    [standard] victims: v1 done, v2 done, v3 done, v4 done, v5 done
    [standard | frog-airplane t10/10 idx=8542] poison_CTA=0.8118 poison_ASR=60%

  ==== pair frog-airplane (fc) summary over 10 targets x 5 victims = 50 votes ====
    [standard                    ] poison CTA = 0.8098 +/- 0.0086   poison ASR = 80.0% +/- 40.0%
      tally (['airplane', 'automobile', 'bird', 'cat', 'deer', 'dog', 'frog', 'horse', 'ship', 'truck']): [3, 1, 2, 3, 0, 1, 40, 0, 0, 0]

[2026-07-02 14:55:00] wrote r


(ENV) mmoslem3@rack04-15:~/scratch/DD-attack$ sh main_FC.sh 
=== main_FC.sh started 2026-07-02 14:05:32 — logging to logs/main_FC_20260702_140532.log ===
=== [2026-07-02 14:05:32] budget=0.01 ===
[2026-07-02 14:05:38] --parallel_victims set but <2 GPUs in CUDA_VISIBLE_DEVICES ('0'); running victims sequentially
[2026-07-02 14:05:38] device=cuda
[2026-07-02 14:05:38] hyperparams: {'dataset': 'CIFAR10', 'data_path': '/home/mmoslem3/scratch/data', 'model': 'ConvNetBN', 'out_dir': 'result/standard_nodistill', 'seed': 0, 'target_idx_file': None, 'dsa_strategy': 'color_crop_cutout_flip_scale_rotate', 'syn_data_path': 'result/res_DM_CIFAR10_ConvNet_50ipc.pt', 'surrogate_model': 'ConvNetBN', 'num_surrogates': 4, 'surrogate_epochs': 80, 'surrogate_lr': 0.01, 'surrogate_bs': 256, 'attack': 'fc', 'class_pairs': ['frog-airplane'], 'budget': 0.01, 'epsilon': 0.0313725, 'pgd_steps': 100, 'pgd_alpha': 0.0039216, 'restarts': 1, 'lambda_margin': 1.0, 'num_targets': 10, 'num_victims': 5, 'target_select': 'random', 'easy_targets': True, 'target_cache_dir': 'result/target_cache', 'parallel_victims': True, 'victim_epochs': 40, 'victim_lr': 0.1, 'victim_bs': 256, 'victim_decay': [35], 'victim_aug': False, 'clean_baseline': False, 'num_clean_victims': None, 'cache_dir': '', 'precompute_only': False, 'base_dist': 'l2', 'random_select': True, 'multilayer': True, 'curv_select': False, 'lambda_curv': 1.0, 'curv_damping': 1.0, 'curv_cg_iters': 10, 'curv_hessian_bs': 512, 'curv_cand_bs': 128, 'exact_select': False, 'if_damping': 0.01, 'if_cg_iters': 100, 'if_cg_tol': 0.0001, 'if_fd_h': 0.01, 'if_last_layer': False, 'if_hess_source': 'syn', 'if_hess_size': 0, 'if_max_surrogates': 0, 'verbose': False, 'single_surrogate': True, 'fast_gradmatch': False, 'surrogate_on_full_data': True, 'victim_pipelines': ['standard'], 'poison_cache_dir': '', 'log_file': ''}
[2026-07-02 14:05:38] victim pipelines (ablations): ['standard']
[2026-07-02 14:05:50] N_total=50000  budget=0.0100 -> N_p=500 poisons (all in y_adv class)

[2026-07-02 14:05:50] === training 4 surrogates (ConvNetBN) on FULL real data (80 ep each) ===
[2026-07-02 14:07:33] Evaluate_00: epoch = 0080 train time = 101 s train loss = 0.002273 train acc = 1.0000, test acc = 0.8359
[2026-07-02 14:09:15] Evaluate_01: epoch = 0080 train time = 101 s train loss = 0.002260 train acc = 1.0000, test acc = 0.8294
[2026-07-02 14:10:57] Evaluate_02: epoch = 0080 train time = 101 s train loss = 0.002271 train acc = 1.0000, test acc = 0.8274
[2026-07-02 14:12:39] Evaluate_03: epoch = 0080 train time = 101 s train loss = 0.002306 train acc = 1.0000, test acc = 0.8294

[2026-07-02 14:12:39] ################ pair frog-airplane : y_adv=6(frog)  target_class=0(airplane) ################
  targets (easy, loaded cache result/target_cache/easy_targets_ConvNetBN_frog-airplane_n10_seed0.json): [(2442, 'deer'), (4903, 'bird'), (2533, 'ship'), (2130, 'airplane'), (5458, 'cat'), (1644, 'bird'), (7344, 'deer'), (7446, 'dog'), (5411, 'bird'), (8542, 'bird')]
  [frog-airplane t1/10 idx=2442] fc craft_obj=0.3716 linf=0.0314
    [standard] victims: v1 done, v2 done, v3 done, v4 done, v5 done
    [standard | frog-airplane t1/10 idx=2442] poison_CTA=0.8051 poison_ASR=80%
  [frog-airplane t2/10 idx=4903] fc craft_obj=0.3742 linf=0.0314
    [standard] victims: v1 done, v2 done, v3 done, v4 done, v5 done
    [standard | frog-airplane t2/10 idx=4903] poison_CTA=0.8141 poison_ASR=100%
  [frog-airplane t3/10 idx=2533] fc craft_obj=0.3613 linf=0.0314
    [standard] victims: v1 done, v2 done, v3 done, v4 done, v5 done
    [standard | frog-airplane t3/10 idx=2533] poison_CTA=0.8142 poison_ASR=60%
  [frog-airplane t4/10 idx=2130] fc craft_obj=0.7323 linf=0.0314
    [standard] victims: v1 done, v2 done, v3 done, v4 done, v5 done
    [standard | frog-airplane t4/10 idx=2130] poison_CTA=0.8156 poison_ASR=60%
  [frog-airplane t5/10 idx=5458] fc craft_obj=0.4050 linf=0.0314
    [standard] victims: v1 done, v2 done, v3 done, v4 done, v5 done
    [standard | frog-airplane t5/10 idx=5458] poison_CTA=0.8139 poison_ASR=100%
  [frog-airplane t6/10 idx=1644] fc craft_obj=0.3533 linf=0.0314
    [standard] victims: v1 done, v2 done, v3 done, v4 done, v5 done
    [standard | frog-airplane t6/10 idx=1644] poison_CTA=0.8138 poison_ASR=80%
  [frog-airplane t7/10 idx=7344] fc craft_obj=0.3415 linf=0.0314
    [standard] victims: v1 done, v2 done, v3 done, v4 done, v5 done
    [standard | frog-airplane t7/10 idx=7344] poison_CTA=0.8105 poison_ASR=100%
  [frog-airplane t8/10 idx=7446] fc craft_obj=0.4342 linf=0.0314
    [standard] victims: v1 done, v2 done, v3 done, v4 done, v5 done
    [standard | frog-airplane t8/10 idx=7446] poison_CTA=0.8119 poison_ASR=80%
  [frog-airplane t9/10 idx=5411] fc craft_obj=0.3616 linf=0.0314
    [standard] victims: v1 done, v2 done, v3 done, v4 done, v5 done
    [standard | frog-airplane t9/10 idx=5411] poison_CTA=0.8005 poison_ASR=100%
  [frog-airplane t10/10 idx=8542] fc craft_obj=0.3513 linf=0.0314
    [standard] victims: v1 done, v2 done, v3 done, v4 done, v5 done
    [standard | frog-airplane t10/10 idx=8542] poison_CTA=0.8128 poison_ASR=80%

  ==== pair frog-airplane (fc) summary over 10 targets x 5 victims = 50 votes ====
    [standard                    ] poison CTA = 0.8112 +/- 0.0082   poison ASR = 84.0% +/- 36.7%
      tally (['airplane', 'automobile', 'bird', 'cat', 'deer', 'dog', 'frog', 'horse', 'ship', 'truck']): [2, 1, 1, 1, 1, 2, 42, 0, 0, 0]

[2026-07


(ENV) mmoslem3@rack10-15:~/scratch/DD-attack$ sh main_FC.sh 
=== main_FC.sh started 2026-07-02 14:05:28 — logging to logs/main_FC_20260702_140528.log ===
=== [2026-07-02 14:05:28] budget=0.02 ===
[2026-07-02 14:05:33] --parallel_victims set but <2 GPUs in CUDA_VISIBLE_DEVICES ('0'); running victims sequentially
[2026-07-02 14:05:33] device=cuda
[2026-07-02 14:05:33] hyperparams: {'dataset': 'CIFAR10', 'data_path': '/home/mmoslem3/scratch/data', 'model': 'ConvNetBN', 'out_dir': 'result/standard_nodistill', 'seed': 0, 'target_idx_file': None, 'dsa_strategy': 'color_crop_cutout_flip_scale_rotate', 'syn_data_path': 'result/res_DM_CIFAR10_ConvNet_50ipc.pt', 'surrogate_model': 'ConvNetBN', 'num_surrogates': 4, 'surrogate_epochs': 80, 'surrogate_lr': 0.01, 'surrogate_bs': 256, 'attack': 'fc', 'class_pairs': ['frog-airplane'], 'budget': 0.02, 'epsilon': 0.0313725, 'pgd_steps': 100, 'pgd_alpha': 0.0039216, 'restarts': 1, 'lambda_margin': 1.0, 'num_targets': 10, 'num_victims': 5, 'target_select': 'random', 'easy_targets': True, 'target_cache_dir': 'result/target_cache', 'parallel_victims': True, 'victim_epochs': 40, 'victim_lr': 0.1, 'victim_bs': 256, 'victim_decay': [35], 'victim_aug': False, 'clean_baseline': False, 'num_clean_victims': None, 'cache_dir': '', 'precompute_only': False, 'base_dist': 'l2', 'random_select': True, 'multilayer': True, 'curv_select': False, 'lambda_curv': 1.0, 'curv_damping': 1.0, 'curv_cg_iters': 10, 'curv_hessian_bs': 512, 'curv_cand_bs': 128, 'exact_select': False, 'if_damping': 0.01, 'if_cg_iters': 100, 'if_cg_tol': 0.0001, 'if_fd_h': 0.01, 'if_last_layer': False, 'if_hess_source': 'syn', 'if_hess_size': 0, 'if_max_surrogates': 0, 'verbose': False, 'single_surrogate': True, 'fast_gradmatch': False, 'surrogate_on_full_data': True, 'victim_pipelines': ['standard'], 'poison_cache_dir': '', 'log_file': ''}
[2026-07-02 14:05:33] victim pipelines (ablations): ['standard']
[2026-07-02 14:05:45] N_total=50000  budget=0.0200 -> N_p=1000 poisons (all in y_adv class)

[2026-07-02 14:05:45] === training 4 surrogates (ConvNetBN) on FULL real data (80 ep each) ===
[2026-07-02 14:07:28] Evaluate_00: epoch = 0080 train time = 101 s train loss = 0.002505 train acc = 1.0000, test acc = 0.8300
[2026-07-02 14:09:10] Evaluate_01: epoch = 0080 train time = 101 s train loss = 0.002248 train acc = 1.0000, test acc = 0.8324
[2026-07-02 14:10:52] Evaluate_02: epoch = 0080 train time = 101 s train loss = 0.002269 train acc = 1.0000, test acc = 0.8282
[2026-07-02 14:12:34] Evaluate_03: epoch = 0080 train time = 101 s train loss = 0.002273 train acc = 1.0000, test acc = 0.8309

[2026-07-02 14:12:34] ################ pair frog-airplane : y_adv=6(frog)  target_class=0(airplane) ################
  targets (easy, loaded cache result/target_cache/easy_targets_ConvNetBN_frog-airplane_n10_seed0.json): [(2442, 'deer'), (4903, 'bird'), (2533, 'ship'), (2130, 'airplane'), (5458, 'cat'), (1644, 'bird'), (7344, 'deer'), (7446, 'dog'), (5411, 'bird'), (8542, 'bird')]
  [frog-airplane t1/10 idx=2442] fc craft_obj=0.3904 linf=0.0314
    [standard] victims: v1 done, v2 done, v3 done, v4 done, v5 done
    [standard | frog-airplane t1/10 idx=2442] poison_CTA=0.8049 poison_ASR=100%
  [frog-airplane t2/10 idx=4903] fc craft_obj=0.3854 linf=0.0314
    [standard] victims: v1 done, v2 done, v3 done, v4 done, v5 done
    [standard | frog-airplane t2/10 idx=4903] poison_CTA=0.8099 poison_ASR=100%
  [frog-airplane t3/10 idx=2533] fc craft_obj=0.3685 linf=0.0314
    [standard] victims: v1 done, v2 done, v3 done, v4 done, v5 done
    [standard | frog-airplane t3/10 idx=2533] poison_CTA=0.8074 poison_ASR=100%
  [frog-airplane t4/10 idx=2130] fc craft_obj=0.7255 linf=0.0314
    [standard] victims: v1 done, v2 done, v3 done, v4 done, v5 done
    [standard | frog-airplane t4/10 idx=2130] poison_CTA=0.8114 poison_ASR=20%
  [frog-airplane t5/10 idx=5458] fc craft_obj=0.3929 linf=0.0314
    [standard] victims: v1 done, v2 done, v3 done, v4 done, v5 done
    [standard | frog-airplane t5/10 idx=5458] poison_CTA=0.8153 poison_ASR=100%
  [frog-airplane t6/10 idx=1644] fc craft_obj=0.3856 linf=0.0314
    [standard] victims: v1 done, v2 done, v3 done, v4 done, v5 done
    [standard | frog-airplane t6/10 idx=1644] poison_CTA=0.7880 poison_ASR=100%
  [frog-airplane t7/10 idx=7344] fc craft_obj=0.3669 linf=0.0314
    [standard] victims: v1 done, v2 done, v3 done, v4 done, v5 done
    [standard | frog-airplane t7/10 idx=7344] poison_CTA=0.8053 poison_ASR=100%
  [frog-airplane t8/10 idx=7446] fc craft_obj=0.4702 linf=0.0314
    [standard] victims: v1 done, v2 done, v3 done, v4 done, v5 done
    [standard | frog-airplane t8/10 idx=7446] poison_CTA=0.8152 poison_ASR=80%
  [frog-airplane t9/10 idx=5411] fc craft_obj=0.3904 linf=0.0314
    [standard] victims: v1 done, v2 done, v3 done, v4 done, v5 done
    [standard | frog-airplane t9/10 idx=5411] poison_CTA=0.8109 poison_ASR=100%
  [frog-airplane t10/10 idx=8542] fc craft_obj=0.3757 linf=0.0314
    [standard] victims: v1 done, v2 done, v3 done, v4 done, v5 done
    [standard | frog-airplane t10/10 idx=8542] poison_CTA=0.8058 poison_ASR=80%

  ==== pair frog-airplane (fc) summary over 10 targets x 5 victims = 50 votes ====
    [standard                    ] poison CTA = 0.8074 +/- 0.0172   poison ASR = 88.0% +/- 32.5%
      tally (['airplane', 'automobile', 'bird', 'cat', 'deer', 'dog', 'frog', 'horse', 'ship', 'truck']): [3, 0, 2, 1, 0, 0, 44, 0, 0, 0]



(ENV) mmoslem3@rack05-10:~/scratch/DD-attack$ sh main_FC.sh 
=== main_FC.sh started 2026-07-02 14:04:11 — logging to logs/main_FC_20260702_140411.log ===
=== [2026-07-02 14:04:11] budget=0.05 ===
[2026-07-02 14:04:22] --parallel_victims set but <2 GPUs in CUDA_VISIBLE_DEVICES ('0'); running victims sequentially
[2026-07-02 14:04:23] device=cuda
[2026-07-02 14:04:23] hyperparams: {'dataset': 'CIFAR10', 'data_path': '/home/mmoslem3/scratch/data', 'model': 'ConvNetBN', 'out_dir': 'result/standard_nodistill', 'seed': 0, 'target_idx_file': None, 'dsa_strategy': 'color_crop_cutout_flip_scale_rotate', 'syn_data_path': 'result/res_DM_CIFAR10_ConvNet_50ipc.pt', 'surrogate_model': 'ConvNetBN', 'num_surrogates': 4, 'surrogate_epochs': 80, 'surrogate_lr': 0.01, 'surrogate_bs': 256, 'attack': 'fc', 'class_pairs': ['frog-airplane'], 'budget': 0.05, 'epsilon': 0.0313725, 'pgd_steps': 100, 'pgd_alpha': 0.0039216, 'restarts': 1, 'lambda_margin': 1.0, 'num_targets': 10, 'num_victims': 5, 'target_select': 'random', 'easy_targets': True, 'target_cache_dir': 'result/target_cache', 'parallel_victims': True, 'victim_epochs': 40, 'victim_lr': 0.1, 'victim_bs': 256, 'victim_decay': [35], 'victim_aug': False, 'clean_baseline': False, 'num_clean_victims': None, 'cache_dir': '', 'precompute_only': False, 'base_dist': 'l2', 'random_select': True, 'multilayer': True, 'curv_select': False, 'lambda_curv': 1.0, 'curv_damping': 1.0, 'curv_cg_iters': 10, 'curv_hessian_bs': 512, 'curv_cand_bs': 128, 'exact_select': False, 'if_damping': 0.01, 'if_cg_iters': 100, 'if_cg_tol': 0.0001, 'if_fd_h': 0.01, 'if_last_layer': False, 'if_hess_source': 'syn', 'if_hess_size': 0, 'if_max_surrogates': 0, 'verbose': False, 'single_surrogate': True, 'fast_gradmatch': False, 'surrogate_on_full_data': True, 'victim_pipelines': ['standard'], 'poison_cache_dir': '', 'log_file': ''}
[2026-07-02 14:04:23] victim pipelines (ablations): ['standard']
[2026-07-02 14:04:35] N_total=50000  budget=0.0500 -> N_p=2500 poisons (all in y_adv class)

[2026-07-02 14:04:35] === training 4 surrogates (ConvNetBN) on FULL real data (80 ep each) ===
[2026-07-02 14:06:18] Evaluate_00: epoch = 0080 train time = 102 s train loss = 0.002340 train acc = 1.0000, test acc = 0.8343
[2026-07-02 14:08:00] Evaluate_01: epoch = 0080 train time = 101 s train loss = 0.002251 train acc = 1.0000, test acc = 0.8281
[2026-07-02 14:09:42] Evaluate_02: epoch = 0080 train time = 101 s train loss = 0.002366 train acc = 1.0000, test acc = 0.8302
[2026-07-02 14:11:24] Evaluate_03: epoch = 0080 train time = 101 s train loss = 0.002243 train acc = 1.0000, test acc = 0.8289

[2026-07-02 14:11:24] ################ pair frog-airplane : y_adv=6(frog)  target_class=0(airplane) ################
  targets (easy, loaded cache result/target_cache/easy_targets_ConvNetBN_frog-airplane_n10_seed0.json): [(2442, 'deer'), (4903, 'bird'), (2533, 'ship'), (2130, 'airplane'), (5458, 'cat'), (1644, 'bird'), (7344, 'deer'), (7446, 'dog'), (5411, 'bird'), (8542, 'bird')]
  [frog-airplane t1/10 idx=2442] fc craft_obj=0.3759 linf=0.0314
    [standard] victims: v1 done, v2 done, v3 done, v4 done, v5 done
    [standard | frog-airplane t1/10 idx=2442] poison_CTA=0.8107 poison_ASR=100%
  [frog-airplane t2/10 idx=4903] fc craft_obj=0.3589 linf=0.0314
    [standard] victims: v1 done, v2 done, v3 done, v4 done, v5 done
    [standard | frog-airplane t2/10 idx=4903] poison_CTA=0.8042 poison_ASR=100%
  [frog-airplane t3/10 idx=2533] fc craft_obj=0.3732 linf=0.0314
    [standard] victims: v1 done, v2 done, v3 done, v4 done, v5 done
    [standard | frog-airplane t3/10 idx=2533] poison_CTA=0.8097 poison_ASR=100%
  [frog-airplane t4/10 idx=2130] fc craft_obj=0.6284 linf=0.0314
    [standard] victims: v1 done, v2 done, v3 done, v4 done, v5 done
    [standard | frog-airplane t4/10 idx=2130] poison_CTA=0.8128 poison_ASR=100%
  [frog-airplane t5/10 idx=5458] fc craft_obj=0.3808 linf=0.0314
    [standard] victims: v1 done, v2 done, v3 done, v4 done, v5 done
    [standard | frog-airplane t5/10 idx=5458] poison_CTA=0.8049 poison_ASR=100%
  [frog-airplane t6/10 idx=1644] fc craft_obj=0.3692 linf=0.0314
    [standard] victims: v1 done, v2 done, v3 done, v4 done, v5 done
    [standard | frog-airplane t6/10 idx=1644] poison_CTA=0.8073 poison_ASR=100%
  [frog-airplane t7/10 idx=7344] fc craft_obj=0.3690 linf=0.0314
    [standard] victims: v1 done, v2 done, v3 done, v4 done, v5 done
    [standard | frog-airplane t7/10 idx=7344] poison_CTA=0.8136 poison_ASR=100%
  [frog-airplane t8/10 idx=7446] fc craft_obj=0.4296 linf=0.0314
    [standard] victims: v1 done, v2 done, v3 done, v4 done, v5 done
    [standard | frog-airplane t8/10 idx=7446] poison_CTA=0.8088 poison_ASR=100%
  [frog-airplane t9/10 idx=5411] fc craft_obj=0.3968 linf=0.0314
    [standard] victims: v1 done, v2 done, v3 done, v4 done, v5 done
    [standard | frog-airplane t9/10 idx=5411] poison_CTA=0.8088 poison_ASR=100%
  [frog-airplane t10/10 idx=8542] fc craft_obj=0.3846 linf=0.0314
    [standard] victims: v1 done, v2 done, v3 done, v4 done, v5 done
    [standard | frog-airplane t10/10 idx=8542] poison_CTA=0.8119 poison_ASR=100%

  ==== pair frog-airplane (fc) summary over 10 targets x 5 victims = 50 votes ====
    [standard                    ] poison CTA = 0.8093 +/- 0.0073   poison ASR = 100.0% +/- 0.0%
      tally (['airplane', 'automobile', 'bird', 'cat', 'deer', 'dog', 'frog', 'horse', 'ship', 'truck']): [0, 0, 0, 0, 0, 0, 50, 0, 0, 0]

[2026-07-02 14:54:18] wrot


=== main_FC.sh started 2026-07-02 16:36:58 — logging to logs/main_FC_20260702_163658.log ===
=== [2026-07-02 16:36:58] budget=0.05 ===
[2026-07-02 16:37:09] device=cuda
[2026-07-02 16:37:09] hyperparams: {'dataset': 'CIFAR10', 'data_path': '/home/mmoslem3/scratch/data', 'model': 'ConvNetBN', 'out_dir': 'result/standard_nodistill', 'seed': 0, 'target_idx_file': None, 'dsa_strategy': 'color_crop_cutout_flip_scale_rotate', 'syn_data_path': 'result/res_DM_CIFAR10_ConvNet_50ipc.pt', 'surrogate_model': 'ConvNetBN', 'num_surrogates': 4, 'surrogate_epochs': 80, 'surrogate_lr': 0.01, 'surrogate_bs': 256, 'attack': 'gradmatch', 'class_pairs': ['frog-airplane'], 'budget': 0.05, 'epsilon': 0.0313725, 'pgd_steps': 100, 'pgd_alpha': 0.0039216, 'restarts': 4, 'lambda_margin': 1.0, 'num_targets': 10, 'num_victims': 5, 'target_select': 'random', 'easy_targets': 0.7, 'target_cache_dir': 'result/target_cache', 'parallel_victims': False, 'victim_epochs': 40, 'victim_lr': 0.1, 'victim_bs': 256, 'victim_decay': [35], 'victim_aug': False, 'clean_baseline': False, 'num_clean_victims': None, 'cache_dir': '', 'precompute_only': False, 'base_dist': 'l2', 'random_select': False, 'multilayer': True, 'curv_select': False, 'lambda_curv': 1.0, 'curv_damping': 1.0, 'curv_cg_iters': 10, 'curv_hessian_bs': 512, 'curv_cand_bs': 128, 'exact_select': True, 'if_damping': 0.01, 'if_cg_iters': 100, 'if_cg_tol': 0.0001, 'if_fd_h': 0.01, 'if_last_layer': False, 'if_hess_source': 'syn', 'if_hess_size': 512, 'if_max_surrogates': 1, 'verbose': True, 'single_surrogate': True, 'fast_gradmatch': False, 'surrogate_on_full_data': True, 'victim_pipelines': ['standard'], 'poison_cache_dir': '', 'log_file': ''}
[2026-07-02 16:37:09] victim pipelines (ablations): ['standard']
[2026-07-02 16:37:22] N_total=50000  budget=0.0500 -> N_p=2500 poisons (all in y_adv class)

[2026-07-02 16:37:22] === training 4 surrogates (ConvNetBN) on FULL real data (80 ep each) ===
[2026-07-02 16:39:06] Evaluate_00: epoch = 0080 train time = 102 s train loss = 0.002261 train acc = 1.0000, test acc = 0.8318
[2026-07-02 16:40:48] Evaluate_01: epoch = 0080 train time = 101 s train loss = 0.002304 train acc = 1.0000, test acc = 0.8312
[2026-07-02 16:42:30] Evaluate_02: epoch = 0080 train time = 101 s train loss = 0.002291 train acc = 1.0000, test acc = 0.8354
[2026-07-02 16:44:12] Evaluate_03: epoch = 0080 train time = 101 s train loss = 0.002357 train acc = 1.0000, test acc = 0.8290
[2026-07-02 16:44:12] exact-IF Hessian set = 512 real train images

[2026-07-02 16:44:12] ################ pair frog-airplane : y_adv=6(frog)  target_class=0(airplane) ################
  targets (easy, label!=frog, saved cache result/target_cache/easy_targets_ConvNetBN_frog-airplane_n10_seed0_e0.70.json): [(9613, 'deer'), (2159, 'ship'), (3706, 'deer'), (916, 'cat'), (3051, 'ship'), (5450, 'dog'), (8074, 'horse'), (3208, 'truck'), (3079, 'ship'), (4871, 'horse')]
      [exact] CG iters used per surrogate: [100]
  [frog-airplane t1/10 idx=9613] gradmatch craft_obj=0.1063 linf=0.0314
    [standard] victims: v1 done, v2 done, v3 done, v4 done, v5 done
    [standard | frog-airplane t1/10 idx=9613] poison_CTA=0.8029 poison_ASR=100%
      [exact] CG iters used per surrogate: [100]
  [frog-airplane t2/10 idx=2159] gradmatch craft_obj=0.1569 linf=0.0314
    [standard] victims: v1 done, v2 done, v3 done, v4 done, v5 done
    [standard | frog-airplane t2/10 idx=2159] poison_CTA=0.8092 poison_ASR=100%
      [exact] CG iters used per surrogate: [100]
  [frog-airplane t3/10 idx=3706] gradmatch craft_obj=0.0910 linf=0.0314
    [standard] victims: v1 done, v2 done, v3 done, v4 done, v5 done
    [standard | frog-airplane t3/10 idx=3706] poison_CTA=0.8013 poison_ASR=100%
      [exact] CG iters used per surrogate: [100]
  [frog-airplane t4/10 idx=916] gradmatch craft_obj=0.1681 linf=0.0314
    [standard] victims: v1 done, v2 done, v3 done, v4 done, v5 done
    [standard | frog-airplane t4/10 idx=916] poison_CTA=0.8054 poison_ASR=100%
      [exact] CG iters used per surrogate: [100]
  [frog-airplane t5/10 idx=3051] gradmatch craft_obj=0.1523 linf=0.0314
    [standard] victims: v1 done, v2 done, v3 done, v4 done, v5 done
    [standard | frog-airplane t5/10 idx=3051] poison_CTA=0.8043 poison_ASR=80%
      [exact] CG iters used per surrogate: [100]
  [frog-airplane t6/10 idx=5450] gradmatch craft_obj=0.1994 linf=0.0314
    [standard] victims: v1 done, v2 done, v3 done, v4 done, v5 done
    [standard | frog-airplane t6/10 idx=5450] poison_CTA=0.8107 poison_ASR=100%
      [exact] CG iters used per surrogate: [100]
  [frog-airplane t7/10 idx=8074] gradmatch craft_obj=0.2160 linf=0.0314
    [standard] victims: v1 done, v2 done, v3 done, v4 done, v5 done
    [standard | frog-airplane t7/10 idx=8074] poison_CTA=0.8021 poison_ASR=20%
      [exact] CG iters used per surrogate: [100]
  [frog-airplane t8/10 idx=3208] gradmatch craft_obj=0.1031 linf=0.0314
    [standard] victims: v1 done, v2 done, v3 done, v4 done, v5 done
    [standard | frog-airplane t8/10 idx=3208] poison_CTA=0.8057 poison_ASR=20%
      [exact] CG iters used per surrogate: [100]
  [frog-airplane t9/10 idx=3079] gradmatch craft_obj=0.1276 linf=0.0314
    [standard] victims: v1 done, v2 done, v3 done, v4 done, v5 done
    [standard | frog-airplane t9/10 idx=3079] poison_CTA=0.8137 poison_ASR=80%
      [exact] CG iters used per surrogate: [100]
  [frog-airplane t10/10 idx=4871] gradmatch craft_obj=0.1616 linf=0.0314
    [standard] victims: v1 done, v2 done, v3 done, v4 done, v5 done
    [standard | frog-airplane t10/10 idx=4871] poison_CTA=0.7993 poison_ASR=100%

  ==== pair frog-airplane (gradmatch) summary over 10 targets x 5 victims = 50 votes ====
    [standard                    ] poison CTA = 0.8055 +/- 0.0077   poison ASR = 80.0% +/- 40.0%
      tally (['airplane', 'automobile', 'bird', 'cat', 'deer', 'dog', 'frog', 'horse', 'ship', 'truck']): [0, 0, 0, 1, 0, 0, 40, 3, 3, 3]

      /DD-attack$ cd scratch/DD-attack^C
(ENV) mmoslem3@rack06-13:~/scratch/DD-attack$ sh main_FC.sh 
=== main_FC.sh started 2026-07-02 16:37:15 — logging to logs/main_FC_20260702_163715.log ===
=== [2026-07-02 16:37:15] budget=0.02 ===
[2026-07-02 16:37:20] device=cuda
[2026-07-02 16:37:20] hyperparams: {'dataset': 'CIFAR10', 'data_path': '/home/mmoslem3/scratch/data', 'model': 'ConvNetBN', 'out_dir': 'result/standard_nodistill', 'seed': 0, 'target_idx_file': None, 'dsa_strategy': 'color_crop_cutout_flip_scale_rotate', 'syn_data_path': 'result/res_DM_CIFAR10_ConvNet_50ipc.pt', 'surrogate_model': 'ConvNetBN', 'num_surrogates': 4, 'surrogate_epochs': 80, 'surrogate_lr': 0.01, 'surrogate_bs': 256, 'attack': 'gradmatch', 'class_pairs': ['frog-airplane'], 'budget': 0.02, 'epsilon': 0.0313725, 'pgd_steps': 100, 'pgd_alpha': 0.0039216, 'restarts': 4, 'lambda_margin': 1.0, 'num_targets': 10, 'num_victims': 5, 'target_select': 'random', 'easy_targets': 0.7, 'target_cache_dir': 'result/target_cache', 'parallel_victims': False, 'victim_epochs': 40, 'victim_lr': 0.1, 'victim_bs': 256, 'victim_decay': [35], 'victim_aug': False, 'clean_baseline': False, 'num_clean_victims': None, 'cache_dir': '', 'precompute_only': False, 'base_dist': 'l2', 'random_select': False, 'multilayer': True, 'curv_select': False, 'lambda_curv': 1.0, 'curv_damping': 1.0, 'curv_cg_iters': 10, 'curv_hessian_bs': 512, 'curv_cand_bs': 128, 'exact_select': True, 'if_damping': 0.01, 'if_cg_iters': 100, 'if_cg_tol': 0.0001, 'if_fd_h': 0.01, 'if_last_layer': False, 'if_hess_source': 'syn', 'if_hess_size': 512, 'if_max_surrogates': 1, 'verbose': True, 'single_surrogate': True, 'fast_gradmatch': False, 'surrogate_on_full_data': True, 'victim_pipelines': ['standard'], 'poison_cache_dir': '', 'log_file': ''}
[2026-07-02 16:37:20] victim pipelines (ablations): ['standard']
[2026-07-02 16:37:32] N_total=50000  budget=0.0200 -> N_p=1000 poisons (all in y_adv class)

[2026-07-02 16:37:32] === training 4 surrogates (ConvNetBN) on FULL real data (80 ep each) ===
[2026-07-02 16:39:15] Evaluate_00: epoch = 0080 train time = 101 s train loss = 0.002215 train acc = 1.0000, test acc = 0.8304
[2026-07-02 16:40:57] Evaluate_01: epoch = 0080 train time = 101 s train loss = 0.002205 train acc = 1.0000, test acc = 0.8332
[2026-07-02 16:42:38] Evaluate_02: epoch = 0080 train time = 101 s train loss = 0.002158 train acc = 1.0000, test acc = 0.8347
[2026-07-02 16:44:20] Evaluate_03: epoch = 0080 train time = 101 s train loss = 0.002308 train acc = 1.0000, test acc = 0.8314
[2026-07-02 16:44:20] exact-IF Hessian set = 512 real train images

[2026-07-02 16:44:20] ################ pair frog-airplane : y_adv=6(frog)  target_class=0(airplane) ################
  targets (easy, loaded cache result/target_cache/easy_targets_ConvNetBN_frog-airplane_n10_seed0_e0.70.json): [(9613, 'deer'), (2159, 'ship'), (3706, 'deer'), (916, 'cat'), (3051, 'ship'), (5450, 'dog'), (8074, 'horse'), (3208, 'truck'), (3079, 'ship'), (4871, 'horse')]
      [exact] CG iters used per surrogate: [100]
  [frog-airplane t1/10 idx=9613] gradmatch craft_obj=0.1169 linf=0.0314
    [standard] victims: v1 done, v2 done, v3 done, v4 done, v5 done
    [standard | frog-airplane t1/10 idx=9613] poison_CTA=0.8048 poison_ASR=60%
      [exact] CG iters used per surrogate: [100]
  [frog-airplane t2/10 idx=2159] gradmatch craft_obj=0.1368 linf=0.0314
    [standard] victims: v1 done, v2 done, v3 done, v4 done, v5 done
    [standard | frog-airplane t2/10 idx=2159] poison_CTA=0.8058 poison_ASR=60%
      [exact] CG iters used per surrogate: [100]
  [frog-airplane t3/10 idx=3706] gradmatch craft_obj=0.0968 linf=0.0314
    [standard] victims: v1 done, v2 done, v3 done, v4 done, v5 done
    [standard | frog-airplane t3/10 idx=3706] poison_CTA=0.8037 poison_ASR=100%
      [exact] CG iters used per surrogate: [100]
  [frog-airplane t4/10 idx=916] gradmatch craft_obj=0.1708 linf=0.0314
    [standard] victims: v1 done, v2 done, v3 done, v4 done, v5 done
    [standard | frog-airplane t4/10 idx=916] poison_CTA=0.8116 poison_ASR=100%
      [exact] CG iters used per surrogate: [100]
  [frog-airplane t5/10 idx=3051] gradmatch craft_obj=0.1662 linf=0.0314
    [standard] victims: v1 done, v2 done, v3 done, v4 done, v5 done
    [standard | frog-airplane t5/10 idx=3051] poison_CTA=0.8050 poison_ASR=20%
      [exact] CG iters used per surrogate: [100]
  [frog-airplane t6/10 idx=5450] gradmatch craft_obj=0.1967 linf=0.0314
    [standard] victims: v1 done, v2 done, v3 done, v4 done, v5 done
    [standard | frog-airplane t6/10 idx=5450] poison_CTA=0.8118 poison_ASR=100%
      [exact] CG iters used per surrogate: [100]
  [frog-airplane t7/10 idx=8074] gradmatch craft_obj=0.1595 linf=0.0314
    [standard] victims: v1 done, v2 done, v3 done, v4 done, v5 done
    [standard | frog-airplane t7/10 idx=8074] poison_CTA=0.8075 poison_ASR=40%
      [exact] CG iters used per surrogate: [100]
  [frog-airplane t8/10 idx=3208] gradmatch craft_obj=0.1584 linf=0.0314
    [standard] victims: v1 done, v2 done, v3 done, v4 done, v5 done
    [standard | frog-airplane t8/10 idx=3208] poison_CTA=0.8081 poison_ASR=20%
      [exact] CG iters used per surrogate: [100]
  [frog-airplane t9/10 idx=3079] gradmatch craft_obj=0.1913 linf=0.0314
    [standard] victims: v1 done, v2 done, v3 done, v4 done, v5 done
    [standard | frog-airplane t9/10 idx=3079] poison_CTA=0.8037 poison_ASR=0%
      [exact] CG iters used per surrogate: [100]
  [frog-airplane t10/10 idx=4871] gradmatch craft_obj=0.1617 linf=0.0314
    [standard] victims: v1 done, v2 done, v3 done, v4 done, v5 done
    [standard | frog-airplane t10/10 idx=4871] poison_CTA=0.8080 poison_ASR=80%

  ==== pair frog-airplane (gradmatch) summary over 10 targets x 5 victims = 50 votes ====
    [standard                    ] poison CTA = 0.8070 +/- 0.0084   poison ASR = 58.0% +/- 49.4%
      tally (['airplane', 'automobile', 'bird', 'cat', 'deer', 'dog', 'frog', 'horse', 'ship', 't

      == [2026-07-02 16:37:47] budget=0.01 ===
[2026-07-02 16:37:50] device=cuda
[2026-07-02 16:37:50] hyperparams: {'dataset': 'CIFAR10', 'data_path': '/home/mmoslem3/scratch/data', 'model': 'ConvNetBN', 'out_dir': 'result/standard_nodistill', 'seed': 0, 'target_idx_file': None, 'dsa_strategy': 'color_crop_cutout_flip_scale_rotate', 'syn_data_path': 'result/res_DM_CIFAR10_ConvNet_50ipc.pt', 'surrogate_model': 'ConvNetBN', 'num_surrogates': 4, 'surrogate_epochs': 80, 'surrogate_lr': 0.01, 'surrogate_bs': 256, 'attack': 'gradmatch', 'class_pairs': ['frog-airplane'], 'budget': 0.01, 'epsilon': 0.0313725, 'pgd_steps': 100, 'pgd_alpha': 0.0039216, 'restarts': 4, 'lambda_margin': 1.0, 'num_targets': 10, 'num_victims': 5, 'target_select': 'random', 'easy_targets': 0.7, 'target_cache_dir': 'result/target_cache', 'parallel_victims': False, 'victim_epochs': 40, 'victim_lr': 0.1, 'victim_bs': 256, 'victim_decay': [35], 'victim_aug': False, 'clean_baseline': False, 'num_clean_victims': None, 'cache_dir': '', 'precompute_only': False, 'base_dist': 'l2', 'random_select': False, 'multilayer': True, 'curv_select': False, 'lambda_curv': 1.0, 'curv_damping': 1.0, 'curv_cg_iters': 10, 'curv_hessian_bs': 512, 'curv_cand_bs': 128, 'exact_select': True, 'if_damping': 0.01, 'if_cg_iters': 100, 'if_cg_tol': 0.0001, 'if_fd_h': 0.01, 'if_last_layer': False, 'if_hess_source': 'syn', 'if_hess_size': 512, 'if_max_surrogates': 1, 'verbose': True, 'single_surrogate': True, 'fast_gradmatch': False, 'surrogate_on_full_data': True, 'victim_pipelines': ['standard'], 'poison_cache_dir': '', 'log_file': ''}
[2026-07-02 16:37:50] victim pipelines (ablations): ['standard']
[2026-07-02 16:38:04] N_total=50000  budget=0.0100 -> N_p=500 poisons (all in y_adv class)

[2026-07-02 16:38:04] === training 4 surrogates (ConvNetBN) on FULL real data (80 ep each) ===
[2026-07-02 16:39:47] Evaluate_00: epoch = 0080 train time = 102 s train loss = 0.002313 train acc = 1.0000, test acc = 0.8302
[2026-07-02 16:41:29] Evaluate_01: epoch = 0080 train time = 101 s train loss = 0.002155 train acc = 1.0000, test acc = 0.8275
[2026-07-02 16:43:11] Evaluate_02: epoch = 0080 train time = 101 s train loss = 0.002432 train acc = 1.0000, test acc = 0.8323
[2026-07-02 16:44:53] Evaluate_03: epoch = 0080 train time = 101 s train loss = 0.002225 train acc = 1.0000, test acc = 0.8331
[2026-07-02 16:44:53] exact-IF Hessian set = 512 real train images

[2026-07-02 16:44:53] ################ pair frog-airplane : y_adv=6(frog)  target_class=0(airplane) ################
  targets (easy, loaded cache result/target_cache/easy_targets_ConvNetBN_frog-airplane_n10_seed0_e0.70.json): [(9613, 'deer'), (2159, 'ship'), (3706, 'deer'), (916, 'cat'), (3051, 'ship'), (5450, 'dog'), (8074, 'horse'), (3208, 'truck'), (3079, 'ship'), (4871, 'horse')]
      [exact] CG iters used per surrogate: [100]
  [frog-airplane t1/10 idx=9613] gradmatch craft_obj=0.2108 linf=0.0314
    [standard] victims: v1 done, v2 done, v3 done, v4 done, v5 done
    [standard | frog-airplane t1/10 idx=9613] poison_CTA=0.8100 poison_ASR=0%
      [exact] CG iters used per surrogate: [100]
  [frog-airplane t2/10 idx=2159] gradmatch craft_obj=0.1736 linf=0.0314
    [standard] victims: v1 done, v2 done, v3 done, v4 done, v5 done
    [standard | frog-airplane t2/10 idx=2159] poison_CTA=0.8150 poison_ASR=0%
      [exact] CG iters used per surrogate: [100]
  [frog-airplane t3/10 idx=3706] gradmatch craft_obj=0.1042 linf=0.0314
    [standard] victims: v1 done, v2 done, v3 done, v4 done, v5 done
    [standard | frog-airplane t3/10 idx=3706] poison_CTA=0.8095 poison_ASR=40%
      [exact] CG iters used per surrogate: [100]
  [frog-airplane t4/10 idx=916] gradmatch craft_obj=0.2205 linf=0.0314
    [standard] victims: v1 done, v2 done, v3 done, v4 done, v5 done
    [standard | frog-airplane t4/10 idx=916] poison_CTA=0.8111 poison_ASR=100%
      [exact] CG iters used per surrogate: [100]
  [frog-airplane t5/10 idx=3051] gradmatch craft_obj=0.1586 linf=0.0314
    [standard] victims: v1 done, v2 done, v3 done, v4 done, v5 done
    [standard | frog-airplane t5/10 idx=3051] poison_CTA=0.8050 poison_ASR=0%
      [exact] CG iters used per surrogate: [100]
  [frog-airplane t6/10 idx=5450] gradmatch craft_obj=0.2931 linf=0.0314
    [standard] victims: v1 done, v2 done, v3 done, v4 done, v5 done
    [standard | frog-airplane t6/10 idx=5450] poison_CTA=0.8038 poison_ASR=20%
      [exact] CG iters used per surrogate: [100]
  [frog-airplane t7/10 idx=8074] gradmatch craft_obj=0.2037 linf=0.0314
    [standard] victims: v1 done, v2 done, v3 done, v4 done, v5 done
    [standard | frog-airplane t7/10 idx=8074] poison_CTA=0.8100 poison_ASR=0%
      [exact] CG iters used per surrogate: [100]
  [frog-airplane t8/10 idx=3208] gradmatch craft_obj=0.1574 linf=0.0314
    [standard] victims: v1 done, v2 done, v3 done, v4 done, v5 done
    [standard | frog-airplane t8/10 idx=3208] poison_CTA=0.8057 poison_ASR=0%
      [exact] CG iters used per surrogate: [100]
  [frog-airplane t9/10 idx=3079] gradmatch craft_obj=0.1358 linf=0.0314
    [standard] victims: v1 done, v2 done, v3 done, v4 done, v5 done
    [standard | frog-airplane t9/10 idx=3079] poison_CTA=0.8094 poison_ASR=80%
      [exact] CG iters used per surrogate: [100]
  [frog-airplane t10/10 idx=4871] gradmatch craft_obj=0.2203 linf=0.0314
    [standard] victims: v1 done, v2 done, v3 done, v4 done, v5 done
    [standard | frog-airplane t10/10 idx=4871] poison_CTA=0.8151 poison_ASR=40%

  ==== pair frog-airplane (gradmatch) summary over 10 targets x 5 victims = 50 votes ====
    [standard                    ] poison CTA = 0.8095 +/- 0.0098   poison ASR = 28.0% +/- 44.9%
      tally (['airplane', 'automobile', 'bird', 'cat', 'deer', 'dog', 'frog', 'horse', 'ship', 'truck']): [0, 0, 1, 6, 8, 6, 14, 5, 3, 7]

[2026-07-02 17:31:42] wrote results_s

=== main_FC.sh started 2026-07-02 16:38:12 — logging to logs/main_FC_20260702_163812.log ===
=== [2026-07-02 16:38:12] budget=0.005 ===
[2026-07-02 16:38:19] device=cuda
[2026-07-02 16:38:19] hyperparams: {'dataset': 'CIFAR10', 'data_path': '/home/mmoslem3/scratch/data', 'model': 'ConvNetBN', 'out_dir': 'result/standard_nodistill', 'seed': 0, 'target_idx_file': None, 'dsa_strategy': 'color_crop_cutout_flip_scale_rotate', 'syn_data_path': 'result/res_DM_CIFAR10_ConvNet_50ipc.pt', 'surrogate_model': 'ConvNetBN', 'num_surrogates': 4, 'surrogate_epochs': 80, 'surrogate_lr': 0.01, 'surrogate_bs': 256, 'attack': 'gradmatch', 'class_pairs': ['frog-airplane'], 'budget': 0.005, 'epsilon': 0.0313725, 'pgd_steps': 100, 'pgd_alpha': 0.0039216, 'restarts': 4, 'lambda_margin': 1.0, 'num_targets': 10, 'num_victims': 5, 'target_select': 'random', 'easy_targets': 0.7, 'target_cache_dir': 'result/target_cache', 'parallel_victims': False, 'victim_epochs': 40, 'victim_lr': 0.1, 'victim_bs': 256, 'victim_decay': [35], 'victim_aug': False, 'clean_baseline': False, 'num_clean_victims': None, 'cache_dir': '', 'precompute_only': False, 'base_dist': 'l2', 'random_select': False, 'multilayer': True, 'curv_select': False, 'lambda_curv': 1.0, 'curv_damping': 1.0, 'curv_cg_iters': 10, 'curv_hessian_bs': 512, 'curv_cand_bs': 128, 'exact_select': True, 'if_damping': 0.01, 'if_cg_iters': 100, 'if_cg_tol': 0.0001, 'if_fd_h': 0.01, 'if_last_layer': False, 'if_hess_source': 'syn', 'if_hess_size': 512, 'if_max_surrogates': 1, 'verbose': True, 'single_surrogate': True, 'fast_gradmatch': False, 'surrogate_on_full_data': True, 'victim_pipelines': ['standard'], 'poison_cache_dir': '', 'log_file': ''}
[2026-07-02 16:38:19] victim pipelines (ablations): ['standard']
[2026-07-02 16:38:31] N_total=50000  budget=0.0050 -> N_p=250 poisons (all in y_adv class)

[2026-07-02 16:38:31] === training 4 surrogates (ConvNetBN) on FULL real data (80 ep each) ===
[2026-07-02 16:40:14] Evaluate_00: epoch = 0080 train time = 102 s train loss = 0.002279 train acc = 1.0000, test acc = 0.8320
[2026-07-02 16:41:56] Evaluate_01: epoch = 0080 train time = 101 s train loss = 0.002281 train acc = 1.0000, test acc = 0.8326
[2026-07-02 16:43:38] Evaluate_02: epoch = 0080 train time = 101 s train loss = 0.002285 train acc = 1.0000, test acc = 0.8257
[2026-07-02 16:45:20] Evaluate_03: epoch = 0080 train time = 101 s train loss = 0.002212 train acc = 1.0000, test acc = 0.8292
[2026-07-02 16:45:20] exact-IF Hessian set = 512 real train images

[2026-07-02 16:45:20] ################ pair frog-airplane : y_adv=6(frog)  target_class=0(airplane) ################
  targets (easy, loaded cache result/target_cache/easy_targets_ConvNetBN_frog-airplane_n10_seed0_e0.70.json): [(9613, 'deer'), (2159, 'ship'), (3706, 'deer'), (916, 'cat'), (3051, 'ship'), (5450, 'dog'), (8074, 'horse'), (3208, 'truck'), (3079, 'ship'), (4871, 'horse')]
      [exact] CG iters used per surrogate: [100]
  [frog-airplane t1/10 idx=9613] gradmatch craft_obj=0.1258 linf=0.0314
    [standard] victims: v1 done, v2 done, v3 done, v4 done, v5 done
    [standard | frog-airplane t1/10 idx=9613] poison_CTA=0.8138 poison_ASR=40%
      [exact] CG iters used per surrogate: [100]
  [frog-airplane t2/10 idx=2159] gradmatch craft_obj=0.1731 linf=0.0314
    [standard] victims: v1 done, v2 done, v3 done, v4 done, v5 done
    [standard | frog-airplane t2/10 idx=2159] poison_CTA=0.8119 poison_ASR=0%
      [exact] CG iters used per surrogate: [100]
  [frog-airplane t3/10 idx=3706] gradmatch craft_obj=0.0983 linf=0.0314
    [standard] victims: v1 done, v2 done, v3 done, v4 done, v5 done
    [standard | frog-airplane t3/10 idx=3706] poison_CTA=0.8077 poison_ASR=0%
      [exact] CG iters used per surrogate: [100]
  [frog-airplane t4/10 idx=916] gradmatch craft_obj=0.1824 linf=0.0314
    [standard] victims: v1 done, v2 done, v3 done, v4 done, v5 done
    [standard | frog-airplane t4/10 idx=916] poison_CTA=0.8086 poison_ASR=80%
      [exact] CG iters used per surrogate: [100]
  [frog-airplane t5/10 idx=3051] gradmatch craft_obj=0.1462 linf=0.0314
    [standard] victims: v1 done, v2 done, v3 done, v4 done, v5 done
    [standard | frog-airplane t5/10 idx=3051] poison_CTA=0.8095 poison_ASR=0%
      [exact] CG iters used per surrogate: [100]
  [frog-airplane t6/10 idx=5450] gradmatch craft_obj=0.2111 linf=0.0314
    [standard] victims: v1 done, v2 done, v3 done, v4 done, v5 done
    [standard | frog-airplane t6/10 idx=5450] poison_CTA=0.8033 poison_ASR=40%
      [exact] CG iters used per surrogate: [100]
  [frog-airplane t7/10 idx=8074] gradmatch craft_obj=0.2634 linf=0.0314
    [standard] victims: v1 done, v2 done, v3 done, v4 done, v5 done
    [standard | frog-airplane t7/10 idx=8074] poison_CTA=0.8040 poison_ASR=0%
      [exact] CG iters used per surrogate: [100]
  [frog-airplane t8/10 idx=3208] gradmatch craft_obj=0.1258 linf=0.0314
    [standard] victims: v1 done, v2 done, v3 done, v4 done, v5 done
    [standard | frog-airplane t8/10 idx=3208] poison_CTA=0.8104 poison_ASR=0%
      [exact] CG iters used per surrogate: [100]
  [frog-airplane t9/10 idx=3079] gradmatch craft_obj=0.1364 linf=0.0314
    [standard] victims: v1 done, v2 done, v3 done, v4 done, v5 done
    [standard | frog-airplane t9/10 idx=3079] poison_CTA=0.8123 poison_ASR=0%
      [exact] CG iters used per surrogate: [100]
  [frog-airplane t10/10 idx=4871] gradmatch craft_obj=0.1557 linf=0.0314
    [standard] victims: v1 done, v2 done, v3 done, v4 done, v5 done
    [standard | frog-airplane t10/10 idx=4871] poison_CTA=0.8081 poison_ASR=20%

  ==== pair frog-airplane (gradmatch) summary over 10 targets x 5 victims = 50 votes ====
    [standard                    ] poison CTA = 0.8090 +/- 0.0087   poison ASR = 18.0% +/- 38.4%
      tally (['airplane', 'automobile', 'bird', 'cat', 'deer', 'dog', 'frog', 'horse', 'ship', 'truck']): [0, 2, 2, 7, 7, 3, 9, 3, 8, 9]

[2026-07-02 17:30:04] wrote results_standard_nodistill_gradmatch_ConvNetBN_b50_eps8.{json,csv} to result/standard_nodistill
main_FC.sh: line 78: syntax error near unexpected token `)'
main_FC.sh: line 78: `rage)'
timed out waiting for input: auto-logouttack$ 
srun: error: rack04-

=== main_FC.sh started 2026-07-02 16:38:47 — logging to logs/main_FC_20260702_163847.log ===
=== [2026-07-02 16:38:47] budget=0.002 ===
[2026-07-02 16:38:54] device=cuda
[2026-07-02 16:38:54] hyperparams: {'dataset': 'CIFAR10', 'data_path': '/home/mmoslem3/scratch/data', 'model': 'ConvNetBN', 'out_dir': 'result/standard_nodistill', 'seed': 0, 'target_idx_file': None, 'dsa_strategy': 'color_crop_cutout_flip_scale_rotate', 'syn_data_path': 'result/res_DM_CIFAR10_ConvNet_50ipc.pt', 'surrogate_model': 'ConvNetBN', 'num_surrogates': 4, 'surrogate_epochs': 80, 'surrogate_lr': 0.01, 'surrogate_bs': 256, 'attack': 'gradmatch', 'class_pairs': ['frog-airplane'], 'budget': 0.002, 'epsilon': 0.0313725, 'pgd_steps': 100, 'pgd_alpha': 0.0039216, 'restarts': 4, 'lambda_margin': 1.0, 'num_targets': 10, 'num_victims': 5, 'target_select': 'random', 'easy_targets': 0.7, 'target_cache_dir': 'result/target_cache', 'parallel_victims': False, 'victim_epochs': 40, 'victim_lr': 0.1, 'victim_bs': 256, 'victim_decay': [35], 'victim_aug': False, 'clean_baseline': False, 'num_clean_victims': None, 'cache_dir': '', 'precompute_only': False, 'base_dist': 'l2', 'random_select': False, 'multilayer': True, 'curv_select': False, 'lambda_curv': 1.0, 'curv_damping': 1.0, 'curv_cg_iters': 10, 'curv_hessian_bs': 512, 'curv_cand_bs': 128, 'exact_select': True, 'if_damping': 0.01, 'if_cg_iters': 100, 'if_cg_tol': 0.0001, 'if_fd_h': 0.01, 'if_last_layer': False, 'if_hess_source': 'syn', 'if_hess_size': 512, 'if_max_surrogates': 1, 'verbose': True, 'single_surrogate': True, 'fast_gradmatch': False, 'surrogate_on_full_data': True, 'victim_pipelines': ['standard'], 'poison_cache_dir': '', 'log_file': ''}
[2026-07-02 16:38:54] victim pipelines (ablations): ['standard']
[2026-07-02 16:39:06] N_total=50000  budget=0.0020 -> N_p=100 poisons (all in y_adv class)

[2026-07-02 16:39:07] === training 4 surrogates (ConvNetBN) on FULL real data (80 ep each) ===
[2026-07-02 16:40:49] Evaluate_00: epoch = 0080 train time = 101 s train loss = 0.002204 train acc = 1.0000, test acc = 0.8306
[2026-07-02 16:42:31] Evaluate_01: epoch = 0080 train time = 101 s train loss = 0.002291 train acc = 1.0000, test acc = 0.8289
[2026-07-02 16:44:13] Evaluate_02: epoch = 0080 train time = 101 s train loss = 0.002262 train acc = 1.0000, test acc = 0.8357
[2026-07-02 16:45:55] Evaluate_03: epoch = 0080 train time = 101 s train loss = 0.002229 train acc = 1.0000, test acc = 0.8337
[2026-07-02 16:45:55] exact-IF Hessian set = 512 real train images

[2026-07-02 16:45:55] ################ pair frog-airplane : y_adv=6(frog)  target_class=0(airplane) ################
  targets (easy, loaded cache result/target_cache/easy_targets_ConvNetBN_frog-airplane_n10_seed0_e0.70.json): [(9613, 'deer'), (2159, 'ship'), (3706, 'deer'), (916, 'cat'), (3051, 'ship'), (5450, 'dog'), (8074, 'horse'), (3208, 'truck'), (3079, 'ship'), (4871, 'horse')]
      [exact] CG iters used per surrogate: [100]
  [frog-airplane t1/10 idx=9613] gradmatch craft_obj=0.1345 linf=0.0314
    [standard] victims: v1 done, v2 done, v3 done, v4 done, v5 done
    [standard | frog-airplane t1/10 idx=9613] poison_CTA=0.8107 poison_ASR=0%
      [exact] CG iters used per surrogate: [100]
  [frog-airplane t2/10 idx=2159] gradmatch craft_obj=0.1645 linf=0.0314
    [standard] victims: v1 done, v2 done, v3 done, v4 done, v5 done
    [standard | frog-airplane t2/10 idx=2159] poison_CTA=0.8136 poison_ASR=20%
      [exact] CG iters used per surrogate: [100]
  [frog-airplane t3/10 idx=3706] gradmatch craft_obj=0.1701 linf=0.0314
    [standard] victims: v1 done, v2 done, v3 done, v4 done, v5 done
    [standard | frog-airplane t3/10 idx=3706] poison_CTA=0.8104 poison_ASR=0%
      [exact] CG iters used per surrogate: [100]
  [frog-airplane t4/10 idx=916] gradmatch craft_obj=0.1633 linf=0.0314
    [standard] victims: v1 done, v2 done, v3 done, v4 done, v5 done
    [standard | frog-airplane t4/10 idx=916] poison_CTA=0.8126 poison_ASR=80%
      [exact] CG iters used per surrogate: [100]
  [frog-airplane t5/10 idx=3051] gradmatch craft_obj=0.1558 linf=0.0314
    [standard] victims: v1 done, v2 done, v3 done, v4 done, v5 done
    [standard | frog-airplane t5/10 idx=3051] poison_CTA=0.8143 poison_ASR=0%
      [exact] CG iters used per surrogate: [100]
  [frog-airplane t6/10 idx=5450] gradmatch craft_obj=0.2050 linf=0.0314
    [standard] victims: v1 done, v2 done, v3 done, v4 done, v5 done
    [standard | frog-airplane t6/10 idx=5450] poison_CTA=0.8030 poison_ASR=0%
      [exact] CG iters used per surrogate: [100]
  [frog-airplane t7/10 idx=8074] gradmatch craft_obj=0.1799 linf=0.0314
    [standard] victims: v1 done, v2 done, v3 done, v4 done, v5 done
    [standard | frog-airplane t7/10 idx=8074] poison_CTA=0.8145 poison_ASR=0%
      [exact] CG iters used per surrogate: [100]
  [frog-airplane t8/10 idx=3208] gradmatch craft_obj=0.1134 linf=0.0314
    [standard] victims: v1 done, v2 done, v3 done, v4 done, v5 done
    [standard | frog-airplane t8/10 idx=3208] poison_CTA=0.8051 poison_ASR=0%
      [exact] CG iters used per surrogate: [100]
  [frog-airplane t9/10 idx=3079] gradmatch craft_obj=0.1702 linf=0.0314
    [standard] victims: v1 done, v2 done, v3 done, v4 done, v5 done
    [standard | frog-airplane t9/10 idx=3079] poison_CTA=0.8074 poison_ASR=0%
      [exact] CG iters used per surrogate: [100]
  [frog-airplane t10/10 idx=4871] gradmatch craft_obj=0.1611 linf=0.0314
    [standard] victims: v1 done, v2 done, v3 done, v4 done, v5 done
    [standard | frog-airplane t10/10 idx=4871] poison_CTA=0.8181 poison_ASR=20%

  ==== pair frog-airplane (gradmatch) summary over 10 targets x 5 victims = 50 votes ====
    [standard                    ] poison CTA = 0.8110 +/- 0.0072   poison ASR = 12.0% +/- 32.5%
      tally (['airplane', 'automobile', 'bird', 'cat', 'deer', 'dog', 'frog', 'horse', 'ship', 'truck']): [0, 1, 2, 6, 9, 7, 6, 1, 10, 8]

[2026-07-02 17:29:34] wrote results_standard_nodistill_gradmatch_ConvNetBN_b20_eps8.{json,csv} to result/standard_nodistill
main_FC.sh: line 78: syntax 

=== main_FC.sh started 2026-07-02 16:39:02 — logging to logs/main_FC_20260702_163902.log ===
=== [2026-07-02 16:39:02] budget=0.001 ===
[2026-07-02 16:39:09] device=cuda
[2026-07-02 16:39:09] hyperparams: {'dataset': 'CIFAR10', 'data_path': '/home/mmoslem3/scratch/data', 'model': 'ConvNetBN', 'out_dir': 'result/standard_nodistill', 'seed': 0, 'target_idx_file': None, 'dsa_strategy': 'color_crop_cutout_flip_scale_rotate', 'syn_data_path': 'result/res_DM_CIFAR10_ConvNet_50ipc.pt', 'surrogate_model': 'ConvNetBN', 'num_surrogates': 4, 'surrogate_epochs': 80, 'surrogate_lr': 0.01, 'surrogate_bs': 256, 'attack': 'gradmatch', 'class_pairs': ['frog-airplane'], 'budget': 0.001, 'epsilon': 0.0313725, 'pgd_steps': 100, 'pgd_alpha': 0.0039216, 'restarts': 4, 'lambda_margin': 1.0, 'num_targets': 10, 'num_victims': 5, 'target_select': 'random', 'easy_targets': 0.7, 'target_cache_dir': 'result/target_cache', 'parallel_victims': False, 'victim_epochs': 40, 'victim_lr': 0.1, 'victim_bs': 256, 'victim_decay': [35], 'victim_aug': False, 'clean_baseline': False, 'num_clean_victims': None, 'cache_dir': '', 'precompute_only': False, 'base_dist': 'l2', 'random_select': False, 'multilayer': True, 'curv_select': False, 'lambda_curv': 1.0, 'curv_damping': 1.0, 'curv_cg_iters': 10, 'curv_hessian_bs': 512, 'curv_cand_bs': 128, 'exact_select': True, 'if_damping': 0.01, 'if_cg_iters': 100, 'if_cg_tol': 0.0001, 'if_fd_h': 0.01, 'if_last_layer': False, 'if_hess_source': 'syn', 'if_hess_size': 512, 'if_max_surrogates': 1, 'verbose': True, 'single_surrogate': True, 'fast_gradmatch': False, 'surrogate_on_full_data': True, 'victim_pipelines': ['standard'], 'poison_cache_dir': '', 'log_file': ''}
[2026-07-02 16:39:09] victim pipelines (ablations): ['standard']
[2026-07-02 16:39:22] N_total=50000  budget=0.0010 -> N_p=50 poisons (all in y_adv class)

[2026-07-02 16:39:22] === training 4 surrogates (ConvNetBN) on FULL real data (80 ep each) ===
[2026-07-02 16:41:04] Evaluate_00: epoch = 0080 train time = 102 s train loss = 0.002357 train acc = 1.0000, test acc = 0.8313
[2026-07-02 16:42:47] Evaluate_01: epoch = 0080 train time = 101 s train loss = 0.002269 train acc = 1.0000, test acc = 0.8302
[2026-07-02 16:44:29] Evaluate_02: epoch = 0080 train time = 101 s train loss = 0.002374 train acc = 1.0000, test acc = 0.8310
[2026-07-02 16:46:11] Evaluate_03: epoch = 0080 train time = 101 s train loss = 0.002365 train acc = 1.0000, test acc = 0.8393
[2026-07-02 16:46:11] exact-IF Hessian set = 512 real train images

[2026-07-02 16:46:11] ################ pair frog-airplane : y_adv=6(frog)  target_class=0(airplane) ################
  targets (easy, loaded cache result/target_cache/easy_targets_ConvNetBN_frog-airplane_n10_seed0_e0.70.json): [(9613, 'deer'), (2159, 'ship'), (3706, 'deer'), (916, 'cat'), (3051, 'ship'), (5450, 'dog'), (8074, 'horse'), (3208, 'truck'), (3079, 'ship'), (4871, 'horse')]
      [exact] CG iters used per surrogate: [100]
  [frog-airplane t1/10 idx=9613] gradmatch craft_obj=0.1805 linf=0.0314
    [standard] victims: v1 done, v2 done, v3 done, v4 done, v5 done
    [standard | frog-airplane t1/10 idx=9613] poison_CTA=0.8058 poison_ASR=0%
      [exact] CG iters used per surrogate: [100]
  [frog-airplane t2/10 idx=2159] gradmatch craft_obj=0.1442 linf=0.0314
    [standard] victims: v1 done, v2 done, v3 done, v4 done, v5 done
    [standard | frog-airplane t2/10 idx=2159] poison_CTA=0.8035 poison_ASR=0%
      [exact] CG iters used per surrogate: [100]
  [frog-airplane t3/10 idx=3706] gradmatch craft_obj=0.2020 linf=0.0314
    [standard] victims: v1 done, v2 done, v3 done, v4 done, v5 done
    [standard | frog-airplane t3/10 idx=3706] poison_CTA=0.8090 poison_ASR=0%
      [exact] CG iters used per surrogate: [100]
  [frog-airplane t4/10 idx=916] gradmatch craft_obj=0.2057 linf=0.0314
    [standard] victims: v1 done, v2 done, v3 done, v4 done, v5 done
    [standard | frog-airplane t4/10 idx=916] poison_CTA=0.8137 poison_ASR=0%
      [exact] CG iters used per surrogate: [100]
  [frog-airplane t5/10 idx=3051] gradmatch craft_obj=0.1513 linf=0.0314
    [standard] victims: v1 done, v2 done, v3 done, v4 done, v5 done
    [standard | frog-airplane t5/10 idx=3051] poison_CTA=0.8154 poison_ASR=0%
      [exact] CG iters used per surrogate: [100]
  [frog-airplane t6/10 idx=5450] gradmatch craft_obj=0.2013 linf=0.0314
    [standard] victims: v1 done, v2 done, v3 done, v4 done, v5 done
    [standard | frog-airplane t6/10 idx=5450] poison_CTA=0.8155 poison_ASR=40%
      [exact] CG iters used per surrogate: [100]
  [frog-airplane t7/10 idx=8074] gradmatch craft_obj=0.1732 linf=0.0314
    [standard] victims: v1 done, v2 done, v3 done, v4 done, v5 done
    [standard | frog-airplane t7/10 idx=8074] poison_CTA=0.8127 poison_ASR=0%
      [exact] CG iters used per surrogate: [100]
  [frog-airplane t8/10 idx=3208] gradmatch craft_obj=0.1279 linf=0.0314
    [standard] victims: v1 done, v2 done, v3 done, v4 done, v5 done
    [standard | frog-airplane t8/10 idx=3208] poison_CTA=0.8083 poison_ASR=0%
      [exact] CG iters used per surrogate: [100]
  [frog-airplane t9/10 idx=3079] gradmatch craft_obj=0.2081 linf=0.0314
    [standard] victims: v1 done, v2 done, v3 done, v4 done, v5 done
    [standard | frog-airplane t9/10 idx=3079] poison_CTA=0.8075 poison_ASR=0%
      [exact] CG iters used per surrogate: [100]
  [frog-airplane t10/10 idx=4871] gradmatch craft_obj=0.2305 linf=0.0314
    [standard] victims: v1 done, v2 done, v3 done, v4 done, v5 done
    [standard | frog-airplane t10/10 idx=4871] poison_CTA=0.8082 poison_ASR=0%

  ==== pair frog-airplane (gradmatch) summary over 10 targets x 5 victims = 50 votes ====
    [standard                    ] poison CTA = 0.8100 +/- 0.0089   poison ASR = 4.0% +/- 19.6%
      tally (['airplane', 'automobile', 'bird', 'cat', 'deer', 'dog', 'frog', 'horse', 'ship', 'truck']): [0, 0, 2, 3, 14, 5, 2, 5, 9, 10]

[2026-07-02 17:29:38] wrote resul


(ENV) mmoslem3@rack07-14:~/scratch/DD-attack$ sh main_FC.sh 
=== main_FC.sh started 2026-07-02 16:40:27 — logging to logs/main_FC_20260702_164027.log ===
=== [2026-07-02 16:40:27] budget=0.05 ===
[2026-07-02 16:40:32] --parallel_victims set but <2 GPUs in CUDA_VISIBLE_DEVICES ('0'); running victims sequentially
[2026-07-02 16:40:32] device=cuda
[2026-07-02 16:40:32] hyperparams: {'dataset': 'CIFAR10', 'data_path': '/home/mmoslem3/scratch/data', 'model': 'ConvNetBN', 'out_dir': 'result/standard_nodistill', 'seed': 0, 'target_idx_file': None, 'dsa_strategy': 'color_crop_cutout_flip_scale_rotate', 'syn_data_path': 'result/res_DM_CIFAR10_ConvNet_50ipc.pt', 'surrogate_model': 'ConvNetBN', 'num_surrogates': 4, 'surrogate_epochs': 80, 'surrogate_lr': 0.01, 'surrogate_bs': 256, 'attack': 'gradmatch', 'class_pairs': ['frog-airplane'], 'budget': 0.05, 'epsilon': 0.0313725, 'pgd_steps': 100, 'pgd_alpha': 0.0039216, 'restarts': 4, 'lambda_margin': 1.0, 'num_targets': 10, 'num_victims': 5, 'target_select': 'random', 'easy_targets': 0.7, 'target_cache_dir': 'result/target_cache', 'parallel_victims': True, 'victim_epochs': 40, 'victim_lr': 0.1, 'victim_bs': 256, 'victim_decay': [35], 'victim_aug': False, 'clean_baseline': False, 'num_clean_victims': None, 'cache_dir': '', 'precompute_only': False, 'base_dist': 'l2', 'random_select': True, 'multilayer': True, 'curv_select': False, 'lambda_curv': 1.0, 'curv_damping': 1.0, 'curv_cg_iters': 10, 'curv_hessian_bs': 512, 'curv_cand_bs': 128, 'exact_select': False, 'if_damping': 0.01, 'if_cg_iters': 100, 'if_cg_tol': 0.0001, 'if_fd_h': 0.01, 'if_last_layer': False, 'if_hess_source': 'syn', 'if_hess_size': 0, 'if_max_surrogates': 0, 'verbose': False, 'single_surrogate': True, 'fast_gradmatch': False, 'surrogate_on_full_data': True, 'victim_pipelines': ['standard'], 'poison_cache_dir': '', 'log_file': ''}
[2026-07-02 16:40:32] victim pipelines (ablations): ['standard']
[2026-07-02 16:40:44] N_total=50000  budget=0.0500 -> N_p=2500 poisons (all in y_adv class)

[2026-07-02 16:40:44] === training 4 surrogates (ConvNetBN) on FULL real data (80 ep each) ===
[2026-07-02 16:42:27] Evaluate_00: epoch = 0080 train time = 101 s train loss = 0.002349 train acc = 1.0000, test acc = 0.8329
[2026-07-02 16:44:08] Evaluate_01: epoch = 0080 train time = 101 s train loss = 0.002299 train acc = 1.0000, test acc = 0.8300
[2026-07-02 16:45:50] Evaluate_02: epoch = 0080 train time = 101 s train loss = 0.002224 train acc = 1.0000, test acc = 0.8284
[2026-07-02 16:47:32] Evaluate_03: epoch = 0080 train time = 101 s train loss = 0.002297 train acc = 1.0000, test acc = 0.8312

[2026-07-02 16:47:32] ################ pair frog-airplane : y_adv=6(frog)  target_class=0(airplane) ################
  targets (easy, loaded cache result/target_cache/easy_targets_ConvNetBN_frog-airplane_n10_seed0_e0.70.json): [(9613, 'deer'), (2159, 'ship'), (3706, 'deer'), (916, 'cat'), (3051, 'ship'), (5450, 'dog'), (8074, 'horse'), (3208, 'truck'), (3079, 'ship'), (4871, 'horse')]
  [frog-airplane t1/10 idx=9613] gradmatch craft_obj=0.1254 linf=0.0314
    [standard] victims: v1 done, v2 done, v3 done, v4 done, v5 done
    [standard | frog-airplane t1/10 idx=9613] poison_CTA=0.8102 poison_ASR=100%
  [frog-airplane t2/10 idx=2159] gradmatch craft_obj=0.1540 linf=0.0314
    [standard] victims: v1 done, v2 done, v3 done, v4 done, v5 done
    [standard | frog-airplane t2/10 idx=2159] poison_CTA=0.8063 poison_ASR=40%
  [frog-airplane t3/10 idx=3706] gradmatch craft_obj=0.1032 linf=0.0314
    [standard] victims: v1 done, v2 done, v3 done, v4 done, v5 done
    [standard | frog-airplane t3/10 idx=3706] poison_CTA=0.8035 poison_ASR=100%
  [frog-airplane t4/10 idx=916] gradmatch craft_obj=0.1621 linf=0.0314
    [standard] victims: v1 done, v2 done, v3 done, v4 done, v5 done
    [standard | frog-airplane t4/10 idx=916] poison_CTA=0.8005 poison_ASR=100%
  [frog-airplane t5/10 idx=3051] gradmatch craft_obj=0.1910 linf=0.0314
    [standard] victims: v1 done, v2 done, v3 done, v4 done, v5 done
    [standard | frog-airplane t5/10 idx=3051] poison_CTA=0.7990 poison_ASR=80%
  [frog-airplane t6/10 idx=5450] gradmatch craft_obj=0.2248 linf=0.0314
    [standard] victims: v1 done, v2 done, v3 done, v4 done, v5 done
    [standard | frog-airplane t6/10 idx=5450] poison_CTA=0.8041 poison_ASR=100%
  [frog-airplane t7/10 idx=8074] gradmatch craft_obj=0.1676 linf=0.0314
    [standard] victims: v1 done, v2 done, v3 done, v4 done, v5 done
    [standard | frog-airplane t7/10 idx=8074] poison_CTA=0.8088 poison_ASR=80%
  [frog-airplane t8/10 idx=3208] gradmatch craft_obj=0.1141 linf=0.0314
    [standard] victims: v1 done, v2 done, v3 done, v4 done, v5 done
    [standard | frog-airplane t8/10 idx=3208] poison_CTA=0.8091 poison_ASR=0%
  [frog-airplane t9/10 idx=3079] gradmatch craft_obj=0.1240 linf=0.0314
    [standard] victims: v1 done, v2 done, v3 done, v4 done, v5 done
    [standard | frog-airplane t9/10 idx=3079] poison_CTA=0.8025 poison_ASR=0%
  [frog-airplane t10/10 idx=4871] gradmatch craft_obj=0.1726 linf=0.0314
    [standard] victims: v1 done, v2 done, v3 done, v4 done, v5 done
    [standard | frog-airplane t10/10 idx=4871] poison_CTA=0.8110 poison_ASR=100%

  ==== pair frog-airplane (gradmatch) summary over 10 targets x 5 victims = 50 votes ====
    [standard                    ] poison CTA = 0.8055 +/- 0.0086   poison ASR = 70.0% +/- 45.8%
      tally (['airplane', 'automobile', 'bird', 'cat', 'deer', 'dog', 'frog', 'horse', 'ship', 'truck']): [0, 1, 0, 0, 0, 1, 35, 1, 7, 5]



=== main_FC.sh started 2026-07-02 16:40:55 — logging to logs/main_FC_20260702_164055.log ===
=== [2026-07-02 16:40:56] budget=0.02 ===
[2026-07-02 16:41:00] --parallel_victims set but <2 GPUs in CUDA_VISIBLE_DEVICES ('0'); running victims sequentially
[2026-07-02 16:41:00] device=cuda
[2026-07-02 16:41:00] hyperparams: {'dataset': 'CIFAR10', 'data_path': '/home/mmoslem3/scratch/data', 'model': 'ConvNetBN', 'out_dir': 'result/standard_nodistill', 'seed': 0, 'target_idx_file': None, 'dsa_strategy': 'color_crop_cutout_flip_scale_rotate', 'syn_data_path': 'result/res_DM_CIFAR10_ConvNet_50ipc.pt', 'surrogate_model': 'ConvNetBN', 'num_surrogates': 4, 'surrogate_epochs': 80, 'surrogate_lr': 0.01, 'surrogate_bs': 256, 'attack': 'gradmatch', 'class_pairs': ['frog-airplane'], 'budget': 0.02, 'epsilon': 0.0313725, 'pgd_steps': 100, 'pgd_alpha': 0.0039216, 'restarts': 4, 'lambda_margin': 1.0, 'num_targets': 10, 'num_victims': 5, 'target_select': 'random', 'easy_targets': 0.7, 'target_cache_dir': 'result/target_cache', 'parallel_victims': True, 'victim_epochs': 40, 'victim_lr': 0.1, 'victim_bs': 256, 'victim_decay': [35], 'victim_aug': False, 'clean_baseline': False, 'num_clean_victims': None, 'cache_dir': '', 'precompute_only': False, 'base_dist': 'l2', 'random_select': True, 'multilayer': True, 'curv_select': False, 'lambda_curv': 1.0, 'curv_damping': 1.0, 'curv_cg_iters': 10, 'curv_hessian_bs': 512, 'curv_cand_bs': 128, 'exact_select': False, 'if_damping': 0.01, 'if_cg_iters': 100, 'if_cg_tol': 0.0001, 'if_fd_h': 0.01, 'if_last_layer': False, 'if_hess_source': 'syn', 'if_hess_size': 0, 'if_max_surrogates': 0, 'verbose': False, 'single_surrogate': True, 'fast_gradmatch': False, 'surrogate_on_full_data': True, 'victim_pipelines': ['standard'], 'poison_cache_dir': '', 'log_file': ''}
[2026-07-02 16:41:00] victim pipelines (ablations): ['standard']
[2026-07-02 16:41:13] N_total=50000  budget=0.0200 -> N_p=1000 poisons (all in y_adv class)

[2026-07-02 16:41:13] === training 4 surrogates (ConvNetBN) on FULL real data (80 ep each) ===
[2026-07-02 16:42:55] Evaluate_00: epoch = 0080 train time = 101 s train loss = 0.002311 train acc = 1.0000, test acc = 0.8354
[2026-07-02 16:44:36] Evaluate_01: epoch = 0080 train time = 101 s train loss = 0.002177 train acc = 1.0000, test acc = 0.8275
[2026-07-02 16:46:18] Evaluate_02: epoch = 0080 train time = 101 s train loss = 0.002270 train acc = 1.0000, test acc = 0.8320
[2026-07-02 16:48:00] Evaluate_03: epoch = 0080 train time = 101 s train loss = 0.002299 train acc = 1.0000, test acc = 0.8291

[2026-07-02 16:48:00] ################ pair frog-airplane : y_adv=6(frog)  target_class=0(airplane) ################
  targets (easy, loaded cache result/target_cache/easy_targets_ConvNetBN_frog-airplane_n10_seed0_e0.70.json): [(9613, 'deer'), (2159, 'ship'), (3706, 'deer'), (916, 'cat'), (3051, 'ship'), (5450, 'dog'), (8074, 'horse'), (3208, 'truck'), (3079, 'ship'), (4871, 'horse')]
  [frog-airplane t1/10 idx=9613] gradmatch craft_obj=0.1355 linf=0.0314
    [standard] victims: v1 done, v2 done, v3 done, v4 done, v5 done
    [standard | frog-airplane t1/10 idx=9613] poison_CTA=0.8100 poison_ASR=0%
  [frog-airplane t2/10 idx=2159] gradmatch craft_obj=0.1648 linf=0.0314
    [standard] victims: v1 done, v2 done, v3 done, v4 done, v5 done
    [standard | frog-airplane t2/10 idx=2159] poison_CTA=0.8144 poison_ASR=20%
  [frog-airplane t3/10 idx=3706] gradmatch craft_obj=0.1125 linf=0.0314
    [standard] victims: v1 done, v2 done, v3 done, v4 done, v5 done
    [standard | frog-airplane t3/10 idx=3706] poison_CTA=0.8071 poison_ASR=0%
  [frog-airplane t4/10 idx=916] gradmatch craft_obj=0.1725 linf=0.0314
    [standard] victims: v1 done, v2 done, v3 done, v4 done, v5 done
    [standard | frog-airplane t4/10 idx=916] poison_CTA=0.8106 poison_ASR=100%
  [frog-airplane t5/10 idx=3051] gradmatch craft_obj=0.1506 linf=0.0314
    [standard] victims: v1 done, v2 done, v3 done, v4 done, v5 done
    [standard | frog-airplane t5/10 idx=3051] poison_CTA=0.8072 poison_ASR=0%
  [frog-airplane t6/10 idx=5450] gradmatch craft_obj=0.2081 linf=0.0314
    [standard] victims: v1 done, v2 done, v3 done, v4 done, v5 done
    [standard | frog-airplane t6/10 idx=5450] poison_CTA=0.8047 poison_ASR=20%
  [frog-airplane t7/10 idx=8074] gradmatch craft_obj=0.1892 linf=0.0314
    [standard] victims: v1 done, v2 done, v3 done, v4 done, v5 done
    [standard | frog-airplane t7/10 idx=8074] poison_CTA=0.8053 poison_ASR=0%
  [frog-airplane t8/10 idx=3208] gradmatch craft_obj=0.1388 linf=0.0314
    [standard] victims: v1 done, v2 done, v3 done, v4 done, v5 done
    [standard | frog-airplane t8/10 idx=3208] poison_CTA=0.8115 poison_ASR=20%
  [frog-airplane t9/10 idx=3079] gradmatch craft_obj=0.1598 linf=0.0314
    [standard] victims: v1 done, v2 done, v3 done, v4 done, v5 done
    [standard | frog-airplane t9/10 idx=3079] poison_CTA=0.8003 poison_ASR=0%
  [frog-airplane t10/10 idx=4871] gradmatch craft_obj=0.1553 linf=0.0314
    [standard] victims: v1 done, v2 done, v3 done, v4 done, v5 done
    [standard | frog-airplane t10/10 idx=4871] poison_CTA=0.8089 poison_ASR=0%

  ==== pair frog-airplane (gradmatch) summary over 10 targets x 5 victims = 50 votes ====
    [standard                    ] poison CTA = 0.8080 +/- 0.0114   poison ASR = 16.0% +/- 36.7%
      tally (['airplane', 'automobile', 'bird', 'cat', 'deer', 'dog', 'frog', 'horse', 'ship', 'truck']): [0, 1, 1, 2, 12, 5, 8, 6, 10, 5]

[2026-07-02 17:


=== main_FC.sh started 2026-07-02 16:41:20 — logging to logs/main_FC_20260702_164120.log ===
=== [2026-07-02 16:41:20] budget=0.01 ===
[2026-07-02 16:41:22] --parallel_victims set but <2 GPUs in CUDA_VISIBLE_DEVICES ('0'); running victims sequentially
[2026-07-02 16:41:23] device=cuda
[2026-07-02 16:41:23] hyperparams: {'dataset': 'CIFAR10', 'data_path': '/home/mmoslem3/scratch/data', 'model': 'ConvNetBN', 'out_dir': 'result/standard_nodistill', 'seed': 0, 'target_idx_file': None, 'dsa_strategy': 'color_crop_cutout_flip_scale_rotate', 'syn_data_path': 'result/res_DM_CIFAR10_ConvNet_50ipc.pt', 'surrogate_model': 'ConvNetBN', 'num_surrogates': 4, 'surrogate_epochs': 80, 'surrogate_lr': 0.01, 'surrogate_bs': 256, 'attack': 'gradmatch', 'class_pairs': ['frog-airplane'], 'budget': 0.01, 'epsilon': 0.0313725, 'pgd_steps': 100, 'pgd_alpha': 0.0039216, 'restarts': 4, 'lambda_margin': 1.0, 'num_targets': 10, 'num_victims': 5, 'target_select': 'random', 'easy_targets': 0.7, 'target_cache_dir': 'result/target_cache', 'parallel_victims': True, 'victim_epochs': 40, 'victim_lr': 0.1, 'victim_bs': 256, 'victim_decay': [35], 'victim_aug': False, 'clean_baseline': False, 'num_clean_victims': None, 'cache_dir': '', 'precompute_only': False, 'base_dist': 'l2', 'random_select': True, 'multilayer': True, 'curv_select': False, 'lambda_curv': 1.0, 'curv_damping': 1.0, 'curv_cg_iters': 10, 'curv_hessian_bs': 512, 'curv_cand_bs': 128, 'exact_select': False, 'if_damping': 0.01, 'if_cg_iters': 100, 'if_cg_tol': 0.0001, 'if_fd_h': 0.01, 'if_last_layer': False, 'if_hess_source': 'syn', 'if_hess_size': 0, 'if_max_surrogates': 0, 'verbose': False, 'single_surrogate': True, 'fast_gradmatch': False, 'surrogate_on_full_data': True, 'victim_pipelines': ['standard'], 'poison_cache_dir': '', 'log_file': ''}
[2026-07-02 16:41:23] victim pipelines (ablations): ['standard']
[2026-07-02 16:41:35] N_total=50000  budget=0.0100 -> N_p=500 poisons (all in y_adv class)

[2026-07-02 16:41:35] === training 4 surrogates (ConvNetBN) on FULL real data (80 ep each) ===
[2026-07-02 16:43:17] Evaluate_00: epoch = 0080 train time = 101 s train loss = 0.002330 train acc = 1.0000, test acc = 0.8242
[2026-07-02 16:44:59] Evaluate_01: epoch = 0080 train time = 101 s train loss = 0.002181 train acc = 1.0000, test acc = 0.8323
[2026-07-02 16:46:41] Evaluate_02: epoch = 0080 train time = 101 s train loss = 0.002480 train acc = 1.0000, test acc = 0.8288
[2026-07-02 16:48:24] Evaluate_03: epoch = 0080 train time = 101 s train loss = 0.002279 train acc = 1.0000, test acc = 0.8335

[2026-07-02 16:48:24] ################ pair frog-airplane : y_adv=6(frog)  target_class=0(airplane) ################
  targets (easy, loaded cache result/target_cache/easy_targets_ConvNetBN_frog-airplane_n10_seed0_e0.70.json): [(9613, 'deer'), (2159, 'ship'), (3706, 'deer'), (916, 'cat'), (3051, 'ship'), (5450, 'dog'), (8074, 'horse'), (3208, 'truck'), (3079, 'ship'), (4871, 'horse')]
  [frog-airplane t1/10 idx=9613] gradmatch craft_obj=0.1730 linf=0.0314
    [standard] victims: v1 done, v2 done, v3 done, v4 done, v5 done
    [standard | frog-airplane t1/10 idx=9613] poison_CTA=0.8023 poison_ASR=0%
  [frog-airplane t2/10 idx=2159] gradmatch craft_obj=0.1437 linf=0.0314
    [standard] victims: v1 done, v2 done, v3 done, v4 done, v5 done
    [standard | frog-airplane t2/10 idx=2159] poison_CTA=0.8096 poison_ASR=0%
  [frog-airplane t3/10 idx=3706] gradmatch craft_obj=0.1305 linf=0.0314
    [standard] victims: v1 done, v2 done, v3 done, v4 done, v5 done
    [standard | frog-airplane t3/10 idx=3706] poison_CTA=0.8033 poison_ASR=0%
  [frog-airplane t4/10 idx=916] gradmatch craft_obj=0.1823 linf=0.0314
    [standard] victims: v1 done, v2 done, v3 done, v4 done, v5 done
    [standard | frog-airplane t4/10 idx=916] poison_CTA=0.8133 poison_ASR=100%
  [frog-airplane t5/10 idx=3051] gradmatch craft_obj=0.1945 linf=0.0314
    [standard] victims: v1 done, v2 done, v3 done, v4 done, v5 done
    [standard | frog-airplane t5/10 idx=3051] poison_CTA=0.8112 poison_ASR=0%
  [frog-airplane t6/10 idx=5450] gradmatch craft_obj=0.2297 linf=0.0314
    [standard] victims: v1 done, v2 done, v3 done, v4 done, v5 done
    [standard | frog-airplane t6/10 idx=5450] poison_CTA=0.8074 poison_ASR=40%
  [frog-airplane t7/10 idx=8074] gradmatch craft_obj=0.2124 linf=0.0314
    [standard] victims: v1 done, v2 done, v3 done, v4 done, v5 done
    [standard | frog-airplane t7/10 idx=8074] poison_CTA=0.8105 poison_ASR=0%
  [frog-airplane t8/10 idx=3208] gradmatch craft_obj=0.1303 linf=0.0314
    [standard] victims: v1 done, v2 done, v3 done, v4 done, v5 done
    [standard | frog-airplane t8/10 idx=3208] poison_CTA=0.8071 poison_ASR=0%
  [frog-airplane t9/10 idx=3079] gradmatch craft_obj=0.1631 linf=0.0314
    [standard] victims: v1 done, v2 done, v3 done, v4 done, v5 done
    [standard | frog-airplane t9/10 idx=3079] poison_CTA=0.8119 poison_ASR=0%
  [frog-airplane t10/10 idx=4871] gradmatch craft_obj=0.1792 linf=0.0314
    [standard] victims: v1 done, v2 done, v3 done, v4 done, v5 done
    [standard | frog-airplane t10/10 idx=4871] poison_CTA=0.8110 poison_ASR=0%

  ==== pair frog-airplane (gradmatch) summary over 10 targets x 5 victims = 50 votes ====
    [standard                    ] poison CTA = 0.8088 +/- 0.0073   poison ASR = 14.0% +/- 34.7%
      tally (['airplane', 'automobile', 'bird', 'cat', 'deer', 'dog', 'frog', 'horse', 'ship', 'truck']): [0, 1, 0, 5, 10, 5, 7, 6, 8, 8]

[2026-07-02 17:34:19] wrote results_standard_nodistill_gradmatch_ConvNetBN_b100_eps8.{json,csv} to result/standard_nodistill
=== main_FC.sh fin

(ENV) mmoslem3@rack06-02:~/scratch/DD-attack$ sh main_FC.sh 
=== main_FC.sh started 2026-07-02 16:41:48 — logging to logs/main_FC_20260702_164148.log ===
=== [2026-07-02 16:41:48] budget=0.005 ===
[2026-07-02 16:41:52] --parallel_victims set but <2 GPUs in CUDA_VISIBLE_DEVICES ('0'); running victims sequentially
[2026-07-02 16:41:52] device=cuda
[2026-07-02 16:41:52] hyperparams: {'dataset': 'CIFAR10', 'data_path': '/home/mmoslem3/scratch/data', 'model': 'ConvNetBN', 'out_dir': 'result/standard_nodistill', 'seed': 0, 'target_idx_file': None, 'dsa_strategy': 'color_crop_cutout_flip_scale_rotate', 'syn_data_path': 'result/res_DM_CIFAR10_ConvNet_50ipc.pt', 'surrogate_model': 'ConvNetBN', 'num_surrogates': 4, 'surrogate_epochs': 80, 'surrogate_lr': 0.01, 'surrogate_bs': 256, 'attack': 'gradmatch', 'class_pairs': ['frog-airplane'], 'budget': 0.005, 'epsilon': 0.0313725, 'pgd_steps': 100, 'pgd_alpha': 0.0039216, 'restarts': 4, 'lambda_margin': 1.0, 'num_targets': 10, 'num_victims': 5, 'target_select': 'random', 'easy_targets': 0.7, 'target_cache_dir': 'result/target_cache', 'parallel_victims': True, 'victim_epochs': 40, 'victim_lr': 0.1, 'victim_bs': 256, 'victim_decay': [35], 'victim_aug': False, 'clean_baseline': False, 'num_clean_victims': None, 'cache_dir': '', 'precompute_only': False, 'base_dist': 'l2', 'random_select': True, 'multilayer': True, 'curv_select': False, 'lambda_curv': 1.0, 'curv_damping': 1.0, 'curv_cg_iters': 10, 'curv_hessian_bs': 512, 'curv_cand_bs': 128, 'exact_select': False, 'if_damping': 0.01, 'if_cg_iters': 100, 'if_cg_tol': 0.0001, 'if_fd_h': 0.01, 'if_last_layer': False, 'if_hess_source': 'syn', 'if_hess_size': 0, 'if_max_surrogates': 0, 'verbose': False, 'single_surrogate': True, 'fast_gradmatch': False, 'surrogate_on_full_data': True, 'victim_pipelines': ['standard'], 'poison_cache_dir': '', 'log_file': ''}
[2026-07-02 16:41:52] victim pipelines (ablations): ['standard']
[2026-07-02 16:42:04] N_total=50000  budget=0.0050 -> N_p=250 poisons (all in y_adv class)

[2026-07-02 16:42:04] === training 4 surrogates (ConvNetBN) on FULL real data (80 ep each) ===
[2026-07-02 16:43:46] Evaluate_00: epoch = 0080 train time = 101 s train loss = 0.002321 train acc = 1.0000, test acc = 0.8319
[2026-07-02 16:45:28] Evaluate_01: epoch = 0080 train time = 101 s train loss = 0.002264 train acc = 1.0000, test acc = 0.8304
[2026-07-02 16:47:10] Evaluate_02: epoch = 0080 train time = 101 s train loss = 0.002299 train acc = 1.0000, test acc = 0.8319
[2026-07-02 16:48:52] Evaluate_03: epoch = 0080 train time = 101 s train loss = 0.002400 train acc = 1.0000, test acc = 0.8248

[2026-07-02 16:48:52] ################ pair frog-airplane : y_adv=6(frog)  target_class=0(airplane) ################
  targets (easy, loaded cache result/target_cache/easy_targets_ConvNetBN_frog-airplane_n10_seed0_e0.70.json): [(9613, 'deer'), (2159, 'ship'), (3706, 'deer'), (916, 'cat'), (3051, 'ship'), (5450, 'dog'), (8074, 'horse'), (3208, 'truck'), (3079, 'ship'), (4871, 'horse')]
  [frog-airplane t1/10 idx=9613] gradmatch craft_obj=0.1888 linf=0.0314
    [standard] victims: v1 done, v2 done, v3 done, v4 done, v5 done
    [standard | frog-airplane t1/10 idx=9613] poison_CTA=0.8067 poison_ASR=0%
  [frog-airplane t2/10 idx=2159] gradmatch craft_obj=0.1614 linf=0.0314
    [standard] victims: v1 done, v2 done, v3 done, v4 done, v5 done
    [standard | frog-airplane t2/10 idx=2159] poison_CTA=0.8122 poison_ASR=0%
  [frog-airplane t3/10 idx=3706] gradmatch craft_obj=0.1228 linf=0.0314
    [standard] victims: v1 done, v2 done, v3 done, v4 done, v5 done
    [standard | frog-airplane t3/10 idx=3706] poison_CTA=0.8132 poison_ASR=0%
  [frog-airplane t4/10 idx=916] gradmatch craft_obj=0.2081 linf=0.0314
    [standard] victims: v1 done, v2 done, v3 done, v4 done, v5 done
    [standard | frog-airplane t4/10 idx=916] poison_CTA=0.8096 poison_ASR=20%
  [frog-airplane t5/10 idx=3051] gradmatch craft_obj=0.1971 linf=0.0314
    [standard] victims: v1 done, v2 done, v3 done, v4 done, v5 done
    [standard | frog-airplane t5/10 idx=3051] poison_CTA=0.8077 poison_ASR=0%
  [frog-airplane t6/10 idx=5450] gradmatch craft_obj=0.2445 linf=0.0314
    [standard] victims: v1 done, v2 done, v3 done, v4 done, v5 done
    [standard | frog-airplane t6/10 idx=5450] poison_CTA=0.8131 poison_ASR=20%
  [frog-airplane t7/10 idx=8074] gradmatch craft_obj=0.2035 linf=0.0314
    [standard] victims: v1 done, v2 done, v3 done, v4 done, v5 done
    [standard | frog-airplane t7/10 idx=8074] poison_CTA=0.8096 poison_ASR=0%
  [frog-airplane t8/10 idx=3208] gradmatch craft_obj=0.1200 linf=0.0314
    [standard] victims: v1 done, v2 done, v3 done, v4 done, v5 done
    [standard | frog-airplane t8/10 idx=3208] poison_CTA=0.8124 poison_ASR=0%
  [frog-airplane t9/10 idx=3079] gradmatch craft_obj=0.1944 linf=0.0314
    [standard] victims: v1 done, v2 done, v3 done, v4 done, v5 done
    [standard | frog-airplane t9/10 idx=3079] poison_CTA=0.8082 poison_ASR=0%
  [frog-airplane t10/10 idx=4871] gradmatch craft_obj=0.1759 linf=0.0314
    [standard] victims: v1 done, v2 done, v3 done, v4 done, v5 done
    [standard | frog-airplane t10/10 idx=4871] poison_CTA=0.8111 poison_ASR=0%

  ==== pair frog-airplane (gradmatch) summary over 10 targets x 5 victims = 50 votes ====
    [standard                    ] poison CTA = 0.8104 +/- 0.0074   poison ASR = 4.0% +/- 19.6%
      tally (['airplane', 'automobile', 'bird', 'cat', 'deer', 'dog', 'frog', 'horse', 'ship', 'truck']): [4, 0, 2, 5, 10, 5, 2, 6, 10, 6]

[2026-07-02 17:32:54] wrote results_standard_nodistill_gradmatch_ConvNetBN_b50_eps8.{json,csv} to result/standard_nodistill
=== main_FC.s


=== main_FC.sh started 2026-07-02 16:42:15 — logging to logs/main_FC_20260702_164215.log ===
=== [2026-07-02 16:42:15] budget=0.002 ===
[2026-07-02 16:42:19] --parallel_victims set but <2 GPUs in CUDA_VISIBLE_DEVICES ('0'); running victims sequentially
[2026-07-02 16:42:19] device=cuda
[2026-07-02 16:42:19] hyperparams: {'dataset': 'CIFAR10', 'data_path': '/home/mmoslem3/scratch/data', 'model': 'ConvNetBN', 'out_dir': 'result/standard_nodistill', 'seed': 0, 'target_idx_file': None, 'dsa_strategy': 'color_crop_cutout_flip_scale_rotate', 'syn_data_path': 'result/res_DM_CIFAR10_ConvNet_50ipc.pt', 'surrogate_model': 'ConvNetBN', 'num_surrogates': 4, 'surrogate_epochs': 80, 'surrogate_lr': 0.01, 'surrogate_bs': 256, 'attack': 'gradmatch', 'class_pairs': ['frog-airplane'], 'budget': 0.002, 'epsilon': 0.0313725, 'pgd_steps': 100, 'pgd_alpha': 0.0039216, 'restarts': 4, 'lambda_margin': 1.0, 'num_targets': 10, 'num_victims': 5, 'target_select': 'random', 'easy_targets': 0.7, 'target_cache_dir': 'result/target_cache', 'parallel_victims': True, 'victim_epochs': 40, 'victim_lr': 0.1, 'victim_bs': 256, 'victim_decay': [35], 'victim_aug': False, 'clean_baseline': False, 'num_clean_victims': None, 'cache_dir': '', 'precompute_only': False, 'base_dist': 'l2', 'random_select': True, 'multilayer': True, 'curv_select': False, 'lambda_curv': 1.0, 'curv_damping': 1.0, 'curv_cg_iters': 10, 'curv_hessian_bs': 512, 'curv_cand_bs': 128, 'exact_select': False, 'if_damping': 0.01, 'if_cg_iters': 100, 'if_cg_tol': 0.0001, 'if_fd_h': 0.01, 'if_last_layer': False, 'if_hess_source': 'syn', 'if_hess_size': 0, 'if_max_surrogates': 0, 'verbose': False, 'single_surrogate': True, 'fast_gradmatch': False, 'surrogate_on_full_data': True, 'victim_pipelines': ['standard'], 'poison_cache_dir': '', 'log_file': ''}
[2026-07-02 16:42:19] victim pipelines (ablations): ['standard']
[2026-07-02 16:42:31] N_total=50000  budget=0.0020 -> N_p=100 poisons (all in y_adv class)

[2026-07-02 16:42:31] === training 4 surrogates (ConvNetBN) on FULL real data (80 ep each) ===
[2026-07-02 16:44:13] Evaluate_00: epoch = 0080 train time = 101 s train loss = 0.002318 train acc = 1.0000, test acc = 0.8305
[2026-07-02 16:45:55] Evaluate_01: epoch = 0080 train time = 101 s train loss = 0.002330 train acc = 1.0000, test acc = 0.8307
[2026-07-02 16:47:37] Evaluate_02: epoch = 0080 train time = 101 s train loss = 0.002223 train acc = 1.0000, test acc = 0.8286
[2026-07-02 16:49:19] Evaluate_03: epoch = 0080 train time = 101 s train loss = 0.002265 train acc = 1.0000, test acc = 0.8325

[2026-07-02 16:49:19] ################ pair frog-airplane : y_adv=6(frog)  target_class=0(airplane) ################
  targets (easy, loaded cache result/target_cache/easy_targets_ConvNetBN_frog-airplane_n10_seed0_e0.70.json): [(9613, 'deer'), (2159, 'ship'), (3706, 'deer'), (916, 'cat'), (3051, 'ship'), (5450, 'dog'), (8074, 'horse'), (3208, 'truck'), (3079, 'ship'), (4871, 'horse')]
  [frog-airplane t1/10 idx=9613] gradmatch craft_obj=0.2171 linf=0.0314
    [standard] victims: v1 done, v2 done, v3 done, v4 done, v5 done
    [standard | frog-airplane t1/10 idx=9613] poison_CTA=0.8048 poison_ASR=0%
  [frog-airplane t2/10 idx=2159] gradmatch craft_obj=0.1927 linf=0.0314
    [standard] victims: v1 done, v2 done, v3 done, v4 done, v5 done
    [standard | frog-airplane t2/10 idx=2159] poison_CTA=0.8108 poison_ASR=0%
  [frog-airplane t3/10 idx=3706] gradmatch craft_obj=0.1537 linf=0.0314
    [standard] victims: v1 done, v2 done, v3 done, v4 done, v5 done
    [standard | frog-airplane t3/10 idx=3706] poison_CTA=0.8111 poison_ASR=0%
  [frog-airplane t4/10 idx=916] gradmatch craft_obj=0.2153 linf=0.0314
    [standard] victims: v1 done, v2 done, v3 done, v4 done, v5 done
    [standard | frog-airplane t4/10 idx=916] poison_CTA=0.8095 poison_ASR=0%
  [frog-airplane t5/10 idx=3051] gradmatch craft_obj=0.2386 linf=0.0314
    [standard] victims: v1 done, v2 done, v3 done, v4 done, v5 done
    [standard | frog-airplane t5/10 idx=3051] poison_CTA=0.8061 poison_ASR=0%
  [frog-airplane t6/10 idx=5450] gradmatch craft_obj=0.2928 linf=0.0314
    [standard] victims: v1 done, v2 done, v3 done, v4 done, v5 done
    [standard | frog-airplane t6/10 idx=5450] poison_CTA=0.8137 poison_ASR=0%
  [frog-airplane t7/10 idx=8074] gradmatch craft_obj=0.2113 linf=0.0314
    [standard] victims: v1 done, v2 done, v3 done, v4 done, v5 done
    [standard | frog-airplane t7/10 idx=8074] poison_CTA=0.8117 poison_ASR=0%
  [frog-airplane t8/10 idx=3208] gradmatch craft_obj=0.1523 linf=0.0314
    [standard] victims: v1 done, v2 done, v3 done, v4 done, v5 done
    [standard | frog-airplane t8/10 idx=3208] poison_CTA=0.8174 poison_ASR=0%
  [frog-airplane t9/10 idx=3079] gradmatch craft_obj=0.1939 linf=0.0314
    [standard] victims: v1 done, v2 done, v3 done, v4 done, v5 done
    [standard | frog-airplane t9/10 idx=3079] poison_CTA=0.8129 poison_ASR=0%
  [frog-airplane t10/10 idx=4871] gradmatch craft_obj=0.2253 linf=0.0314
    [standard] victims: v1 done, v2 done, v3 done, v4 done, v5 done
    [standard | frog-airplane t10/10 idx=4871] poison_CTA=0.8033 poison_ASR=0%

  ==== pair frog-airplane (gradmatch) summary over 10 targets x 5 victims = 50 votes ====
    [standard                    ] poison CTA = 0.8101 +/- 0.0083   poison ASR = 0.0% +/- 0.0%
      tally (['airplane', 'automobile', 'bird', 'cat', 'deer', 'dog', 'frog', 'horse', 'ship', 'truck']): [1, 0, 0, 5, 15, 7, 0, 5, 7, 10]

[2026-07-02 17:32:09] wrote results_standard_nodistill_gradmatch_ConvNetBN_b20_eps8.{json,csv} to result/standard_nodistill
=== main_FC

=== main_FC.sh started 2026-07-02 16:42:31 — logging to logs/main_FC_20260702_164231.log ===
=== [2026-07-02 16:42:31] budget=0.001 ===
[2026-07-02 16:42:33] --parallel_victims set but <2 GPUs in CUDA_VISIBLE_DEVICES ('0'); running victims sequentially
[2026-07-02 16:42:34] device=cuda
[2026-07-02 16:42:34] hyperparams: {'dataset': 'CIFAR10', 'data_path': '/home/mmoslem3/scratch/data', 'model': 'ConvNetBN', 'out_dir': 'result/standard_nodistill', 'seed': 0, 'target_idx_file': None, 'dsa_strategy': 'color_crop_cutout_flip_scale_rotate', 'syn_data_path': 'result/res_DM_CIFAR10_ConvNet_50ipc.pt', 'surrogate_model': 'ConvNetBN', 'num_surrogates': 4, 'surrogate_epochs': 80, 'surrogate_lr': 0.01, 'surrogate_bs': 256, 'attack': 'gradmatch', 'class_pairs': ['frog-airplane'], 'budget': 0.001, 'epsilon': 0.0313725, 'pgd_steps': 100, 'pgd_alpha': 0.0039216, 'restarts': 4, 'lambda_margin': 1.0, 'num_targets': 10, 'num_victims': 5, 'target_select': 'random', 'easy_targets': 0.7, 'target_cache_dir': 'result/target_cache', 'parallel_victims': True, 'victim_epochs': 40, 'victim_lr': 0.1, 'victim_bs': 256, 'victim_decay': [35], 'victim_aug': False, 'clean_baseline': False, 'num_clean_victims': None, 'cache_dir': '', 'precompute_only': False, 'base_dist': 'l2', 'random_select': True, 'multilayer': True, 'curv_select': False, 'lambda_curv': 1.0, 'curv_damping': 1.0, 'curv_cg_iters': 10, 'curv_hessian_bs': 512, 'curv_cand_bs': 128, 'exact_select': False, 'if_damping': 0.01, 'if_cg_iters': 100, 'if_cg_tol': 0.0001, 'if_fd_h': 0.01, 'if_last_layer': False, 'if_hess_source': 'syn', 'if_hess_size': 0, 'if_max_surrogates': 0, 'verbose': False, 'single_surrogate': True, 'fast_gradmatch': False, 'surrogate_on_full_data': True, 'victim_pipelines': ['standard'], 'poison_cache_dir': '', 'log_file': ''}
[2026-07-02 16:42:34] victim pipelines (ablations): ['standard']
[2026-07-02 16:42:47] N_total=50000  budget=0.0010 -> N_p=50 poisons (all in y_adv class)

[2026-07-02 16:42:47] === training 4 surrogates (ConvNetBN) on FULL real data (80 ep each) ===
[2026-07-02 16:44:28] Evaluate_00: epoch = 0080 train time = 101 s train loss = 0.002254 train acc = 1.0000, test acc = 0.8296
[2026-07-02 16:46:10] Evaluate_01: epoch = 0080 train time = 101 s train loss = 0.002320 train acc = 1.0000, test acc = 0.8311
[2026-07-02 16:47:52] Evaluate_02: epoch = 0080 train time = 101 s train loss = 0.002361 train acc = 1.0000, test acc = 0.8306
[2026-07-02 16:49:34] Evaluate_03: epoch = 0080 train time = 101 s train loss = 0.002320 train acc = 1.0000, test acc = 0.8319

[2026-07-02 16:49:34] ################ pair frog-airplane : y_adv=6(frog)  target_class=0(airplane) ################
  targets (easy, loaded cache result/target_cache/easy_targets_ConvNetBN_frog-airplane_n10_seed0_e0.70.json): [(9613, 'deer'), (2159, 'ship'), (3706, 'deer'), (916, 'cat'), (3051, 'ship'), (5450, 'dog'), (8074, 'horse'), (3208, 'truck'), (3079, 'ship'), (4871, 'horse')]
  [frog-airplane t1/10 idx=9613] gradmatch craft_obj=0.1745 linf=0.0314
    [standard] victims: v1 done, v2 done, v3 done, v4 done, v5 done
    [standard | frog-airplane t1/10 idx=9613] poison_CTA=0.8118 poison_ASR=0%
  [frog-airplane t2/10 idx=2159] gradmatch craft_obj=0.2132 linf=0.0314
    [standard] victims: v1 done, v2 done, v3 done, v4 done, v5 done
    [standard | frog-airplane t2/10 idx=2159] poison_CTA=0.8086 poison_ASR=0%
  [frog-airplane t3/10 idx=3706] gradmatch craft_obj=0.1712 linf=0.0314
    [standard] victims: v1 done, v2 done, v3 done, v4 done, v5 done
    [standard | frog-airplane t3/10 idx=3706] poison_CTA=0.8066 poison_ASR=0%
  [frog-airplane t4/10 idx=916] gradmatch craft_obj=0.2398 linf=0.0314
    [standard] victims: v1 done, v2 done, v3 done, v4 done, v5 done
    [standard | frog-airplane t4/10 idx=916] poison_CTA=0.8120 poison_ASR=0%
  [frog-airplane t5/10 idx=3051] gradmatch craft_obj=0.2588 linf=0.0314
    [standard] victims: v1 done, v2 done, v3 done, v4 done, v5 done
    [standard | frog-airplane t5/10 idx=3051] poison_CTA=0.8133 poison_ASR=0%
  [frog-airplane t6/10 idx=5450] gradmatch craft_obj=0.3228 linf=0.0314
    [standard] victims: v1 done, v2 done, v3 done, v4 done, v5 done
    [standard | frog-airplane t6/10 idx=5450] poison_CTA=0.8083 poison_ASR=0%
  [frog-airplane t7/10 idx=8074] gradmatch craft_obj=0.2375 linf=0.0314
    [standard] victims: v1 done, v2 done, v3 done, v4 done, v5 done
    [standard | frog-airplane t7/10 idx=8074] poison_CTA=0.8094 poison_ASR=0%
  [frog-airplane t8/10 idx=3208] gradmatch craft_obj=0.1607 linf=0.0314
    [standard] victims: v1 done, v2 done, v3 done, v4 done, v5 done
    [standard | frog-airplane t8/10 idx=3208] poison_CTA=0.8123 poison_ASR=0%
  [frog-airplane t9/10 idx=3079] gradmatch craft_obj=0.2046 linf=0.0314
    [standard] victims: v1 done, v2 done, v3 done, v4 done, v5 done
    [standard | frog-airplane t9/10 idx=3079] poison_CTA=0.8163 poison_ASR=0%
  [frog-airplane t10/10 idx=4871] gradmatch craft_obj=0.2177 linf=0.0314
    [standard] victims: v1 done, v2 done, v3 done, v4 done, v5 done
    [standard | frog-airplane t10/10 idx=4871] poison_CTA=0.8057 poison_ASR=0%

  ==== pair frog-airplane (gradmatch) summary over 10 targets x 5 victims = 50 votes ====
    [standard                    ] poison CTA = 0.8104 +/- 0.0076   poison ASR = 0.0% +/- 0.0%
      tally (['airplane', 'automobile', 'bird', 'cat', 'deer', 'dog', 'frog', 'horse', 'ship', 'truck']): [1, 0, 1, 7, 13, 7, 0, 3, 10, 8]

[2026-07-